duplicateBy,fileName,casNumber,productName,dbId
casNumber,"(1,4,5,6,7,7-六氯-8,9,10-三降冰片-5-烯-2,3-亚基双亚甲基)亚硫酸酯、1,2,3,4,7,7-hexachloro-8,9,10-trinorborn-2-en-5,6-ylenedimethyl、115-29-7.xml",115-29-7,"(1,4,5,6,7,7-六氯-8,9,10-三降冰片-5-烯-2,3-亚基双亚甲基)亚硫酸酯",3021
casNumber,"(1R,2R,4R)-冰片-2-硫氰基醋酸酯、1,7,7-trimethylbicyclo(2,2,1)hept-2-yl thiocyanatoacetate、115-31-1.xml",115-31-1,"(1R,2R,4R)-冰片-2-硫氰基醋酸酯",3022
casNumber,"(1R,4S,4aS,5R,6R,7S,8S,8aR)-1,2,3,4,10,10-六氯-1,4,4a,5,6,7,8,8a-八氢-6,7-环氧-1,4,5,8-二亚甲基萘、dieldrin(not less than 2% but not more than 90%)、60-57-1.xml",60-57-1,"(1R,4S,4aS,5R,6R,7S,8S,8aR)-1,2,3,4,10,10-六氯-1,4,4a,5,6,7,8,8a-八氢-6,7-环氧-1,4,5,8-二亚甲基萘",3023
casNumber,"(1R,4S,5R,8S)-1,2,3,4,10,10-六氯-1,4,4a,5,6,7,8,8a-八氢-6,7-环氧-1,4,5,8-二亚甲基萘[含量＞5%]、1,2,3,4,10,10-hexachloro-6,7-epoxy-1,4,4a,5,6,7,8,8a-octahydro-1,45,8-dimethanonaphthalene(more than 5%)、72-20-8.xml",72-20-8,"(1R,4S,5R,8S)-1,2,3,4,10,10-六氯-1,4,4a,5,6,7,8,8a-八氢-6,7-环氧-1,4,5,8-二亚甲基萘[含量＞5%]",3024
casNumber,(2-氨基甲酰氧乙基)三甲基氯化铵、(2-carbamoyloxyethyl) trimethylammonium chloride、51-83-2.xml,51-83-2,(2-氨基甲酰氧乙基)三甲基氯化铵,3025
casNumber,"(E)-O,O-二甲基-O-[1-甲基-2-(二甲基氨基甲酰)乙烯基]磷酸酯[含量＞25%]、(E)-2-dimethylcarbamoyl-1-methylvinyl dimethyl phosphate(more than 25%)、141-66-2.xml",141-66-2,"(E)-O,O-二甲基-O-[1-甲基-2-(二甲基氨基甲酰)乙烯基]磷酸酯[含量＞25%]",3026
casNumber,"(RS)-α-氰基-3-苯氧基苄基(SR)-3-(2,2-二氯乙烯基)-2,2-二甲基环丙烷羧酸酯、cyclopropanecarboxylic acid, 3-(2,2-dichloroethenyl)-2,2-dimethyl-, cyano(3-phenoxyphenyl)methyl ester、52315-07-8.xml",52315-07-8,"(RS)-α-氰基-3-苯氧基苄基(SR)-3-(2,2-二氯乙烯基)-2,2-二甲基环丙烷羧酸酯",3027
casNumber,0，0-二乙基硫代磷酰氯、0，0-Diethylthiophosphoryl chloride、2524-04-1.xml,2524-04-1,0，0-二乙基硫代磷酰氯,3028
casNumber,"1,1'-偶氮-二-(六氢苄腈)、1,1'-azodi-(hexahydrobenzonitrile)、2094-98-6.xml",2094-98-6,"1,1'-偶氮-二-(六氢苄腈)",3056
casNumber,"1,1,1-三氟乙烷、1,1,1-trifluoroethane、420-46-2.xml",420-46-2,"1,1,1-三氟乙烷",3031
casNumber,"1,1,1-三氯-2,2-双(4-氯苯基)乙烷、1，1，1-Trichloro-2，2-bis(p-chlorophenyl)ethane、50-29-3.xml",50-29-3,"1,1,1-三氯-2,2-双(4-氯苯基)乙烷",3032
casNumber,"1,1,1-三羟甲基丙烷、1,1,1-Trihydroxymethylpropane、77-99-6.xml",77-99-6,"1,1,1-三羟甲基丙烷",3033
casNumber,"1,1,2,2,3,3,4,4,5,5,6,6,7,7,8,8,8-十七氟-1-辛烷磺酸、1-octanesulfonicacid,1,1,2,2,3,3,4,4,5,5,6,6,7,7,8,8,8-heptadecafluoro-,ion(1-)、45298-90-6.xml",45298-90-6,"1,1,2,2,3,3,4,4,5,5,6,6,7,7,8,8,8-十七氟-1-辛烷磺酸",3034
casNumber,"1,1,2,2-四氯乙烷、1,1,2,2-tetrachloroethane、79-34-5.xml",79-34-5,"1,1,2,2-四氯乙烷",3035
casNumber,"1,1,2-三氯-1,2,2-三氟乙烷、1，l，2- Trifluorotrichloroethane-113、76-13-1.xml",76-13-1,"1,1,2-三氯-1,2,2-三氟乙烷",3036
casNumber,"1,1,3,3-四氯丙酮、1,1,3,3-tetrachloroacetone、632-21-3.xml",632-21-3,"1,1,3,3-四氯丙酮",3040
casNumber,"1,1,3,3-四甲基-1-丁硫醇、1,1,3,3-tetramethyl-1-butyl sulfhydrate、141-59-3.xml",141-59-3,"1,1,3,3-四甲基-1-丁硫醇",3037
casNumber,"1,1,3,3-四甲基丁基氢过氧化物[含量≤100%]、1,1,3,3-tetramethylbutyl hydroperoxide (not more than 100%)、5809-08-5.xml",5809-08-5,"1,1,3,3-四甲基丁基氢过氧化物[含量≤100%]",3039
casNumber,"1,1,3,3-四甲基丁基过氧新癸酸酯[含量≤52%,在水中稳定弥散]、1,1,3,3-tetramethylbutyl peroxyneodecanoate (not more than 52% as a stable dispersion in water)、51240-95-0.xml",51240-95-0,"1,1,3,3-四甲基丁基过氧新癸酸酯[含量≤52%,在水中稳定弥散]",3038
casNumber,"1,1,3-三乙氧基己烷、1,1,3-Triethoxyhexane、101-33-7.xml",101-33-7,"1,1,3-三乙氧基己烷",3041
casNumber,"1,1-二(2-甲氧基乙氧基)乙烷、1,1-Di(2-methoxy ethoxy) ethane、10143-67-6.xml",10143-67-6,"1,1-二(2-甲氧基乙氧基)乙烷",3042
casNumber,"1,1-二-(叔丁基过氧)-3,3,5-三甲基环己烷[含量≤57%,含A型稀释剂≥43%]、1,1-di-(tert-butylperoxy)-3,3,5-trimethylcyclohexane (not more than 57%,and diluent type A not less than 43%)、6731-36-8.xml",6731-36-8,"1,1-二-(叔丁基过氧)-3,3,5-三甲基环己烷[含量≤57%,含A型稀释剂≥43%]",3043
casNumber,"1,1-二-(叔丁基过氧)环己烷[含量≤13%, 含A型稀释剂≥13%,含B型稀释剂≥74%]、1,1-di-(tert-butylperoxy)cyclohexane (not more than 13%, and diluent type A not less than 13%,and diluent type B not less than 74%)、3006-86-8.xml",3006-86-8,"1,1-二-(叔丁基过氧)环己烷[含量≤13%, 含A型稀释剂≥13%,含B型稀释剂≥74%]",3044
casNumber,"1,1-二氟乙烯、1,1-difluoroethylene、75-38-7.xml",75-38-7,"1,1-二氟乙烯",3046
casNumber,"1,1-二氯-1-硝基乙烷、1,1-Dichloro-1-nitroethane、594-72-9.xml",594-72-9,"1,1-二氯-1-硝基乙烷",3051
casNumber,"1,1-二氯-2,2-双(4-氯苯基)乙烷、1,1-Dichloro-2,2-bis(4-chlorophenyl)ethane、72-54-8.xml",72-54-8,"1,1-二氯-2,2-双(4-氯苯基)乙烷",3052
casNumber,"1,1-二氯丙酮、1,1-dichloroacetone、513-88-2.xml",513-88-2,"1,1-二氯丙酮",3053
casNumber,"1,1-二氯乙烯、1,1-dichloroethylene、75-35-4.xml",75-35-4,"1,1-二氯乙烯",3055
casNumber,"1,1-二氯乙烷、1,1-dichloroethane、75-34-3.xml",75-34-3,"1,1-二氯乙烷",3054
casNumber,"1,1-二甲基环己烷、1,1-dimethyl cyclohexane、590-66-9.xml",590-66-9,"1,1-二甲基环己烷",3047
casNumber,"1,1-二甲基环戊烷、1,1-dimethyl cyclopentane、1638-26-2.xml",1638-26-2,"1,1-二甲基环戊烷",3048
casNumber,"1,1-二甲基肼、1,1-dimethyl hydrazine、57-14-7.xml",57-14-7,"1,1-二甲基肼",3049
casNumber,"1,1-二甲氧基乙烷、1，1-Dimethoxyethane、534-15-6.xml",534-15-6,"1,1-二甲氧基乙烷",3050
casNumber,"1,2,3,4,10,10-六氯-1,4,4a,5,8,8a-六氢-1,4 ：5,8-桥,挂-二甲撑萘[ 含量＞75%]、Aldrin、309-00-2.xml",309-00-2,"1,2,3,4,10,10-六氯-1,4,4a,5,8,8a-六氢-1,4 ：5,8-桥,挂-二甲撑萘[ 含量＞75%]",3058
casNumber,"1,2,3,4,10,10-六氯-1,4,4a,5,8,8a-六氢-1,4-挂-5,8-挂二亚甲基萘、(1α,4α,4aβ,5β,8β,8aβ)-1,2,3,4,10,10-hexachloro-1,4,4a,5,8,8a-hexahydro-1,45,8-dimethanonaphfthalenee(more than 10%)、465-73-6.xml",465-73-6,"1,2,3,4,10,10-六氯-1,4,4a,5,8,8a-六氢-1,4-挂-5,8-挂二亚甲基萘",3059
casNumber,"1,2,3,4,5,6-六氯环己烷、Hexachlorocyclohexane、608-73-1.xml",608-73-1,"1,2,3,4,5,6-六氯环己烷",3057
casNumber,"1,2,3,4-四氯代苯、1,2,3,4-tetrachlorobenzene、634-66-2.xml",634-66-2,"1,2,3,4-四氯代苯",3060
casNumber,"1,2,3,4-四氯化萘、1,2,3,4-Tetrachloronaphthalene、1335-88-2.xml",1335-88-2,"1,2,3,4-四氯化萘",3061
casNumber,"1,2,3,5-四氯代苯、1,2,3,5-tetrachlorobenzene、634-90-2.xml",634-90-2,"1,2,3,5-四氯代苯",3062
casNumber,"1,2,3,6-四氢化苯甲醛、1,2,3,6-Tetrahydrobenzaldehyde、100-50-5.xml",100-50-5,"1,2,3,6-四氢化苯甲醛",3063
casNumber,"1,2,3-三氯丙烷、1,2,3-trichloropropane、96-18-4.xml",96-18-4,"1,2,3-三氯丙烷",3065
casNumber,"1,2,3-三氯代苯、1,2,3-Trichlorobenzene、87-61-6.xml",87-61-6,"1,2,3-三氯代苯",3066
casNumber,"1,2,3-三甲基苯、1,2,3-trimethylbenzene、526-73-8.xml",526-73-8,"1,2,3-三甲基苯",3064
casNumber,"1,2,4,5,6,7,8,8-八氯-2,3,3a,4,7,7a-六氢-4,7-亚甲基茚、1,2,4,5,6,7,8,8-octachloro-3a,4,7,7a-tetrahydro-4,7-methanoindan、57-74-9.xml",57-74-9,"1,2,4,5,6,7,8,8-八氯-2,3,3a,4,7,7a-六氢-4,7-亚甲基茚",3067
casNumber,"1,2,4,5-四氯代苯、1,2,4,5-tetrachlorobenzene、95-94-3.xml",95-94-3,"1,2,4,5-四氯代苯",3069
casNumber,"1,2,4,5-四甲苯、1,2,4,5-Tetramethylbenzene、95-93-2.xml",95-93-2,"1,2,4,5-四甲苯",3068
casNumber,"1,2,4-三氯代苯、1,2,4-trichlorobenzene、120-82-1.xml",120-82-1,"1,2,4-三氯代苯",3071
casNumber,"1,2,4-三甲基苯、1,2,4-trimethylbenzene、95-63-6.xml",95-63-6,"1,2,4-三甲基苯",3070
casNumber,"1,2,6-己三醇、1,2,6-Hexanetriol、106-69-4.xml",106-69-4,"1,2,6-己三醇",3072
casNumber,"1,2-O-[(1R)-2,2,2-三氯亚乙基]-α-D-呋喃葡糖、(R)-1,2-O-(2,2,2-trichloroethylidene)-α-D-glucofuranose、15879-93-3.xml",15879-93-3,"1,2-O-[(1R)-2,2,2-三氯亚乙基]-α-D-呋喃葡糖",3073
casNumber,"1,2-丙二胺、1,2-propanediamine、78-90-0.xml",78-90-0,"1,2-丙二胺",3076
casNumber,"1,2-乙二胺、1,2-ethylenediamine、107-15-3.xml",107-15-3,"1,2-乙二胺",3100
casNumber,"1,2-二乙基苯、1,2-diethylbenzene、135-01-3.xml",135-01-3,"1,2-二乙基苯",3094
casNumber,"1,2-二氟苯、1,2-difluorobenzene、367-11-3.xml",367-11-3,"1,2-二氟苯",3079
casNumber,"1,2-二氯丙烯、1,2-dichloropropene、563-54-2.xml",563-54-2,"1,2-二氯丙烯",3086
casNumber,"1,2-二氯丙烷、1,2-Dichloropropane、78-87-5.xml",78-87-5,"1,2-二氯丙烷",3085
casNumber,"1,2-二氯乙烯、1,2-dichloroethylene、540-59-0.xml",540-59-0,"1,2-二氯乙烯",3088
casNumber,"1,2-二氯二乙醚、1,2-dichlorodiethyl ether、623-46-1.xml",623-46-1,"1,2-二氯二乙醚",3087
casNumber,"1,2-二氯苯、1,2-dichlorobenzene、95-50-1.xml",95-50-1,"1,2-二氯苯",3084
casNumber,"1,2-二溴-3-丁酮、1，2-Dibromo-3-butanone、25109-57-3.xml",25109-57-3,"1,2-二溴-3-丁酮",3090
casNumber,"1,2-二溴丙烷、1,2-dibromopropane、78-75-1.xml",78-75-1,"1,2-二溴丙烷",3092
casNumber,"1,2-二溴乙烷、1,2-dibromoethane、106-93-4.xml",106-93-4,"1,2-二溴乙烷",3093
casNumber,"1,2-二溴苯、1,2-dibromobenzene、583-53-9.xml",583-53-9,"1,2-二溴苯",3091
casNumber,"1,2-二甲基环己烷、1,2-Dimethyl cyclohexane、583-57-3.xml",583-57-3,"1,2-二甲基环己烷",3081
casNumber,"1,2-二甲基环戊烷、1,2-dimethylcyclopentane、2452-99-5.xml",2452-99-5,"1,2-二甲基环戊烷",3082
casNumber,"1,2-二甲氧基乙烷、1,2-dimethoxyethane、110-71-4.xml",110-71-4,"1,2-二甲氧基乙烷",3083
casNumber,"1,2-二甲苯、1,2-xylene、95-47-6.xml",95-47-6,"1,2-二甲苯",3080
casNumber,"1,2-二硝基苯、1,2-dinitrobenzene、528-29-0.xml",528-29-0,"1,2-二硝基苯",3089
casNumber,"1,2-二苯乙烷、1,2-Diphenylethane、103-29-7.xml",103-29-7,"1,2-二苯乙烷",3078
casNumber,"1,2-二苯肼、1,2-diphenylhydrazine、122-66-7.xml",122-66-7,"1,2-二苯肼",3077
casNumber,"1,2-亚乙基双二硫代氨基甲酸二钠、Dithane D-14、142-59-6.xml",142-59-6,"1,2-亚乙基双二硫代氨基甲酸二钠",3099
casNumber,"1,2-亚乙基双二硫代氨基甲酸铵、Dithane staneless、3566-10-7.xml",3566-10-7,"1,2-亚乙基双二硫代氨基甲酸铵",3098
casNumber,"1,2-环氧-3-乙氧基丙烷、1,2-epoxy-3-ethoxypropane、4016-11-9.xml",4016-11-9,"1,2-环氧-3-乙氧基丙烷",3095
casNumber,"1,2-环氧丁烷、1,2-epoxybutane、106-88-7.xml",106-88-7,"1,2-环氧丁烷",3097
casNumber,"1,2-环氧丙烷、1,2-epoxypropane、75-56-9.xml",75-56-9,"1,2-环氧丙烷",3096
casNumber,"1,2-苯二胺、1,2-diaminobenzene、95-54-5.xml",95-54-5,"1,2-苯二胺",3074
casNumber,"1,2-苯二酚、1,2-benzenediol、120-80-9.xml",120-80-9,"1,2-苯二酚",3075
casNumber,"1,3,3-三乙氧基丙烷、1,3,3-triethoxypropane、7789-92-6.xml",7789-92-6,"1,3,3-三乙氧基丙烷",3101
casNumber,"1,3,4,5,6,7,8,8-八氯-1,3,3a,4,7,7a-六氢-4,7-甲撑异苯并呋喃[含量＞1%]、1,3,4,5,6,7,8,8-octachloro-1,3,3a,4,7,7a-hexahydro-4,7-methanoisobenzofuran(more than 1%)、297-78-9.xml",297-78-9,"1,3,4,5,6,7,8,8-八氯-1,3,3a,4,7,7a-六氢-4,7-甲撑异苯并呋喃[含量＞1%]",3102
casNumber,"1,3,5,7-环辛四烯、1,3,5,7-cyclooctatetraene、629-20-9.xml",629-20-9,"1,3,5,7-环辛四烯",3103
casNumber,"1,3,5-三氯代苯、1,3,5-trichlorobenzene、108-70-3.xml",108-70-3,"1,3,5-三氯代苯",3106
casNumber,"1,3,5-三甲基苯、1,3,5-Trimethylbenzene、108-67-8.xml",108-67-8,"1,3,5-三甲基苯",3105
casNumber,"1,3,5-环庚三烯、1,3,5-Cycioheptatriene、544-25-2.xml",544-25-2,"1,3,5-环庚三烯",3104
casNumber,"1,3-丁二烯[稳定的]、1,3-butadiene、106-99-0.xml",106-99-0,"1,3-丁二烯[稳定的]",3111
casNumber,"1,3-丙二醇、1,3-Propanediol、504-63-2.xml",504-63-2,"1,3-丙二醇",3110
casNumber,"1,3-二乙基硫脲、1,3-Diethylthiourea、105-55-5.xml",105-55-5,"1,3-二乙基硫脲",3131
casNumber,"1,3-二乙基苯、1,3-diethylbenzene、141-93-5.xml",141-93-5,"1,3-二乙基苯",3130
casNumber,"1,3-二氟-2-丙醇、1,3-difluoro-2-propanol、453-13-4.xml",453-13-4,"1,3-二氟-2-丙醇",3112
casNumber,"1,3-二氟丙-2-醇(Ⅰ)与1-氯-3-氟丙-2-醇(Ⅱ)的混合物、1,3-difluoro-propan-2-ol(Ⅰ)and 1-chloro-3-fluoro-propan-2-ool(Ⅱ)mixture、8065-71-2.xml",8065-71-2,"1,3-二氟丙-2-醇(Ⅰ)与1-氯-3-氟丙-2-醇(Ⅱ)的混合物",3114
casNumber,"1,3-二氟苯、1,3-difluorobenzene、372-18-9.xml",372-18-9,"1,3-二氟苯",3113
casNumber,"1,3-二氧戊环、1,3-dioxolane、646-06-0.xml",646-06-0,"1,3-二氧戊环",3129
casNumber,"1,3-二氯-2-丁烯、1,3-Dichloro-2-butene、926-57-8.xml",926-57-8,"1,3-二氯-2-丁烯",3122
casNumber,"1,3-二氯-2-丙醇、1,3-Dichloro-2-propanol、96-23-1.xml",96-23-1,"1,3-二氯-2-丙醇",3121
casNumber,"1,3-二氯丙烯、1,3-dichloropropene、542-75-6.xml",542-75-6,"1,3-二氯丙烯",3126
casNumber,"1,3-二氯丙烷、1,3-dichloropropane、142-28-9.xml",142-28-9,"1,3-二氯丙烷",3125
casNumber,"1,3-二氯丙酮、1,3-dichloroacetone、534-07-6.xml",534-07-6,"1,3-二氯丙酮",3124
casNumber,"1,3-二氯苯、1,3-dichlorobenzene、541-73-1.xml",541-73-1,"1,3-二氯苯",3123
casNumber,"1,3-二甲基丁胺、1,3-dimethylbutylamine、108-09-8.xml",108-09-8,"1,3-二甲基丁胺",3117
casNumber,"1,3-二甲基环戊烷、1,3-dimethyl cyclopentane、2453-00-1.xml",2453-00-1,"1,3-二甲基环戊烷",3119
casNumber,"1,3-二甲氧基丁烷、1,3-Dimethoxybutane、10143-66-5.xml",10143-66-5,"1,3-二甲氧基丁烷",3120
casNumber,"1,3-二甲苯、1,3-xylene、108-38-3.xml",108-38-3,"1,3-二甲苯",3116
casNumber,"1,3-二硝基丙烷、1,3-dinitropropane、6125-21-9.xml",6125-21-9,"1,3-二硝基丙烷",3128
casNumber,"1,3-二硝基苯、1,3-dinitrobenzene、99-65-0.xml",99-65-0,"1,3-二硝基苯",3127
casNumber,"1,3-二磺酰肼苯、Benzene-1,3-disulphohydrazide、26747-93-3.xml",26747-93-3,"1,3-二磺酰肼苯",3115
casNumber,"1,3-己二烯、1,3-hexadiene、592-48-3.xml",592-48-3,"1,3-己二烯",3135
casNumber,"1,3-戊二烯[稳定的]、1,3-pentadiene、504-60-9.xml",504-60-9,"1,3-戊二烯[稳定的]",3136
casNumber,"1,3-环己二烯、1,3-cyclohexadiene、592-57-4.xml",592-57-4,"1,3-环己二烯",3132
casNumber,"1,3-环戊二烯、1,3-cyclopentadiene、542-92-7.xml",542-92-7,"1,3-环戊二烯",3133
casNumber,"1,3-环辛二烯、1,3-cyclooctadiene、3806-59-5.xml",3806-59-5,"1,3-环辛二烯",3134
casNumber,"1,3-苯二磺酸溶液、benzene-1,3-disulfonic acid,solution、98-48-6.xml",98-48-6,"1,3-苯二磺酸溶液",3109
casNumber,"1,3-苯二胺、1,3-phenylene diamine、108-45-2.xml",108-45-2,"1,3-苯二胺",3107
casNumber,"1,3-苯二酚、1,3-benzenediol、108-46-3.xml",108-46-3,"1,3-苯二酚",3108
casNumber,"1,4,5,6,7,8,8-七氯-3a,4,7,7a-四氢-4,7-亚甲基茚、1,4,5,6,7,8,8-heptachloro-3a,4,7,7a-tetrahydro-4,7-methanoindene、76-44-8.xml",76-44-8,"1,4,5,6,7,8,8-七氯-3a,4,7,7a-四氢-4,7-亚甲基茚",3137
casNumber,"1,4-丁二胺、1,4-butanediamine、110-60-1.xml",110-60-1,"1,4-丁二胺",3140
casNumber,"1,4-二乙基苯、1,4-diethylbenzene、105-05-5.xml",105-05-5,"1,4-二乙基苯",3151
casNumber,"1,4-二氟苯、1,4-difluorobenzene、540-36-3.xml",540-36-3,"1,4-二氟苯",3141
casNumber,"1,4-二氧杂环己烷、1,4-dioxane、123-91-1.xml",123-91-1,"1,4-二氧杂环己烷",3150
casNumber,"1,4-二氯-2-丁烯、1,4-Dichloro-2-butene、764-41-0.xml",764-41-0,"1,4-二氯-2-丁烯",3145
casNumber,"1,4-二氯丁烷、1,4-dichlorobutane、110-56-5.xml",110-56-5,"1,4-二氯丁烷",3147
casNumber,"1,4-二氯苯、1,4-dichlorobenzene、106-46-7.xml",106-46-7,"1,4-二氯苯",3146
casNumber,"1,4-二甲基哌嗪、1,4-Dimethyl piperazine、106-58-1.xml",106-58-1,"1,4-二甲基哌嗪",3144
casNumber,"1,4-二甲基环己烷、1,4-Dimethyl cyclohexane、589-90-2.xml",589-90-2,"1,4-二甲基环己烷",3143
casNumber,"1,4-二甲苯、1,4-xylene、106-42-3.xml",106-42-3,"1,4-二甲苯",3142
casNumber,"1,4-二羟基-2-丁炔、2-butyne-1,4-diol、110-65-6.xml",110-65-6,"1,4-二羟基-2-丁炔",3148
casNumber,"1,4-己二烯、1,4-hexadiene、592-45-0.xml",592-45-0,"1,4-己二烯",3153
casNumber,"1,4-戊二烯[稳定的]、1,4-pentadiene,stabilized、591-93-5.xml",591-93-5,"1,4-戊二烯[稳定的]",3154
casNumber,"1,4-环己二烯、1,4-cyclohexadiene、628-41-1.xml",628-41-1,"1,4-环己二烯",3152
casNumber,"1,4-苯二胺、1,4-diaminobenzene、106-50-3.xml",106-50-3,"1,4-苯二胺",3138
casNumber,"1,4-苯二酚、1,4-dihydroxybenzene、123-31-9.xml",123-31-9,"1,4-苯二酚",3139
casNumber,"1,4二硝基苯、1,4-dinitrobenzene、100-25-4.xml",100-25-4,"1,4二硝基苯",3149
casNumber,"1,5-二氯戊烷、1,5-dichloropentane、628-76-2.xml",628-76-2,"1,5-二氯戊烷",3155
casNumber,"1,5-二硝基萘、1,5-Dinitronaphthalene、605-71-0.xml",605-71-0,"1,5-二硝基萘",3157
casNumber,"1,5-二羟基-4,8-二硝基蒽醌、1,5-dihydroxy-4,8-dinitroanthraquinone、128-91-6.xml",128-91-6,"1,5-二羟基-4,8-二硝基蒽醌",3156
casNumber,"1,5-己二烯、1,5-hexadiene、592-42-7.xml",592-42-7,"1,5-己二烯",3159
casNumber,"1,5-戊二胺、1,5-pentanediamine、462-94-2.xml",462-94-2,"1,5-戊二胺",3160
casNumber,"1,5-戊二醇、1,5-Pentadiol、111-29-5.xml",111-29-5,"1,5-戊二醇",3161
casNumber,"1,5-环辛二烯、1,5-cyclooctadiene、111-78-4.xml",111-78-4,"1,5-环辛二烯",3158
casNumber,"1,6-二-(过氧化叔丁基-羰基氧)己烷[含量≤72%,含A型稀释剂≥28%]、1,6-di-(tert-butylperoxycarbonyloxy) hexane (not more than 72%, and diluent type A not less than 28%)、36536-42-2.xml",36536-42-2,"1,6-二-(过氧化叔丁基-羰基氧)己烷[含量≤72%,含A型稀释剂≥28%]",3162
casNumber,"1,6-己二胺、1,6-hexylenediamine、124-09-4.xml",124-09-4,"1,6-己二胺",3163
casNumber,"1,8-二硝基萘、1,8-dinitronaphthalene、602-38-0.xml",602-38-0,"1,8-二硝基萘",3164
casNumber,"1,8-环氧对孟烷、1,8-epoxy-menthane、470-82-6.xml",470-82-6,"1,8-环氧对孟烷",3165
casNumber,"1,8-萘二甲酸酐、1,8-Naphthalic anhydride、81-84-5.xml",81-84-5,"1,8-萘二甲酸酐",3166
casNumber,"1-(2-叔丁基过氧异丙基)-3-异丙烯基苯[含量≤42%,惰性固体含量≥58%]、1-(2-tert-butylperoxyisopropyl)-3-isopropeny benzene(notmorethan42%,andinertsolidnotlessthan58%)、96319-55-0.xml",96319-55-0,"1-(2-叔丁基过氧异丙基)-3-异丙烯基苯[含量≤42%,惰性固体含量≥58%]",3030
casNumber,"1-(2-过氧化乙基己醇-1,3-二甲基丁基过氧化新戊酸酯[含量≤52%,含A型稀释剂≥45%,含B型稀释剂≥10%]、228415-62-1.xml",228415-62-1,"1-(2-过氧化乙基己醇-1,3-二甲基丁基过氧化新戊酸酯[含量≤52%,含A型稀释剂≥45%,含B型稀释剂≥10%]",3029
casNumber,1-丁炔-3-醇、1-butyn-3-ol、2028-63-9.xml,2028-63-9,1-丁炔-3-醇,3176
casNumber,"1-丁炔[稳定的]、1-butyne,stabilized、107-00-6.xml",107-00-6,1-丁炔[稳定的],3175
casNumber,1-丁烯、1-butylene、106-98-9.xml,106-98-9,1-丁烯,3177
casNumber,1-丙醇、1-propyl alcohol、71-23-8.xml,71-23-8,1-丙醇,3170
casNumber,1-乙基丁醇、1-Ethylbutanol、623-37-0.xml,623-37-0,1-乙基丁醇,3227
casNumber,1-二乙基氨基-4-氨基戊烷、1-diethylamino-4-aminopentane、140-80-7.xml,140-80-7,1-二乙基氨基-4-氨基戊烷,3178
casNumber,1-壬烯、1-nonene、124-11-8.xml,124-11-8,1-壬烯,3211
casNumber,1-己炔、1-hexyne、693-02-7.xml,693-02-7,1-己炔,3183
casNumber,1-己烯、1-hexene、592-41-6.xml,592-41-6,1-己烯,3184
casNumber,1-庚炔、1-heptyne、628-71-7.xml,628-71-7,1-庚炔,3180
casNumber,"1-异丙基-3-甲基吡唑-5-基N,N-二甲基氨基甲酸酯[含量＞20%]、1-isopropyl-3-methylpyrazol-5-yldimethylcarbamate (more than 20%)、119-38-0.xml",119-38-0,"1-异丙基-3-甲基吡唑-5-基N,N-二甲基氨基甲酸酯[含量＞20%]",3228
casNumber,1-戊炔、1-pentyne、627-19-0.xml,627-19-0,1-戊炔,3215
casNumber,1-戊烯-3-酮、1-Penten-3-one、1629-58-9.xml,1629-58-9,1-戊烯-3-酮,3217
casNumber,1-戊烯、1-pentene、109-67-1.xml,109-67-1,1-戊烯,3216
casNumber,1-戊硫醇、1-amyl mercaptan、110-66-7.xml,110-66-7,1-戊硫醇,3213
casNumber,1-戊醇、1-amyl alcohol、71-41-0.xml,71-41-0,1-戊醇,3212
casNumber,1-戊醛、Valeraldehyde、110-62-3.xml,110-62-3,1-戊醛,3214
casNumber,"1-氟-2,4-二硝基苯、1-fluoro-2,4-dinitrobenzene、70-34-8.xml",70-34-8,"1-氟-2,4-二硝基苯",3179
casNumber,1-氨基丙烷、1-aminopropane、107-10-8.xml,107-10-8,1-氨基丙烷,3167
casNumber,1-氨基乙醇、1-aminoethanol、75-39-8.xml,75-39-8,1-氨基乙醇,3169
casNumber,1-氨基蒽醌、1-Aminoanthraquinone、82-45-1.xml,82-45-1,1-氨基蒽醌,3168
casNumber,"1-氯-1,1-二氟乙烷、1,1-difluoro-1-chloroethane、75-68-3.xml",75-68-3,"1-氯-1,1-二氟乙烷",3192
casNumber,1-氯-1-硝基丙烷、1-Chloro-1-nitropropane、600-25-9.xml,600-25-9,1-氯-1-硝基丙烷,3193
casNumber,"1-氯-2,2,2-三氟乙烷、1-chloro-2,2,2-trifluoroethane、75-88-7.xml",75-88-7,"1-氯-2,2,2-三氟乙烷",3194
casNumber,"1-氯-2,3-环氧丙烷、1-chloro-2,3-epoxypropane、106-89-8.xml",106-89-8,"1-氯-2,3-环氧丙烷",3195
casNumber,"1-氯-2,4-二硝基苯、1-chloro-2,4-dinitrobenzene、97-00-7.xml",97-00-7,"1-氯-2,4-二硝基苯",3196
casNumber,1-氯-2-丁烯、1-Chloro-2-butene、591-97-9.xml,591-97-9,1-氯-2-丁烯,3198
casNumber,1-氯-2-丙醇、1-Chloro-2-propanol、127-00-4.xml,127-00-4,1-氯-2-丙醇,3197
casNumber,1-氯-2-溴丙烷、1-Chloro-2-bromopropane、3017-95-6.xml,3017-95-6,1-氯-2-溴丙烷,3199
casNumber,1-氯-2-溴乙烷、1-Chloro-2-bromoethane、107-04-0.xml,107-04-0,1-氯-2-溴乙烷,3200
casNumber,1-氯-3-溴丙烷、1-Chloro-3-bromopropane、109-70-6.xml,109-70-6,1-氯-3-溴丙烷,3202
casNumber,1-氯-3-甲基丁烷、1-chloro-3-methylbutane 、107-84-6.xml,107-84-6,1-氯-3-甲基丁烷,3201
casNumber,1-氯丁烷、1-chlorobutane、109-69-3.xml,109-69-3,1-氯丁烷,3204
casNumber,1-氯丙烷、1-chloropropane、540-54-5.xml,540-54-5,1-氯丙烷,3203
casNumber,1-氯化萘、1-Chloronaphthalene、90-13-1.xml,90-13-1,1-氯化萘,3205
casNumber,1-氯戊烷、1-Chloropentane、543-59-9.xml,543-59-9,1-氯戊烷,3206
casNumber,"1-溴-2,4-二硝基苯、1-bromo-2,4-dinitrobenzene、584-48-5.xml",584-48-5,"1-溴-2,4-二硝基苯",3222
casNumber,1-溴-2-甲基丙烷、1-bromo-2-methyl propane、78-77-3.xml,78-77-3,1-溴-2-甲基丙烷,3223
casNumber,1-溴-3-甲基丁烷、1-bromo-3-methylbutane、107-82-4.xml,107-82-4,1-溴-3-甲基丁烷,3224
casNumber,1-溴丁烷、1-bromobutane、109-65-9.xml,109-65-9,1-溴丁烷,3226
casNumber,1-溴丙烷、1-bromopropane、106-94-5.xml,106-94-5,1-溴丙烷,3225
casNumber,1-环己基正丁烷、1-cyclohexylbutane、1678-93-9.xml,1678-93-9,1-环己基正丁烷,3182
casNumber,1-甲基-1-环戊烯、1-Methyl-1-cyclopentene、693-89-0.xml,693-89-0,1-甲基-1-环戊烯,3185
casNumber,1-甲基-3-丙基苯、1-methyl-3-propylbenzene、1074-43-7.xml,1074-43-7,1-甲基-3-丙基苯,3186
casNumber,1-甲基-4-丙基苯、1-methyl-4-propylbenzene、1074-55-1.xml,1074-55-1,1-甲基-4-丙基苯,3187
casNumber,1-甲基异喹啉、1-Methylisoquinoline、1721-93-3.xml,1721-93-3,1-甲基异喹啉,3190
casNumber,1-甲基戊醇、1-methyl pentanol、626-93-7.xml,626-93-7,1-甲基戊醇,3189
casNumber,1-甲基萘、1-methylnaphthalene、90-12-0.xml,90-12-0,1-甲基萘,3188
casNumber,"1-甲氧基-1,3-丁二烯、1-Methoxy-1,3-butadiene、3036-66-6.xml",3036-66-6,"1-甲氧基-1,3-丁二烯",3191
casNumber,1-癸烯、1-decene、872-05-9.xml,872-05-9,1-癸烯,3181
casNumber,1-硝基丁烷、1-nitrobutane、627-05-4.xml,627-05-4,1-硝基丁烷,3218
casNumber,1-硝基萘、1-nitronaphthalene、86-57-7.xml,86-57-7,1-硝基萘,3219
casNumber,1-碘-2-甲基丙烷、1-iodo-2-methylpropane、513-38-2.xml,513-38-2,1-碘-2-甲基丙烷,3171
casNumber,1-碘丁烷、1-iodobutane、542-69-8.xml,542-69-8,1-碘丁烷,3173
casNumber,1-碘丙烷、1-iodopropane、107-08-4.xml,107-08-4,1-碘丙烷,3172
casNumber,1-碘戊烷、1-iodopentane、628-17-1.xml,628-17-1,1-碘戊烷,3174
casNumber,"1-羟环丁-1-烯-3,4-二酮、1-hydroxy-cyclobut-1-ene-3,4-dione、31876-38-7.xml",31876-38-7,"1-羟环丁-1-烯-3,4-二酮",3210
casNumber,1-萘氧基二氯化膦、1-Naphthoxyphosphorus dichloride、91270-74-5.xml,91270-74-5,1-萘氧基二氯化膦,3209
casNumber,1-萘甲腈、1-Naphthonitrile、86-53-3.xml,86-53-3,1-萘甲腈,3208
casNumber,1-萘胺、1-naphthylamine、134-32-7.xml,134-32-7,1-萘胺,3207
casNumber,1-辛炔、1-octyne、629-05-0.xml,629-05-0,1-辛炔,3220
casNumber,1-辛烯、1-octene、111-66-0.xml,111-66-0,1-辛烯,3221
casNumber,10-氮杂蒽、10-azaanthracene、260-94-6.xml,260-94-6,10-氮杂蒽,3855
casNumber,"2,2'-二羟基二乙胺、2,2'-iminodiethanol、111-42-2.xml",111-42-2,"2,2'-二羟基二乙胺",3255
casNumber,"2,2'-偶氮-二-(2,4-二甲基-4-甲氧基戊腈)、2,2’-azodi-(2,4-dimethyl-4-metho-xyvaleronitrile)、15545-97-8.xml",15545-97-8,"2,2'-偶氮-二-(2,4-二甲基-4-甲氧基戊腈)",3258
casNumber,"2,2'-偶氮-二-(2,4-二甲基戊腈)、2,2’-azodi-(2,4-dimethyl valeronitrile)、4419-11-8.xml",4419-11-8,"2,2'-偶氮-二-(2,4-二甲基戊腈)",3259
casNumber,"2,2'-偶氮-二-(2-甲基丁腈)、2,2’-azodi-(2-methylbutyronitrile)、13472-08-7.xml",13472-08-7,"2,2'-偶氮-二-(2-甲基丁腈)",3261
casNumber,"2,2'-偶氮二-(2-甲基丙酸乙酯)、2,2'-azodi(ethyl-2-methylpropionate)、3879-07-0.xml",3879-07-0,"2,2'-偶氮二-(2-甲基丙酸乙酯)",3260
casNumber,"2,2'-偶氮二异丁腈、2,2'-azodiisobutyronitrile、78-67-1.xml",78-67-1,"2,2'-偶氮二异丁腈",3262
casNumber,"2,2,2-三氟乙醇、2,2,2-trifluoroethyl alcohol、75-89-8.xml",75-89-8,"2,2,2-三氟乙醇",3233
casNumber,"2,2,3',3'-四甲基丁烷、2,2,3',3'-tetramethylbutane、594-82-1.xml",594-82-1,"2,2,3',3'-四甲基丁烷",3234
casNumber,"2,2,3-三甲基丁烷、2,2,3-Trimethyl butane、464-06-2.xml",464-06-2,"2,2,3-三甲基丁烷",3235
casNumber,"2,2,3-三甲基戊烷、2,2,3-trimethylpentane、564-02-3.xml",564-02-3,"2,2,3-三甲基戊烷",3236
casNumber,"2,2,4-三甲基己烷、2,2,4-trimethyl hexane、16747-26-5.xml",16747-26-5,"2,2,4-三甲基己烷",3238
casNumber,"2,2,4-三甲基戊烷、2,2,4-trimethylpentane、540-84-1.xml",540-84-1,"2,2,4-三甲基戊烷",3239
casNumber,"2,2,5-三甲基己烷、2,2,5-trimethylhexane、3522-94-9.xml",3522-94-9,"2,2,5-三甲基己烷",3240
casNumber,"2,2-二-(叔丁基过氧)丁烷[含量≤52%,含A型稀释剂≥48%]、2,2-di-(tert-butylperoxy)butane (not more than 52%,and diluent type A not less than 48%)、2167-23-9.xml",2167-23-9,"2,2-二-(叔丁基过氧)丁烷[含量≤52%,含A型稀释剂≥48%]",3243
casNumber,"2,2-二-(叔丁基过氧)丙烷[含量≤42%,含A型稀释剂≥13%,惰性固体含量≥45%]、2,2-di-(tert-butylperoxy)propane (not more than 42%, and diluent type A not less than 13%,and inert solid not less than 45%)、4262-61-7.xml",4262-61-7,"2,2-二-(叔丁基过氧)丙烷[含量≤42%,含A型稀释剂≥13%,惰性固体含量≥45%]",3242
casNumber,"2,2-二-(叔戊基过氧)丁烷[含量≤57%,含A型稀释剂≥43%]、2,2-di-(tert-amylperoxy)butane (not more than 57%,and diluent type A not less than 43%)、13653-62-8.xml",13653-62-8,"2,2-二-(叔戊基过氧)丁烷[含量≤57%,含A型稀释剂≥43%]",3244
casNumber,"2,2-二-[4,4-二(叔丁基过氧)环己基]丙烷 [含量≤42%,含惰性固体≥58%]、2,2-di-(4,4-di(tert-butylperoxy)cyclohexyl) propane (not more than 42%,and inert solid not less than 58%)、1705-60-8.xml",1705-60-8,"2,2-二-[4,4-二(叔丁基过氧)环己基]丙烷 [含量≤42%,含惰性固体≥58%]",3245
casNumber,"2,2-二氯二乙醚、2,2'-dichlorodiethyl ether、111-44-4.xml",111-44-4,"2,2-二氯二乙醚",3254
casNumber,"2,2-二甲基丁烷、2,2-dimethyl butane、75-83-2.xml",75-83-2,"2,2-二甲基丁烷",3249
casNumber,"2,2-二甲基丙烷、2,2-dimethylpropane、463-82-1.xml",463-82-1,"2,2-二甲基丙烷",3248
casNumber,"2,2-二甲基丙酸甲酯、methyl 2,2-dimethyl propionate、598-98-1.xml",598-98-1,"2,2-二甲基丙酸甲酯",3247
casNumber,"2,2-二甲基己烷、2,2-dimethyl hexane、590-73-8.xml",590-73-8,"2,2-二甲基己烷",3251
casNumber,"2,2-二甲基庚烷、2,2-dimethyl heptane、1071-26-7.xml",1071-26-7,"2,2-二甲基庚烷",3250
casNumber,"2,2-二甲基戊烷、2,2-dimethylpentane、590-35-2.xml",590-35-2,"2,2-二甲基戊烷",3252
casNumber,"2,2-二甲氧基丙烷、2,2-dimethoxypropane、77-76-9.xml",77-76-9,"2,2-二甲氧基丙烷",3253
casNumber,"2,2-二硝基丙烷、2,2-dinitropropane、595-49-3.xml",595-49-3,"2,2-二硝基丙烷",3256
casNumber,"2,2-双(4-氯苯基)-2-羟基乙酸乙酯、2,2-di(4-chlorophenyl)-2-hydroxyacetate、510-15-6.xml",510-15-6,"2,2-双(4-氯苯基)-2-羟基乙酸乙酯",3264
casNumber,"2,2-过氧化二氢丙烷[含量≤27%,含惰性固体≥73%]、2,2-dihydroperoxy propane (not more than 27%, and inert solid not less than 73%)、2614-76-8.xml",2614-76-8,"2,2-过氧化二氢丙烷[含量≤27%,含惰性固体≥73%]",3257
casNumber,"2,2’,4,4’,5,6’-六溴二苯醚、2,2',4,4',5,6'-hexabromodiphenyl ether、207122-15-4.xml",207122-15-4,"2,2’,4,4’,5,6’-六溴二苯醚",3241
casNumber,"2,3,4,6-四氯苯酚、2,3,4,6-tetrachlorophenol、58-90-2.xml",58-90-2,"2,3,4,6-四氯苯酚",3265
casNumber,"2,3,4,6-四硝基苯胺、2,3,4,6-tetranitroaniline、3698-54-2.xml",3698-54-2,"2,3,4,6-四硝基苯胺",3266
casNumber,"2,3,4,7,8-五氯二苯并呋喃、2,3,4,7,8-pentachlorodibenzofuran、57117-31-4.xml",57117-31-4,"2,3,4,7,8-五氯二苯并呋喃",3267
casNumber,"2,3,4-三氯-1-丁烯、2,3,4-trichlorobut-1-ene、2431-50-7.xml",2431-50-7,"2,3,4-三氯-1-丁烯",3269
casNumber,"2,3,4-三甲基戊烷、2,3,4-trimethylpentane、565-75-3.xml",565-75-3,"2,3,4-三甲基戊烷",3268
casNumber,"2,3,7,8-四氯二苯并对二噁英、2,3,7,8-tetrachlorodibenzo-1,4-dioxin、1746-01-6.xml",1746-01-6,"2,3,7,8-四氯二苯并对二噁英",3270
casNumber,"2,3-二氢-2,2-二甲基苯并呋喃-7-基-N-甲基氨基甲酸酯、2,3-dihydro-2,2-dimethylbenzofuran-7-yl-N-methylcarbamate、1563-66-2.xml",1563-66-2,"2,3-二氢-2,2-二甲基苯并呋喃-7-基-N-甲基氨基甲酸酯",3285
casNumber,"2,3-二氢吡喃、2,3-Dihydropyran、25512-65-6.xml",25512-65-6,"2,3-二氢吡喃",3286
casNumber,"2,3-二氯-1,4-萘醌、2,3-dichloro-1,4-naphthoquinone、117-80-6.xml",117-80-6,"2,3-二氯-1,4-萘醌",3280
casNumber,"2,3-二氯丙烯、2,3-Dichloropropene、78-88-6.xml",78-88-6,"2,3-二氯丙烯",3283
casNumber,"2,3-二氯硝基苯、2,3-dichloronitro-benzene、3209-22-1.xml",3209-22-1,"2,3-二氯硝基苯",3284
casNumber,"2,3-二氯苯胺、2,3-dichloroaniline、608-27-5.xml",608-27-5,"2,3-二氯苯胺",3281
casNumber,"2,3-二氯苯酚、2,3-Dichlorophenol、576-24-9.xml",576-24-9,"2,3-二氯苯酚",3282
casNumber,"2,3-二甲基-1-丁烯、2,3-Dimethyl-1-butene、563-78-0.xml",563-78-0,"2,3-二甲基-1-丁烯",3272
casNumber,"2,3-二甲基-2-丁烯、2,3-Dimethyl-2-butene、563-79-1.xml",563-79-1,"2,3-二甲基-2-丁烯",3273
casNumber,"2,3-二甲基丁烷、2,3-dimethylbutane、79-29-8.xml",79-29-8,"2,3-二甲基丁烷",3275
casNumber,"2,3-二甲基己烷、2,3-dimethylhexane、584-94-1.xml",584-94-1,"2,3-二甲基己烷",3277
casNumber,"2,3-二甲基庚烷、2,3-dimethyl heptane、3074-71-3.xml",3074-71-3,"2,3-二甲基庚烷",3276
casNumber,"2,3-二甲基戊烷、2,3-dimethylpentane、565-59-3.xml",565-59-3,"2,3-二甲基戊烷",3279
casNumber,"2,3-二甲基苯胺、2,3-dimethylaniline、87-59-2.xml",87-59-2,"2,3-二甲基苯胺",3274
casNumber,"2,3-二甲苯酚、2,3-Xylenol、526-75-0.xml",526-75-0,"2,3-二甲苯酚",3271
casNumber,"2,3-环氧-1-丙醛、2,3-epoxy-1-propanal、765-34-4.xml",765-34-4,"2,3-环氧-1-丙醛",3288
casNumber,"2,3-环氧丙基苯基醚、2,3-epoxypropyl phenyl ether、122-60-1.xml",122-60-1,"2,3-环氧丙基苯基醚",3289
casNumber,"2,4,4-三甲基-1-戊烯、2,4,4-trimethylpent-1-ene、107-39-1.xml",107-39-1,"2,4,4-三甲基-1-戊烯",3290
casNumber,"2,4,4-三甲基-2-戊烯、2,4,4-trimethyl-2-pentene、107-40-4.xml",107-40-4,"2,4,4-三甲基-2-戊烯",3291
casNumber,"2,4,4-三甲基戊基-2-过氧化苯氧基乙酸酯[在溶液中,含量≤37%]、2,4,4-trimethyl pentyl-2-peroxy phenoxy acetate (not more than 37% in solution)、59382-51-3.xml",59382-51-3,"2,4,4-三甲基戊基-2-过氧化苯氧基乙酸酯[在溶液中,含量≤37%]",3292
casNumber,"2,4,5-三氯苯氧乙酸、2,4,5-trichlorophenoxy acetic acid、93-76-5.xml",93-76-5,"2,4,5-三氯苯氧乙酸",3295
casNumber,"2,4,5-三氯苯胺、2,4,5-trichloroaniline、636-30-6.xml",636-30-6,"2,4,5-三氯苯胺",3293
casNumber,"2,4,5-三氯苯酚、2,4,5-trichlorophenol、95-95-4.xml",95-95-4,"2,4,5-三氯苯酚",3294
casNumber,"2,4,6-三亚乙基氨基-1,3,5-三嗪、2,4,6-tri(ethyleneimino)-1,3,5-triazine、51-18-3.xml",51-18-3,"2,4,6-三亚乙基氨基-1,3,5-三嗪",3313
casNumber,"2,4,6-三氯苯胺、2,4,6-trichloroaniline、634-93-5.xml",634-93-5,"2,4,6-三氯苯胺",3296
casNumber,"2,4,6-三氯苯酚、2,4,6-trichlorophenol、88-06-2.xml",88-06-2,"2,4,6-三氯苯酚",3297
casNumber,"2,4,6-三溴苯胺、2,4,6-Tribromoaniline、147-82-0.xml",147-82-0,"2,4,6-三溴苯胺",3311
casNumber,"2,4,6-三溴酚、2,4,6-Tribromophenol、118-79-6.xml",118-79-6,"2,4,6-三溴酚",3312
casNumber,"2,4,6-三硝基二甲苯、2,4,6-trinitro-m-xylene、632-92-8.xml",632-92-8,"2,4,6-三硝基二甲苯",3306
casNumber,"2,4,6-三硝基氯苯、2,4,6-trinitrochlorobenzene、88-88-0.xml",88-88-0,"2,4,6-三硝基氯苯",3310
casNumber,"2,4,6-三硝基甲苯、2,4,6-trinitrotoluene 、118-96-7.xml",118-96-7,"2,4,6-三硝基甲苯",3307
casNumber,"2,4,6-三硝基苯甲硝胺、2,4,6-trinitrophenylmethylnitramine、479-45-8.xml",479-45-8,"2,4,6-三硝基苯甲硝胺",3305
casNumber,"2,4,6-三硝基苯甲酸、2,4,6-trinitrobenzoic acid,dry or wetted with less than 30%water,by mass、129-66-8.xml",129-66-8,"2,4,6-三硝基苯甲酸",3304
casNumber,"2,4,6-三硝基苯磺酸钠、sodium 2,4,6-trinitrobenzene-sulfonate、5400-70-4.xml",5400-70-4,"2,4,6-三硝基苯磺酸钠",3303
casNumber,"2,4,6-三硝基苯胺、2,4,6-trinitroaniline、489-98-5.xml",489-98-5,"2,4,6-三硝基苯胺",3298
casNumber,"2,4,6-三硝基苯酚、2,4,6-trinitrophenol、88-89-1.xml",88-89-1,"2,4,6-三硝基苯酚",3299
casNumber,"2,4,6-三硝基苯酚钠、sodium 2,4,6-trinitrophenate、3324-58-1.xml",3324-58-1,"2,4,6-三硝基苯酚钠",3301
casNumber,"2,4,6-三硝基苯酚铵[含水≥10%]、ammonium picrate,wetted with not less than 10% water,by mass、131-74-8.xml",131-74-8,"2,4,6-三硝基苯酚铵[含水≥10%]",3300
casNumber,"2,4,6-三硝基苯酚银[含水≥30%]、silver 2,4,6-trinitrophenate，wetted with not less than 30% water,by mass、146-84-9.xml",146-84-9,"2,4,6-三硝基苯酚银[含水≥30%]",3302
casNumber,"2,4,6-三硝基间苯二酚、2,4,6-trinitroresorcinol、82-71-3.xml",82-71-3,"2,4,6-三硝基间苯二酚",3308
casNumber,"2,4,6-三硝基间苯二酚铅、Lead trinitroresorcinate、15245-44-0.xml",15245-44-0,"2,4,6-三硝基间苯二酚铅",3309
casNumber,"2,4-二氨基甲苯、2,4-diaminotoluene、95-80-7.xml",95-80-7,"2,4-二氨基甲苯",3317
casNumber,"2,4-二氯甲苯、2,4-dichlorotoluene、95-73-8.xml",95-73-8,"2,4-二氯甲苯",3329
casNumber,"2,4-二氯硝基苯、2,4-dichloronitrobenzene、611-06-3.xml",611-06-3,"2,4-二氯硝基苯",3330
casNumber,"2,4-二氯苯氧基乙酸、2,4-Dichlorophenoxyacetic acid、94-75-7.xml",94-75-7,"2,4-二氯苯氧基乙酸",3328
casNumber,"2,4-二氯苯胺、2,4-dichloroaniline、554-00-7.xml",554-00-7,"2,4-二氯苯胺",3325
casNumber,"2,4-二氯苯酚、2,4-Dichlorophenol、120-83-2.xml",120-83-2,"2,4-二氯苯酚",3326
casNumber,"2,4-二溴苯胺、2,4-Dibromoaniline、615-57-6.xml",615-57-6,"2,4-二溴苯胺",3343
casNumber,"2,4-二甲基-3-戊酮、2,4-Dimethyl-3-pentanone、565-80-0.xml",565-80-0,"2,4-二甲基-3-戊酮",3319
casNumber,"2,4-二甲基吡啶、2,4-dimethylpyridine、108-47-4.xml",108-47-4,"2,4-二甲基吡啶",3321
casNumber,"2,4-二甲基己烷、2,4-dimethylhexane、589-43-5.xml",589-43-5,"2,4-二甲基己烷",3323
casNumber,"2,4-二甲基庚烷、2,4-dimethyl heptane、2213-23-2.xml",2213-23-2,"2,4-二甲基庚烷",3322
casNumber,"2,4-二甲基戊烷、2,4-dimethylpentane、108-08-7.xml",108-08-7,"2,4-二甲基戊烷",3324
casNumber,"2,4-二甲基苯胺、2,4-dimethylaniline、95-68-1.xml",95-68-1,"2,4-二甲基苯胺",3320
casNumber,"2,4-二甲苯酚、2,4-Xylenol、105-67-9.xml",105-67-9,"2,4-二甲苯酚",3318
casNumber,"2,4-二硝基二苯胺、2,4-dinitrodiphenylamine、961-68-2.xml",961-68-2,"2,4-二硝基二苯胺",3338
casNumber,"2,4-二硝基甲苯、2,4-dinitrotoluene、121-14-2.xml",121-14-2,"2,4-二硝基甲苯",3339
casNumber,"2,4-二硝基苯甲醚、2,4-dinitroanisole、119-27-7.xml",119-27-7,"2,4-二硝基苯甲醚",3336
casNumber,"2,4-二硝基苯肼、2,4-dinitrophenylhydrazine、119-26-6.xml",119-26-6,"2,4-二硝基苯肼",3337
casNumber,"2,4-二硝基苯酚、2,4-dinitrophenol、51-28-5.xml",51-28-5,"2,4-二硝基苯酚",3333
casNumber,"2,4-二硝基苯酚钠、sodium 2,4-dinitrophenolate、1011-73-0.xml",1011-73-0,"2,4-二硝基苯酚钠",3334
casNumber,"2,4-二硝基萘酚、2,4-dinitronaphthol、605-69-6.xml",605-69-6,"2,4-二硝基萘酚",3341
casNumber,"2,4-二硝基萘酚钠、2,4-dinitro-1-naphthol sodium salt、887-79-6.xml",887-79-6,"2,4-二硝基萘酚钠",3342
casNumber,"2,4-二羟基苯甲醛、2,4-Dihydroxybenzaldehyde、95-01-2.xml",95-01-2,"2,4-二羟基苯甲醛",3331
casNumber,"2,4-己二烯、2,4-hexadiene、592-46-1.xml",592-46-1,"2,4-己二烯",3345
casNumber,"2,4-戊二酮、2,4-Pentanedione、123-54-6.xml",123-54-6,"2,4-戊二酮",3346
casNumber,"2,4-滴丁酯、2,4-Dbutyl、94-80-4.xml",94-80-4,"2,4-滴丁酯",3315
casNumber,"2,4-滴丁酸、2,4-DB、94-82-6.xml",94-82-6,"2,4-滴丁酸",3314
casNumber,"2,4-滴钠、2,4-Dna、2702-72-9.xml",2702-72-9,"2,4-滴钠",3316
casNumber,"2,5-二氨基甲苯、2,5-diaminotoluene、95-70-5.xml",95-70-5,"2,5-二氨基甲苯",3347
casNumber,"2,5-二氯硝基苯、2,5-dichloronitrobenzene、89-61-2.xml",89-61-2,"2,5-二氯硝基苯",3367
casNumber,"2,5-二氯苯胺、2,5-dichloroaniline、95-82-9.xml",95-82-9,"2,5-二氯苯胺",3363
casNumber,"2,5-二氯苯酚、2,5-Dichlorophenol、583-78-8.xml",583-78-8,"2,5-二氯苯酚",3364
casNumber,"2,5-二溴苯胺、2,5-dibromoaniline、3638-73-1.xml",3638-73-1,"2,5-二溴苯胺",3370
casNumber,"2,5-二甲基-1,4-二噁烷、2,5-dimethyl-1,4-dioxane、15176-21-3.xml",15176-21-3,"2,5-二甲基-1,4-二噁烷",3349
casNumber,"2,5-二甲基-1,5-己二烯、2,5-dimethyl-1,5-hexadiene、627-58-7.xml",627-58-7,"2,5-二甲基-1,5-己二烯",3350
casNumber,"2,5-二甲基-2,5-二(叔丁基过氧)-3-己烷[52%＜含量≤86%,含A型稀释剂≥14%]、2,5-dimethyl-2,5-di-(tert-butylperoxy)-3-hexyne (more than 52% but not more than 86%,and diluent type A not less than 14%)、1068-27-5.xml",1068-27-5,"2,5-二甲基-2,5-二(叔丁基过氧)-3-己烷[52%＜含量≤86%,含A型稀释剂≥14%]",3354
casNumber,"2,5-二甲基-2,5-二(叔丁基过氧)己烷[90%＜含量≤100%]、2,5-dimethyl-2,5-di-(tert-butylperoxy)hexane (more than 90%)、78-63-7.xml",78-63-7,"2,5-二甲基-2,5-二(叔丁基过氧)己烷[90%＜含量≤100%]",3355
casNumber,"2,5-二甲基-2,5-二-(2-乙基己酰过氧)己烷[含量≤100%]、2,5-dimethyl-2,5-di-(2-ethylhexanoylperoxy) hexane (not more than 100%)、13052-09-0.xml",13052-09-0,"2,5-二甲基-2,5-二-(2-乙基己酰过氧)己烷[含量≤100%]",3352
casNumber,"2,5-二甲基-2,5-二氢过氧己烷、2,5-dimethylhexane-2,5-dihydroperoxide、3025-88-5.xml",3025-88-5,"2,5-二甲基-2,5-二氢过氧己烷",3356
casNumber,"2,5-二甲基-2,5-双(苯甲酰过氧)己烷[82%＜含量≤100%]、2,5-dimethyl-2,5-di-(benzoylperoxy) hexane (more than 82%)、2618-77-1.xml",2618-77-1,"2,5-二甲基-2,5-双(苯甲酰过氧)己烷[82%＜含量≤100%]",3357
casNumber,"2,5-二甲基己烷、2,5-dimethylhexane、592-13-2.xml",592-13-2,"2,5-二甲基己烷",3362
casNumber,"2,5-二甲基庚烷、2,5-Dimethyl heptane、2216-30-0.xml",2216-30-0,"2,5-二甲基庚烷",3361
casNumber,"2,5-二甲基苯胺、2,5-dimethylaniline、95-78-3.xml",95-78-3,"2,5-二甲基苯胺",3358
casNumber,"2,5-二甲苯酚、2,5-Dimethyl phenol、95-87-4.xml",95-87-4,"2,5-二甲苯酚",3348
casNumber,"2,5-二硝基苯酚[含水≥15%]、2,5-dinitropheno,wetted with not less than 15% water,by mass、329-71-5.xml",329-71-5,"2,5-二硝基苯酚[含水≥15%]",3369
casNumber,"2,5-双(1-吖丙啶基)-3-(2-氨甲酰氧-1-甲氧乙基)-6-甲基-1,4-苯醌、2,5-bis(1-aziridinyl)-3-(2-carbamoyloxy-1-methoxyethyl)-6-methyl-1,4-ben zoquinone、24279-91-2.xml",24279-91-2,"2,5-双(1-吖丙啶基)-3-(2-氨甲酰氧-1-甲氧乙基)-6-甲基-1,4-苯醌",3371
casNumber,"2,6-二叔丁基对甲酚、2,6-Di-tert-butyl-p-cresol、128-37-0.xml",128-37-0,"2,6-二叔丁基对甲酚",3383
casNumber,"2,6-二噻-1,3,5,7-四氮三环-[3,3,1,1,3,7]癸烷-2,2,6,6-四氧化物、2,6-dithia-1,3,5,7-tetrazatricyclo-[3,3,1,1,3,7]decane-2,2,6,6-tetraoxide、80-12-6.xml",80-12-6,"2,6-二噻-1,3,5,7-四氮三环-[3,3,1,1,3,7]癸烷-2,2,6,6-四氧化物",3382
casNumber,"2,6-二氨基甲苯、2,6-toluenediamine、823-40-5.xml",823-40-5,"2,6-二氨基甲苯",3372
casNumber,"2,6-二氯甲苯、2,6-dichlorotoluene、118-69-4.xml",118-69-4,"2,6-二氯甲苯",3381
casNumber,"2,6-二氯苯胺、2,6-dichloroaniline、608-31-1.xml",608-31-1,"2,6-二氯苯胺",3379
casNumber,"2,6-二氯苯酚、2,6-Dichlorophenol、87-65-0.xml",87-65-0,"2,6-二氯苯酚",3380
casNumber,"2,6-二甲基-3-庚烯、2,6-Dimethyl-3-heptene、2738-18-3.xml",2738-18-3,"2,6-二甲基-3-庚烯",3374
casNumber,"2,6-二甲基吗啉、2,6-Dimethyl morphaline、141-91-3.xml",141-91-3,"2,6-二甲基吗啉",3377
casNumber,"2,6-二甲基吡啶、2,6-dimethylpyridine、108-48-5.xml",108-48-5,"2,6-二甲基吡啶",3376
casNumber,"2,6-二甲基苯胺、2,6-dimethylaniline、87-62-7.xml",87-62-7,"2,6-二甲基苯胺",3375
casNumber,"2,6-二甲氧基苯甲酰氯、2,6-Dimethoxy benzoyl chloride、1989-53-3.xml",1989-53-3,"2,6-二甲氧基苯甲酰氯",3378
casNumber,"2,6-二甲苯酚、2,6-Xylenol、576-26-1.xml",576-26-1,"2,6-二甲苯酚",3373
casNumber,"2,6-二硝基甲苯、2,6-Dinitrotoluene、606-20-2.xml",606-20-2,"2,6-二硝基甲苯",3386
casNumber,"2,6-二硝基苯胺、2,6-dinitroaniline、606-22-4.xml",606-22-4,"2,6-二硝基苯胺",3384
casNumber,"2,6-二硝基苯酚[含水≥15%]、2,6-dinitrophenol,wetted with not less than 15% water,by mass、573-56-8.xml",573-56-8,"2,6-二硝基苯酚[含水≥15%]",3385
casNumber,"2,7-二硝基芴、2,7-Dinitrofluorene、5405-53-8.xml",5405-53-8,"2,7-二硝基芴",3387
casNumber,"2-(2,4,5-三氯苯氧基)丙酸、2-(2,4,5-trichlorophenoxy)propionic acid、93-72-1.xml",93-72-1,"2-(2,4,5-三氯苯氧基)丙酸",3229
casNumber,"2-(2,4-二氯苯氧基)丙酸、2-(2,4-Dichlorophenoxy) propionic acid、120-36-5.xml",120-36-5,"2-(2,4-二氯苯氧基)丙酸",3230
casNumber,2-(2-氨基乙氧基)乙醇、2-(2-Aminoethoxy)ethanol、929-06-6.xml,929-06-6,2-(2-氨基乙氧基)乙醇,3231
casNumber,"2-(二苯基乙酰基)-2,3-二氢-1,3-茚二酮、2-diphenylacetylindan-1,3-dione、82-66-6.xml",82-66-6,"2-(二苯基乙酰基)-2,3-二氢-1,3-茚二酮",3232
casNumber,"2-[(RS)-2-(4-氯苯基)-2-苯基乙酰基]-2,3-二氢-1,3-茚二酮[含量＞4%]、2-(2-(4-chlorophenyl)phenylacetyl)indan-1,3-dione(more than 4%)、3691-35-8.xml",3691-35-8,"2-[(RS)-2-(4-氯苯基)-2-苯基乙酰基]-2,3-二氢-1,3-茚二酮[含量＞4%]",3388
casNumber,2-丁基硫醇、2-Butyl mercaptan、513-53-1.xml,513-53-1,2-丁基硫醇,3414
casNumber,2-丁氧基乙醇、2-butoxyethanol、111-76-2.xml,111-76-2,2-丁氧基乙醇,3422
casNumber,2-丁炔、2-butyne、503-17-3.xml,503-17-3,2-丁炔,3415
casNumber,2-丁烯(顺式)、2-butylene、590-18-1.xml,590-18-1,2-丁烯(顺式),3418
casNumber,2-丁烯-1-醇、2-Buten-1-ol、6117-91-5.xml,6117-91-5,2-丁烯-1-醇,3419
casNumber,2-丁烯酸、2-butenoic acid、3724-65-0.xml,3724-65-0,2-丁烯酸,3421
casNumber,2-丁烯醛、2-butenal、4170-30-3.xml,4170-30-3,2-丁烯醛,3420
casNumber,2-丁酮、2-butanone、78-93-3.xml,78-93-3,2-丁酮,3416
casNumber,2-丁酮肟、2-butanone oxime、96-29-7.xml,96-29-7,2-丁酮肟,3417
casNumber,2-丁醇、2-butyl alcohol、78-92-2.xml,78-92-2,2-丁醇,3413
casNumber,2-三氟甲基苯胺、2-trifluoromethylaniline、88-17-5.xml,88-17-5,2-三氟甲基苯胺,3508
casNumber,2-丙炔-1-醇、2-Propyny-1-ol、107-19-7.xml,107-19-7,2-丙炔-1-醇,3404
casNumber,2-丙烯-1-硫醇、2-propene-1-thiol、870-23-5.xml,870-23-5,2-丙烯-1-硫醇,3406
casNumber,2-丙烯-1-醇、2-propen-1-ol、107-18-6.xml,107-18-6,2-丙烯-1-醇,3405
casNumber,"2-丙烯腈[稳定的]、2-acrylonitrile,stabilized、107-13-1.xml",107-13-1,2-丙烯腈[稳定的],3407
casNumber,"2-丙烯酸-1,1-二甲基乙基酯、tert-butyl acrylate、1663-39-4.xml",1663-39-4,"2-丙烯酸-1,1-二甲基乙基酯",3408
casNumber,2-丙烯酸异辛酯、2-isooctyl acrylate、29590-42-9.xml,29590-42-9,2-丙烯酸异辛酯,3409
casNumber,2-丙醇、2-Propanol、67-63-0.xml,67-63-0,2-丙醇,3403
casNumber,2-乙基-1-丁烯、2-ethyl-1-butene、760-21-4.xml,760-21-4,2-乙基-1-丁烯,3554
casNumber,2-乙基-1-丁醇、2-ethylbutan-1-ol、97-95-0.xml,97-95-0,2-乙基-1-丁醇,3553
casNumber,2-乙基-1，3-己二醇、2-Ethyl-1，3-hexanediol、94-96-2.xml,94-96-2,2-乙基-1，3-己二醇,3552
casNumber,2-乙基丁胺、2-Ethylbutylamine、617-79-8.xml,617-79-8,2-乙基丁胺,3557
casNumber,2-乙基丁醛、2-Ethylbutyraldehyde、97-96-1.xml,97-96-1,2-乙基丁醛,3558
casNumber,2-乙基吡啶、2-Ethylpyridine、100-71-0.xml,100-71-0,2-乙基吡啶,3556
casNumber,2-乙基己胺、2-ethylhexylamine、104-75-6.xml,104-75-6,2-乙基己胺,3559
casNumber,2-乙基苯胺、2-ethylaniline、578-54-1.xml,578-54-1,2-乙基苯胺,3555
casNumber,2-乙氧基苯胺、2-ethoxyaniline、94-70-2.xml,94-70-2,2-乙氧基苯胺,3562
casNumber,2-乙烯基吡啶、2-Vinylpyridine、100-69-6.xml,100-69-6,2-乙烯基吡啶,3561
casNumber,2-乙硫基苄基N-甲基氨基甲酸酯、2-(ethylthiomethyl)phenyl N-methylcarbamate、29973-13-5.xml,29973-13-5,2-乙硫基苄基N-甲基氨基甲酸酯,3560
casNumber,"2-仲丁基-4,6-二硝基苯基-3-甲基丁-2-烯酸酯、2-sec-butyl-4,6-dinitrophenyl-3-methylcrotonate、485-31-4.xml",485-31-4,"2-仲丁基-4,6-二硝基苯基-3-甲基丁-2-烯酸酯",3563
casNumber,"2-仲丁基-4,6-二硝基酚、2-sec-Butyl-4，6-dinitrophenol、88-85-7.xml",88-85-7,"2-仲丁基-4,6-二硝基酚",3564
casNumber,2-叔丁基苯酚、2-tert-butyl phenol、88-18-6.xml,88-18-6,2-叔丁基苯酚,3509
casNumber,2-吡咯酮、2-Pyrrolidone Butyrolactam、616-45-5.xml,616-45-5,2-吡咯酮,3401
casNumber,2-呋喃甲醇、2-furfuryl alcohol、98-00-0.xml,98-00-0,2-呋喃甲醇,3423
casNumber,2-壬烯、2-Nonene、2216-38-8.xml,2216-38-8,2-壬烯,3507
casNumber,2-巯基丙酸、2-mercaptopropionic acid、79-42-5.xml,79-42-5,2-巯基丙酸,3505
casNumber,2-巯基乙醇、2-hydroxyethyl mercaptan、60-24-2.xml,60-24-2,2-巯基乙醇,3506
casNumber,2-己炔、2-Hexyne、764-35-2.xml,764-35-2,2-己炔,3430
casNumber,2-己烯、2-Hexene、592-43-8.xml,592-43-8,2-己烯,3432
casNumber,2-己酮、2-Hexanone、591-78-6.xml,591-78-6,2-己酮,3431
casNumber,2-庚烯、2-Heptene、592-77-8.xml,592-77-8,2-庚烯,3427
casNumber,2-庚酮、2-heptanone、110-43-0.xml,110-43-0,2-庚酮,3426
casNumber,2-戊烯、2-pentene、109-68-2.xml,109-68-2,2-戊烯,3514
casNumber,2-戊酮、2-pentanone、107-87-9.xml,107-87-9,2-戊酮,3513
casNumber,2-戊醇、2-amyl alcohol、6032-29-7.xml,6032-29-7,2-戊醇,3512
casNumber,2-氟甲苯、2-Fluorotoluene、95-52-3.xml,95-52-3,2-氟甲苯,3425
casNumber,2-氟苯胺、2-fluoroaniline、348-54-9.xml,348-54-9,2-氟苯胺,3424
casNumber,2-氨基-4-皮考林、2-Amino-4-methyl pyridine、695-34-1.xml,695-34-1,2-氨基-4-皮考林,3389
casNumber,2-氨基-5-皮考林、2-Amino-5-methyl pyridine、1603-41-4.xml,1603-41-4,2-氨基-5-皮考林,3390
casNumber,2-氨基丙烷、2-Aminopropane、75-31-0.xml,75-31-0,2-氨基丙烷,3394
casNumber,2-氨基乙醇、2-aminoethanol、141-43-5.xml,141-43-5,2-氨基乙醇,3397
casNumber,2-氨基吡啶、2-Aminopyridine、504-29-0.xml,504-29-0,2-氨基吡啶,3393
casNumber,2-氨基联苯、2-Aminobiphenyl、90-41-5.xml,90-41-5,2-氨基联苯,3396
casNumber,2-氨基苯胂酸、2-arsanilic acid、2045-00-3.xml,2045-00-3,2-氨基苯胂酸,3392
casNumber,2-氨基苯酚、2-aminophenol、95-55-6.xml,95-55-6,2-氨基苯酚,3391
casNumber,2-氨基蒽醌、2-Aminoanthraquinone、117-79-3.xml,117-79-3,2-氨基蒽醌,3395
casNumber,"2-氯-1,3-丁二烯[稳定的]、2-chloro-1,3-butadiene、126-99-8.xml",126-99-8,"2-氯-1,3-丁二烯[稳定的]",3476
casNumber,2-氯-1-丙醇、2-Chloro-1-propanol、78-89-7.xml,78-89-7,2-氯-1-丙醇,3477
casNumber,2-氯-1-溴丙烷、2-chloro-1-bromopropane、3017-96-7.xml,3017-96-7,2-氯-1-溴丙烷,3478
casNumber,2-氯-2-甲基丁烷、2-chloro-2-methylbutane、594-36-5.xml,594-36-5,2-氯-2-甲基丁烷,3479
casNumber,"2-氯-4,5-二甲基苯基-N-甲基氨基甲酸酯、2-chloro-4,5-dimethylphenyl-N-methyl-carbamate、671-04-5.xml",671-04-5,"2-氯-4,5-二甲基苯基-N-甲基氨基甲酸酯",3480
casNumber,2-氯-4-二甲氨基-6-甲基嘧啶、2-Chloro-4-dimethylamino-6-methylpyrimidine、535-89-7.xml,535-89-7,2-氯-4-二甲氨基-6-甲基嘧啶,3481
casNumber,2-氯-4-硝基苯胺、2-Chloro-4-nitroaniline、121-87-9.xml,121-87-9,2-氯-4-硝基苯胺,3482
casNumber,2-氯丁烷、2-chlorobutane、78-86-4.xml,78-86-4,2-氯丁烷,3494
casNumber,2-氯三氟甲苯、2-Chloro benzotrifluoride、88-16-4.xml,88-16-4,2-氯三氟甲苯,3497
casNumber,2-氯丙烯、2-chloropropene、557-98-2.xml,557-98-2,2-氯丙烯,3493
casNumber,2-氯丙烷、2-chloropropane、75-29-6.xml,75-29-6,2-氯丙烷,3492
casNumber,2-氯丙酸、2-chloropropionic acid、598-78-7.xml,598-78-7,2-氯丙酸,3487
casNumber,2-氯丙酸乙酯、Ethyl-2-chloropropionate、535-13-7.xml,535-13-7,2-氯丙酸乙酯,3489
casNumber,2-氯丙酸异丙酯、2-chloropropionate、40058-87-5.xml,40058-87-5,2-氯丙酸异丙酯,3490
casNumber,2-氯丙酸异丙酯、2-chloropropionate、79435-04-4.xml,79435-04-4,2-氯丙酸异丙酯,3491
casNumber,2-氯丙酸甲酯、Methyl 2-chloropropionate、17639-93-9.xml,17639-93-9,2-氯丙酸甲酯,3488
productName,2-氯丙酸甲酯、Methyl 2-chloropropionate、77287-29-7.xml,77287-29-7,2-氯丙酸甲酯,3488
casNumber,2-氯乙酰-N-乙酰苯胺、2-Chloroacetoacetanilide、93-70-9.xml,93-70-9,2-氯乙酰-N-乙酰苯胺,3499
casNumber,2-氯乙醇、2-Chloroethanol、107-07-3.xml,107-07-3,2-氯乙醇,3498
casNumber,2-氯吡啶、2-Chloropyridine、109-09-1.xml,109-09-1,2-氯吡啶,3486
casNumber,2-氯甲苯、2-Chlorotoluene、95-49-8.xml,95-49-8,2-氯甲苯,3495
casNumber,2-氯苯乙酮、2-Chloroacetophenone、532-27-4.xml,532-27-4,2-氯苯乙酮,3485
casNumber,2-氯苯甲酰氯、2-chlorobenzoyl chloride、609-65-4.xml,609-65-4,2-氯苯甲酰氯,3484
casNumber,2-氯苯胺、2-chloroaniline、95-51-2.xml,95-51-2,2-氯苯胺,3483
casNumber,2-氯间甲酚、2-chloro-m-cresol、608-26-4.xml,608-26-4,2-氯间甲酚,3496
casNumber,2-溴-2-甲基丙烷、2-bromo-2-methylpropane、507-19-7.xml,507-19-7,2-溴-2-甲基丙烷,3540
casNumber,2-溴-2-甲基丙酸乙酯、ethyl 2-bromo-2-methyl propionate、600-00-0.xml,600-00-0,2-溴-2-甲基丙酸乙酯,3539
casNumber,2-溴丁烷、2-bromobutane、78-76-2.xml,78-76-2,2-溴丁烷,3547
casNumber,2-溴丙烷、2-bromopropane、75-26-3.xml,75-26-3,2-溴丙烷,3545
casNumber,2-溴丙酰溴、2-Bromopropionyl bromide、563-76-8.xml,563-76-8,2-溴丙酰溴,3546
casNumber,2-溴丙酸、2-bromopropionic acid、598-72-1.xml,598-72-1,2-溴丙酸,3544
casNumber,2-溴乙基乙醚、2-Bromoethyl ethyl ether、592-55-2.xml,592-55-2,2-溴乙基乙醚,3551
casNumber,2-溴乙醇、2-bromoethanol、540-51-2.xml,540-51-2,2-溴乙醇,3550
casNumber,2-溴戊烷、2-Bromopentane、107-81-3.xml,107-81-3,2-溴戊烷,3549
casNumber,2-溴甲苯、2-bromotoluene、95-46-5.xml,95-46-5,2-溴甲苯,3548
casNumber,2-溴苯甲酰氯、2-Bromobenzoyl chloride、7154-66-7.xml,7154-66-7,2-溴苯甲酰氯,3543
casNumber,2-溴苯胺、2-Bromoaniline、615-36-1.xml,615-36-1,2-溴苯胺,3541
casNumber,2-溴苯酚、2-bromophenol、95-56-7.xml,95-56-7,2-溴苯酚,3542
casNumber,"2-特丁基-4,6-二硝基酚、2-tert-butyl-4,6-dinitrophenol、1420-07-1.xml",1420-07-1,"2-特丁基-4,6-二硝基酚",3510
casNumber,"2-特戊酰-2,3-二氢-1,3-茚二酮、2-pivaloylindan-1,3-dione、83-26-1.xml",83-26-1,"2-特戊酰-2,3-二氢-1,3-茚二酮",3511
casNumber,2-环己基丁烷、2-cyclohexylbutane、7058-01-7.xml,7058-01-7,2-环己基丁烷,3428
casNumber,2-环己烯-1-酮、2-cyclohexen-1-one、930-68-7.xml,930-68-7,2-环己烯-1-酮,3429
casNumber,"2-甲基-1,3-丁二烯、2-methyl-1,3-butadiene、78-79-5.xml",78-79-5,"2-甲基-1,3-丁二烯",3436
casNumber,2-甲基-1-丁烯、2-methyl-1-butene、563-46-2.xml,563-46-2,2-甲基-1-丁烯,3441
casNumber,2-甲基-1-丁硫醇、2-methyl-1-butanethiol、1878-18-8.xml,1878-18-8,2-甲基-1-丁硫醇,3440
casNumber,2-甲基-1-丁醇、2-methyl-1-butanol、137-32-6.xml,137-32-6,2-甲基-1-丁醇,3439
casNumber,2-甲基-1-丙硫醇、2-methyl-1-propanethiol、513-44-0.xml,513-44-0,2-甲基-1-丙硫醇,3438
casNumber,2-甲基-1-丙醇、2-methylpropan-1-ol、78-83-1.xml,78-83-1,2-甲基-1-丙醇,3437
casNumber,2-甲基-1-戊烯、2-Methyl-1-pentene、763-29-1.xml,763-29-1,2-甲基-1-戊烯,3443
casNumber,2-甲基-1-戊醇、2-Methyl-1-penmnol、105-30-6.xml,105-30-6,2-甲基-1-戊醇,3442
casNumber,2-甲基-2-丁烯、2-methyl-2-butene、513-35-9.xml,513-35-9,2-甲基-2-丁烯,3447
casNumber,2-甲基-2-丁硫醇、2-Methyl-2-butanethiol、1679-09-0.xml,1679-09-0,2-甲基-2-丁硫醇,3446
casNumber,2-甲基-2-丁醇、2-Methyl-2-butanol、75-85-4.xml,75-85-4,2-甲基-2-丁醇,3445
casNumber,2-甲基-2-丙醇、2-methylpropan-2-ol、75-65-0.xml,75-65-0,2-甲基-2-丙醇,3444
casNumber,2-甲基-2-戊烯、2-Methyl-2-pentene、625-27-4.xml,625-27-4,2-甲基-2-戊烯,3449
casNumber,2-甲基-2-戊烯醛、2-Methyl-2-pentene-1-al、623-36-9.xml,623-36-9,2-甲基-2-戊烯醛,3450
casNumber,2-甲基-2-戊醇、2-Methyl-2-pentanol、590-36-3.xml,590-36-3,2-甲基-2-戊醇,3448
casNumber,2-甲基-3-丁炔-2-醇、2-Methyl-3-butyn-2-ol、115-19-5.xml,115-19-5,2-甲基-3-丁炔-2-醇,3451
casNumber,2-甲基-3-乙基戊烷、2-Methyl-3-ethylpentane、609-26-7.xml,609-26-7,2-甲基-3-乙基戊烷,3454
casNumber,2-甲基-3-戊醇、2-Methyl-3-pentanol、565-67-3.xml,565-67-3,2-甲基-3-戊醇,3452
casNumber,"2-甲基-4,6-二硝基酚、2-methyl4,6-dinitrophenol、534-52-1.xml",534-52-1,"2-甲基-4,6-二硝基酚",3455
casNumber,2-甲基-5-乙基吡啶、2-methyl-5-ethylpyridine、104-90-5.xml,104-90-5,2-甲基-5-乙基吡啶,3456
casNumber,2-甲基丁烷、2-methylbutane、78-78-4.xml,78-78-4,2-甲基丁烷,3460
casNumber,"2-甲基丙烯腈[稳定的]、2-methacrylonitrile,stabilized、126-98-7.xml",126-98-7,2-甲基丙烯腈[稳定的],3459
casNumber,2-甲基吡啶、2-methylpyridine、109-06-8.xml,109-06-8,2-甲基吡啶,3458
casNumber,2-甲基呋喃、2-Methylfuran、534-22-5.xml,534-22-5,2-甲基呋喃,3461
casNumber,2-甲基哌啶、2-methyl piperidine、109-05-7.xml,109-05-7,2-甲基哌啶,3466
casNumber,2-甲基喹啉、2-Methyl quinoline、91-63-4.xml,91-63-4,2-甲基喹啉,3464
casNumber,2-甲基四氢呋喃、2-Methyltetrahydrofuran、96-47-9.xml,96-47-9,2-甲基四氢呋喃,3467
casNumber,2-甲基己烷、2-methylhexane 、591-76-4.xml,591-76-4,2-甲基己烷,3463
casNumber,2-甲基庚烷、2-Methyl heptane、592-27-8.xml,592-27-8,2-甲基庚烷,3462
casNumber,2-甲基戊烷、2-methylpentane、107-83-5.xml,107-83-5,2-甲基戊烷,3469
casNumber,2-甲基戊醛、2-methylvaleraldehyde、123-15-9.xml,123-15-9,2-甲基戊醛,3468
casNumber,2-甲基烯丙醇、2-methallyl alcohol、513-42-8.xml,513-42-8,2-甲基烯丙醇,3470
casNumber,2-甲基苯胺、2-toluidine、95-53-4.xml,95-53-4,2-甲基苯胺,3457
casNumber,2-甲基萘、2-methylnaphthalene、91-57-6.xml,91-57-6,2-甲基萘,3465
casNumber,2-甲氧基乙酸乙酯、2-methoxyethyl acetate、110-49-6.xml,110-49-6,2-甲氧基乙酸乙酯,3472
casNumber,2-甲氧基苯胺、2-methoxyaniline、90-04-0.xml,90-04-0,2-甲氧基苯胺,3471
casNumber,2-甲氨基乙醇、2-Methylaminoethanol、109-83-1.xml,109-83-1,2-甲氨基乙醇,3433
casNumber,2-甲苯硫酚、2-thiocresol、137-06-4.xml,137-06-4,2-甲苯硫酚,3434
casNumber,2-甲酚、2-methylphenol、95-48-7.xml,95-48-7,2-甲酚,3435
casNumber,2-硝基-4-甲氧基苯胺、4-methoxy-2-nitroaniline、96-96-8.xml,96-96-8,2-硝基-4-甲氧基苯胺,3517
casNumber,2-硝基-4-甲苯胺、2-nitro-4-toluidine、89-62-3.xml,89-62-3,2-硝基-4-甲苯胺,3515
casNumber,2-硝基-4-甲苯酚、2-Nitro-4-methylphenol、119-33-5.xml,119-33-5,2-硝基-4-甲苯酚,3516
casNumber,2-硝基丁烷、2-nitrobutane、600-24-8.xml,600-24-8,2-硝基丁烷,3528
casNumber,2-硝基丙烷、2-nitropropane、79-46-9.xml,79-46-9,2-硝基丙烷,3526
casNumber,2-硝基对二甲苯、2-nitro-p-xylene、89-58-7.xml,89-58-7,2-硝基对二甲苯,3529
casNumber,2-硝基氯化苄、2-Nitrobenzyl chloride、612-23-7.xml,612-23-7,2-硝基氯化苄,3533
casNumber,2-硝基氯苯、2-Nitrochlorobenzene、88-73-3.xml,88-73-3,2-硝基氯苯,3532
casNumber,2-硝基溴苯、2-nitrobromobenzene、577-19-5.xml,577-19-5,2-硝基溴苯,3535
casNumber,2-硝基甲苯、2-nitrotoluene、88-72-2.xml,88-72-2,2-硝基甲苯,3530
casNumber,2-硝基碘苯、2-nitroiodobenzene、609-73-4.xml,609-73-4,2-硝基碘苯,3527
casNumber,2-硝基联苯、2-Nitrobiphenyl、86-00-0.xml,86-00-0,2-硝基联苯,3531
casNumber,2-硝基苯乙醚、2-nitrophenetole、610-67-3.xml,610-67-3,2-硝基苯乙醚,3525
casNumber,2-硝基苯甲酰氯、2-nitrobenzoyl chloride、610-14-0.xml,610-14-0,2-硝基苯甲酰氯,3522
casNumber,2-硝基苯甲醚、2-nitroanisole、91-23-6.xml,91-23-6,2-硝基苯甲醚,3521
casNumber,2-硝基苯磺酰氯、2-Nitrobenzene sulfonyl chloride、1694-92-4.xml,1694-92-4,2-硝基苯磺酰氯,3520
casNumber,2-硝基苯肼、2-nitrophenylhydrazine、3034-19-3.xml,3034-19-3,2-硝基苯肼,3523
casNumber,2-硝基苯胂酸、2-nitrophenylarsonic acid、5410-29-7.xml,5410-29-7,2-硝基苯胂酸,3524
casNumber,2-硝基苯胺、2-nitroaniline、88-74-4.xml,88-74-4,2-硝基苯胺,3518
casNumber,2-硝基苯酚、2-nitrophenol、88-75-5.xml,88-75-5,2-硝基苯酚,3519
casNumber,2-硝基萘、2-nitronaphthalene、581-89-5.xml,581-89-5,2-硝基萘,3534
casNumber,2-硫代呋喃甲醇、2-furanmethanethiol、98-02-2.xml,98-02-2,2-硫代呋喃甲醇,3475
casNumber,2-碘-2-甲基丙烷、2-iodo-2-methylpropane、558-17-8.xml,558-17-8,2-碘-2-甲基丙烷,3410
casNumber,2-碘丁烷、2-Iodobutane、513-48-4.xml,513-48-4,2-碘丁烷,3412
casNumber,2-碘丙烷、2-Iodopropane、75-30-9.xml,75-30-9,2-碘丙烷,3411
casNumber,2-羟基丙腈、2-hydroxypropionitrile、78-97-7.xml,78-97-7,2-羟基丙腈,3501
casNumber,2-羟基丙酸乙酯、ethyl 2-hydroxypropanoate、97-64-3.xml,97-64-3,2-羟基丙酸乙酯,3503
casNumber,2-羟基丙酸甲酯、methyl-2-hydroxypropionate、547-64-8.xml,547-64-8,2-羟基丙酸甲酯,3502
casNumber,2-羟基异丁酸乙酯、ethyl 2-hydroxy-iso-butyrate、80-55-7.xml,80-55-7,2-羟基异丁酸乙酯,3504
casNumber,2-苄基吡啶、2-benzylpyridine、101-82-6.xml,101-82-6,2-苄基吡啶,3402
casNumber,2-苯乙基异氰酸酯、2-phenylethylisocyanate、1943-82-4.xml,1943-82-4,2-苯乙基异氰酸酯,3400
casNumber,2-苯基丙烯、2-phenylpropene、98-83-9.xml,98-83-9,2-苯基丙烯,3399
casNumber,2-苯基苯酚、2-Biphenylol、90-43-7.xml,90-43-7,2-苯基苯酚,3398
casNumber,2-莰酮、2-camphor、76-22-2.xml,76-22-2,2-莰酮,3474
casNumber,2-莰醇、2-borneol、507-70-0.xml,507-70-0,2-莰醇,3473
casNumber,2-萘胺、2-naphthylamine、91-59-8.xml,91-59-8,2-萘胺,3500
casNumber,2-辛炔、2-octyne、2809-67-8.xml,2809-67-8,2-辛炔,3536
casNumber,2-辛烯、2-octene、111-67-1.xml,111-67-1,2-辛烯,3538
casNumber,2-辛酮、2-Octanone、111-13-7.xml,111-13-7,2-辛酮,3537
casNumber,2-重氮-1-萘酚-4-磺酰氯、2-diazo-1-naphthol-4-sulphochloride、36451-09-9.xml,36451-09-9,2-重氮-1-萘酚-4-磺酰氯,3566
casNumber,2-重氮-1-萘酚-4-磺酸钠、sodium 2-diazo-1-naphthol-4-sulphonate、64173-96-2.xml,64173-96-2,2-重氮-1-萘酚-4-磺酸钠,3565
casNumber,2-重氮-1-萘酚-5-磺酰氯、2-diazo-1-naphthol-5-sulphochloride、3770-97-6.xml,3770-97-6,2-重氮-1-萘酚-5-磺酰氯,3568
casNumber,2-重氮-1-萘酚-5-磺酸钠、sodium 2-diazo-1-naphthol-5-sulphonate、2657-00-3.xml,2657-00-3,2-重氮-1-萘酚-5-磺酸钠,3567
casNumber,2，2-二甲基-4-戊烯醛、2，2-Dimethyl-4-penteneal、5497-67-6.xml,5497-67-6,2，2-二甲基-4-戊烯醛,3246
casNumber,2，2-双(4′-羟基苯基)丙烷、2，2-bis(4-Hydroxyphenyl) propane、80-05-7.xml,80-05-7,2，2-双(4′-羟基苯基)丙烷,3263
casNumber,2，2，4-三甲基-1，3-戊二醇、2，2，4-Trimethyl-1，3-pentylene glycol、144-19-4.xml,144-19-4,2，2，4-三甲基-1，3-戊二醇,3237
casNumber,2，3-二氰-5，6-二氯苯醌、2，3-Dicyano-5，6-dichlorobenzoquinone、84-58-2.xml,84-58-2,2，3-二氰-5，6-二氯苯醌,3287
casNumber,2，3-二甲基戊醛、2，3-Dimethylpentaldehyde 、32749-94-3.xml,32749-94-3,2，3-二甲基戊醛,3278
casNumber,2，4-二亚硝基间苯二酚、2，4-Dinitrosoresorcinol、118-02-5.xml,118-02-5,2，4-二亚硝基间苯二酚,3344
casNumber,2，4-二氯苯甲酰氯、2，4-Dichlorobenzoyl chloride、89-75-8.xml,89-75-8,2，4-二氯苯甲酰氯,3327
casNumber,2，4-二硝基氯化苄、2，4-Dinitrobenzyl chloride、610-57-1.xml,610-57-1,2，4-二硝基氯化苄,3340
casNumber,2，4-二硝基苯磺酰氯、2，4-Dinitrobenzene sulfonyl chloride、1656-44-6.xml,1656-44-6,2，4-二硝基苯磺酰氯,3335
productName,2，5-二氯甲苯、2，5-Dichlorotoluene、19398-61-9.xml,19398-61-9,2，5-二氯甲苯,3365
casNumber,2，5-二甲基-2，4-己二烯、2，5-Dimethyl-2，4-hexadiene、764-13-6.xml,764-13-6,2，5-二甲基-2，4-己二烯,3351
casNumber,2，5-二甲基吡啶、2，5-Dimethylpyridine、589-93-5.xml,589-93-5,2，5-二甲基吡啶,3359
casNumber,2，5-二甲基呋喃、2，5-Dimethylfuran、625-86-5.xml,625-86-5,2，5-二甲基呋喃,3360
casNumber,2，5-二羟基苯甲酸、2，5-Dihydroxybenzoic acid、490-79-9.xml,490-79-9,2，5-二羟基苯甲酸,3368
casNumber,"3,3,6,6,9,9-六甲基-1,2,4,5-四氧环壬烷[含量52%～100%]、3,3,6,6,9,9-hexamethyl-1,2,4,5-tetraoxacyclononane(not less than 52%)、22397-33-7.xml",22397-33-7,"3,3,6,6,9,9-六甲基-1,2,4,5-四氧环壬烷[含量52%～100%]",3573
casNumber,"3,3-二-(叔丁基过氧)丁酸乙酯[含量≤77%, 含A型稀释剂≥23%]、3,3-di-(tert-butylperoxy) butyrate (not more than 77%,and diluent type A not less than 23%)、55794-20-2.xml",55794-20-2,"3,3-二-(叔丁基过氧)丁酸乙酯[含量≤77%, 含A型稀释剂≥23%]",3576
casNumber,"3,3-二-(叔戊基过氧)丁酸乙酯[含量≤67%,含A型稀释剂≥33%]、ethyl 3,3-di-(tert-amylperoxy) butyrate (not more than 67%,and diluent type A not less than 33%)、67567-23-1.xml",67567-23-1,"3,3-二-(叔戊基过氧)丁酸乙酯[含量≤67%,含A型稀释剂≥33%]",3577
casNumber,"3,3-二乙氧基丙烯、3，3-Diethoxypropene、3054-95-3.xml",3054-95-3,"3,3-二乙氧基丙烯",3581
casNumber,"3,3-二甲基己烷、3,3-dimethylhexane、563-16-6.xml",563-16-6,"3,3-二甲基己烷",3579
casNumber,"3,3-二甲基庚烷、3,3-dimethyl heptane、4032-86-4.xml",4032-86-4,"3,3-二甲基庚烷",3578
casNumber,"3,3-二甲基戊烷、3,3-dimethylpentane、562-49-2.xml",562-49-2,"3,3-二甲基戊烷",3580
casNumber,"3,3′-二氯联苯胺、3,3′-Dichlorobenzidine、91-94-1.xml",91-94-1,"3,3′-二氯联苯胺",3574
casNumber,"3,3′亚氨基二丙胺、3,3′-Iminodipropylamine、56-18-8.xml",56-18-8,"3,3′亚氨基二丙胺",3575
casNumber,"3,4-二氯甲苯、3,4-dichlorotoluene、95-75-0.xml",95-75-0,"3,4-二氯甲苯",3591
casNumber,"3,4-二氯苄基氯、3,4-Dichlorobenzyl chloride、102-47-6.xml",102-47-6,"3,4-二氯苄基氯",3590
casNumber,"3,4-二氯苯基偶氮硫脲、1-(3,4-dichlorophenylimino)thiosemicarbazide、5836-73-7.xml",5836-73-7,"3,4-二氯苯基偶氮硫脲",3589
casNumber,"3,4-二氯苯胺、3,4-dichloroaniline、95-76-1.xml",95-76-1,"3,4-二氯苯胺",3587
casNumber,"3,4-二氯苯酚、3,4-Dichlorophenol、95-77-2.xml",95-77-2,"3,4-二氯苯酚",3588
casNumber,"3,4-二甲基吡啶、3,4-Dimethylpyridine、583-58-4.xml",583-58-4,"3,4-二甲基吡啶",3583
casNumber,"3,4-二甲基己烷、3,4-dimethylhexane、583-48-2.xml",583-48-2,"3,4-二甲基己烷",3585
casNumber,"3,4-二甲基庚烷、3,4-dimethyl heptane、922-28-1.xml",922-28-1,"3,4-二甲基庚烷",3584
casNumber,"3,4-二甲苯酚、3,4-Xylenol、95-65-8.xml",95-65-8,"3,4-二甲苯酚",3582
casNumber,"3,5-二氯苯胺、3,5-dichloroaniline、626-43-7.xml",626-43-7,"3,5-二氯苯胺",3599
casNumber,"3,5-二甲基吡啶、3,5-dimethylpyridine、591-22-0.xml",591-22-0,"3,5-二甲基吡啶",3597
casNumber,"3,5-二甲基庚烷、3,5-Dimetyl heptane、926-82-9.xml",926-82-9,"3,5-二甲基庚烷",3598
casNumber,"3,5-二甲基苯甲酰氯、3,5-dimethylbenzoyl chloride、6613-44-1.xml",6613-44-1,"3,5-二甲基苯甲酰氯",3596
casNumber,"3,5-二甲基苯胺、3,5-xylidine、108-69-0.xml",108-69-0,"3,5-二甲基苯胺",3595
casNumber,"3,5-二甲苯酚、3,5-Xylenol、108-68-9.xml",108-68-9,"3,5-二甲苯酚",3594
casNumber,"3,5-二硝基苯甲酰氯、3,5-Dinitrobenzoyl chloride、99-33-2.xml",99-33-2,"3,5-二硝基苯甲酰氯",3601
casNumber,"3,5-二硝基苯胺、3,5-dinitroaniline、618-87-1.xml",618-87-1,"3,5-二硝基苯胺",3600
casNumber,"3,6,9-三乙基-3,6,9-三甲基-1,4,7-三过氧壬烷[含量≤42%,含A型稀释剂≥58%]、3,6,9-triethyl-3,6,9-trimethyl-1,4,7 triperoxonane (not more than 42%, and diluent type A not less than 58%)、24748-23-0.xml",24748-23-0,"3,6,9-三乙基-3,6,9-三甲基-1,4,7-三过氧壬烷[含量≤42%,含A型稀释剂≥58%]",3603
casNumber,"3,6-二羟基邻苯二甲腈、3，6-Dihydroxyphthalonitrile、4733-50-0.xml",4733-50-0,"3,6-二羟基邻苯二甲腈",3604
casNumber,"3-(1,2,3,4-四氢-1-萘基)-4-羟基香豆素、4-hydroxy-3-(1,2,3,4-tetrahydro-1-naphthyl)coumarin、5836-29-3.xml",5836-29-3,"3-(1,2,3,4-四氢-1-萘基)-4-羟基香豆素",3569
casNumber,3-(1-甲基-2-四氢吡咯基)吡啶硫酸盐、3-(1-methyl-2-tetrahydro-pyrrolyl) pyridine sulfate、65-30-5.xml,65-30-5,3-(1-甲基-2-四氢吡咯基)吡啶硫酸盐,3570
casNumber,3-(1-甲基丁基)苯基-N-甲基氨基甲酸酯和3-(1-乙基丙基)苯基-N-甲基氨基甲酸酯、reaction mass of 3-(1-methylbutyl)phenyl N-methylcarbamate and 3-(1-ethylpropyl)phenyl N-methylcarbamate、8065-36-9.xml,8065-36-9,3-(1-甲基丁基)苯基-N-甲基氨基甲酸酯和3-(1-乙基丙基)苯基-N-甲基氨基甲酸酯,3571
casNumber,3-(α-乙酰甲基苄基)-4-羟基香豆素、(RS)-4-hydroxy-3-(3-oxo-1-phenylbutyl)coumarin、81-81-2.xml,81-81-2,3-(α-乙酰甲基苄基)-4-羟基香豆素,3572
casNumber,"3-[(3-联苯-4-基)-1,2,3,4-四氢-1-萘基]-4-羟基香豆素、3-(3-biphenyl-4-yl-1,2,3,4-tetrahydro-1-naphthyl)-4-hydroxycoumarin、56073-07-5.xml",56073-07-5,"3-[(3-联苯-4-基)-1,2,3,4-四氢-1-萘基]-4-羟基香豆素",3605
casNumber,"3-[2-(3,5-二甲基-2-氧代环己基)-2-羟基乙基]戊二酰胺、3-[2-(3,5-dimethyl-2-oxo-cyclohexyl)-2-hydroxy-ethyl] glutarimide、66-81-9.xml",66-81-9,"3-[2-(3,5-二甲基-2-氧代环己基)-2-羟基乙基]戊二酰胺",3606
casNumber,"3-[3-(4'-溴联苯-4-基)-1,2,3,4-四氢-1-萘基]-4-羟基香豆素、4-hydroxy-3-(3-(4'-bromo-4-biphenylyl)-1,2,3,4-tetrahydro-1-naphthyl)coumarin、56073-10-0.xml",56073-10-0,"3-[3-(4'-溴联苯-4-基)-1,2,3,4-四氢-1-萘基]-4-羟基香豆素",3607
casNumber,"3-[3-(4-溴联苯-4-基)-3-羟基-1-苯丙基]-4-羟基香豆素、3-[3-(4'-bromo[1,1'-biphenyl]-4-yl)-3-hydroxy-1-phenylpropyl]-4-hydroxy-2-benzopyrone、28772-56-7.xml",28772-56-7,3-[3-(4-溴联苯-4-基)-3-羟基-1-苯丙基]-4-羟基香豆素,3608
casNumber,3-丁炔-2-酮、3-Butyn-2-one、1423-60-5.xml,1423-60-5,3-丁炔-2-酮,3616
casNumber,3-丁烯-2-酮、3-buten-2-one、78-94-4.xml,78-94-4,3-丁烯-2-酮,3617
casNumber,3-丁烯腈、3-Butene nitrile、109-75-1.xml,109-75-1,3-丁烯腈,3618
casNumber,3-三氟甲基苯胺、3-Aminobenzotrifluoride、98-16-8.xml,98-16-8,3-三氟甲基苯胺,3675
casNumber,3-乙基己烷、3-ethylhexane、619-99-8.xml,619-99-8,3-乙基己烷,3706
casNumber,3-乙基戊烷、3-ethylpentane、617-78-7.xml,617-78-7,3-乙基戊烷,3707
casNumber,3-乙酰-1-丙醇、3-Acetyl-1-piopanol、1071-73-4.xml,1071-73-4,3-乙酰-1-丙醇,3708
casNumber,3-二甲基氨基亚甲基亚氨基苯基-N-甲基氨基甲酸酯(或其盐酸盐)、3-[(EZ)-dimethylaminomethyleneamino]phenyl methylcarbamate、22259-30-9.xml,22259-30-9,3-二甲基氨基亚甲基亚氨基苯基-N-甲基氨基甲酸酯(或其盐酸盐),3620
productName,3-二甲基氨基亚甲基亚氨基苯基-N-甲基氨基甲酸酯(或其盐酸盐)、3-[(EZ)-dimethylaminomethyleneamino]phenyl methylcarbamate、23422-53-9.xml,23422-53-9,3-二甲基氨基亚甲基亚氨基苯基-N-甲基氨基甲酸酯(或其盐酸盐),3620
casNumber,3-壬烯、3-Nonene、20063-92-7.xml,20063-92-7,3-壬烯,3674
casNumber,3-对溴苯基-1-甲氧基甲基脲、3-(p-Bromophenyl)-1-methoxy-methyl urea、3060-89-7.xml,3060-89-7,3-对溴苯基-1-甲氧基甲基脲,3619
casNumber,3-己炔、3-hexyne、928-49-4.xml,928-49-4,3-己炔,3625
casNumber,3-己酮、3-hexanone、589-38-8.xml,589-38-8,3-己酮,3626
casNumber,3-庚烯、3-heptylene、592-78-9.xml,592-78-9,3-庚烯,3624
casNumber,3-庚酮、3-heptanone、106-35-4.xml,106-35-4,3-庚酮,3623
casNumber,3-异丙基-5-甲基苯基N-甲基氨基甲酸酯、5-methyl m-cumenyl methylcarbamate、2631-37-0.xml,2631-37-0,3-异丙基-5-甲基苯基N-甲基氨基甲酸酯,3709
casNumber,3-异丙基苯基-N-氨基甲酸甲酯、3-isopropylphenyl N-methylcarbamate、64-00-6.xml,64-00-6,3-异丙基苯基-N-氨基甲酸甲酯,3710
casNumber,3-戊酮、3-pentanone、96-22-0.xml,96-22-0,3-戊酮,3676
casNumber,3-氟甲苯、3-Fluorotoluene、352-70-5.xml,352-70-5,3-氟甲苯,3622
casNumber,3-氟苯胺、3-fluoroaniline、372-19-0.xml,372-19-0,3-氟苯胺,3621
casNumber,3-氨基丙烯、3-aminopropene、107-11-9.xml,107-11-9,3-氨基丙烯,3613
casNumber,3-氨基吡啶、3-Pyridylamine、462-08-8.xml,462-08-8,3-氨基吡啶,3612
casNumber,3-氨基喹啉、3-Aminoquinoline、580-17-6.xml,580-17-6,3-氨基喹啉,3614
casNumber,3-氨基苯甲腈、3-Cyanoaniline 、2237-30-1.xml,2237-30-1,3-氨基苯甲腈,3610
casNumber,3-氨基苯胂酸、3-arsanilic acid、2038-72-4.xml,2038-72-4,3-氨基苯胂酸,3611
casNumber,3-氨基苯酚、3-aminophenol、591-27-5.xml,591-27-5,3-氨基苯酚,3609
casNumber,"3-氯-1,2-丙二醇、3-Chloro-1,2-propanediol、96-24-2.xml",96-24-2,"3-氯-1,2-丙二醇",3656
casNumber,3-氯-1-丁烯、3-Chloro-1-butene、563-52-0.xml,563-52-0,3-氯-1-丁烯,3658
casNumber,3-氯-1-丙醇、3-Chloro-1-propanol、627-30-5.xml,627-30-5,3-氯-1-丙醇,3657
casNumber,3-氯-2-甲基丙烯、3-chloro-2-methylpropene、563-47-3.xml,563-47-3,3-氯-2-甲基丙烯,3659
casNumber,3-氯-4-甲氧基苯胺、3-Chloro-4-anisidine、5345-54-0.xml,5345-54-0,3-氯-4-甲氧基苯胺,3660
casNumber,3-氯三氟甲苯、3-Chlorobenzotrifluoride、98-15-7.xml,98-15-7,3-氯三氟甲苯,3669
casNumber,3-氯丙烯、3-chloropropene、107-05-1.xml,107-05-1,3-氯丙烯,3666
casNumber,3-氯丙酸、3-chloropropionic acid、107-94-8.xml,107-94-8,3-氯丙酸,3664
casNumber,3-氯丙酸乙酯、ethyl 3-chloropropinate、623-71-2.xml,623-71-2,3-氯丙酸乙酯,3665
casNumber,3-氯氟苯、3-chlorofluorobenzene、625-98-9.xml,625-98-9,3-氯氟苯,3667
casNumber,3-氯甲苯、3-Chlorotoluene、108-41-8.xml,108-41-8,3-氯甲苯,3668
casNumber,3-氯硝基苯、3-nitrochlorobenzene、121-73-3.xml,121-73-3,3-氯硝基苯,3670
casNumber,3-氯苯胺、3-chloroaniline、108-42-9.xml,108-42-9,3-氯苯胺,3661
casNumber,"3-氯苯过氧甲酸[含量≤77%,惰性固体含量≥6%,含水≥17%]、3-chloroperoxybenzoic acid (not more than 77%, and inert solid not less than 6%, and water not less than 17%)、937-14-4.xml",937-14-4,"3-氯苯过氧甲酸[含量≤77%,惰性固体含量≥6%,含水≥17%]",3663
casNumber,3-氯苯酚、3-chlorophenol、108-43-0.xml,108-43-0,3-氯苯酚,3662
casNumber,"3-溴-1,2-二甲基苯、3-bromo-1,2-xylene、576-23-8.xml",576-23-8,"3-溴-1,2-二甲基苯",3696
casNumber,"3-溴-1,2-环氧丙烷、1-bromo-2,3-epoxypropane、3132-64-7.xml",3132-64-7,"3-溴-1,2-环氧丙烷",3697
casNumber,3-溴-1-丙烯、3-bromo-1-propene、106-95-6.xml,106-95-6,3-溴-1-丙烯,3698
casNumber,3-溴丙炔、3-bromopropyne、106-96-7.xml,106-96-7,3-溴丙炔,3702
casNumber,3-溴丙腈、3-bromopropionitrile、2417-90-5.xml,2417-90-5,3-溴丙腈,3701
casNumber,3-溴丙酰溴、3-bromopropionyl bromide、7623-16-7.xml,7623-16-7,3-溴丙酰溴,3704
casNumber,3-溴丙酸、3-Bromopropionic acid、590-92-1.xml,590-92-1,3-溴丙酸,3703
casNumber,3-溴甲苯、3-bromotoluene、591-17-3.xml,591-17-3,3-溴甲苯,3705
casNumber,3-溴苯胺、3-Bromoaniline、591-19-5.xml,591-19-5,3-溴苯胺,3699
casNumber,3-溴苯酚、3-Bromophenol、591-20-8.xml,591-20-8,3-溴苯酚,3700
casNumber,3-甲基-1-丁烯、3-Methyl-1-butene、563-45-1.xml,563-45-1,3-甲基-1-丁烯,3631
casNumber,3-甲基-1-丁硫醇、3-methyl-1-butanethiol、541-31-1.xml,541-31-1,3-甲基-1-丁硫醇,3630
casNumber,3-甲基-1-丁醇、3-methyl-1-butanol、123-51-3.xml,123-51-3,3-甲基-1-丁醇,3629
casNumber,3-甲基-1-戊炔-3-醇、3-Methyl-1-pentyn-3-ol、77-75-8.xml,77-75-8,3-甲基-1-戊炔-3-醇,3632
casNumber,3-甲基-1-戊烯、3-methyl-1-pentene、760-20-3.xml,760-20-3,3-甲基-1-戊烯,3633
casNumber,3-甲基-2-丁酮、3-methylbutan-2-one、563-80-4.xml,563-80-4,3-甲基-2-丁酮,3635
casNumber,3-甲基-2-丁醇、3-methyl-2-butanol、598-75-4.xml,598-75-4,3-甲基-2-丁醇,3634
casNumber,3-甲基-2-戊烯-4-炔醇、3-methyl-2-penten-4-yn-1-ol、105-29-3.xml,105-29-3,3-甲基-2-戊烯-4-炔醇,3638
casNumber,3-甲基-2-戊烯、3-Methyl-2-pentene、922-61-2.xml,922-61-2,3-甲基-2-戊烯,3637
casNumber,3-甲基-2-戊酮、3-Methyl-2-pentanone、565-61-7.xml,565-61-7,3-甲基-2-戊酮,3636
casNumber,3-甲基-3-戊醇、3-Methyl-3-pentanol、77-74-7.xml,77-74-7,3-甲基-3-戊醇,3639
casNumber,3-甲基-6-甲氧基苯胺、3-methyl-6-methoxyaniline、120-71-8.xml,120-71-8,3-甲基-6-甲氧基苯胺,3640
casNumber,3-甲基丁炔、3-Methylbutyne、598-23-2.xml,598-23-2,3-甲基丁炔,3645
casNumber,3-甲基丁醛、3-methyl butyraldehyde、590-86-3.xml,590-86-3,3-甲基丁醛,3644
casNumber,3-甲基吡啶、3-methylpyridine、108-99-6.xml,108-99-6,3-甲基吡啶,3643
casNumber,3-甲基哌啶、3-Methylpiperidine、626-56-2.xml,626-56-2,3-甲基哌啶,3648
casNumber,3-甲基噻吩、3-Methylthiophene、616-44-4.xml,616-44-4,3-甲基噻吩,3649
casNumber,3-甲基己烷、3-Methyl hexane、589-34-4.xml,589-34-4,3-甲基己烷,3647
casNumber,3-甲基庚烷、3-methylheptane、589-81-1.xml,589-81-1,3-甲基庚烷,3646
casNumber,3-甲基异喹啉、3-methyl isoquinoline、1125-80-0.xml,1125-80-0,3-甲基异喹啉,3652
casNumber,3-甲基戊二醛、3-Methyl glutaraldehyde、6280-15-5.xml,6280-15-5,3-甲基戊二醛,3650
casNumber,3-甲基戊烷、3-methyl pentane、96-14-0.xml,96-14-0,3-甲基戊烷,3651
casNumber,3-甲基苯甲腈、3-methyl benzonitrile、620-22-4.xml,620-22-4,3-甲基苯甲腈,3642
casNumber,3-甲基苯胺、3-toluidine、108-44-1.xml,108-44-1,3-甲基苯胺,3641
casNumber,3-甲氧基丁醛、3-Methoxy butyraldehyde、5281-76-5.xml,5281-76-5,3-甲氧基丁醛,3654
casNumber,3-甲氧基乙酸丁酯、3-Methoxybutyl acetate、4435-53-4.xml,4435-53-4,3-甲氧基乙酸丁酯,3655
casNumber,3-甲氧基苯胺、3-methoxyaniline、536-90-3.xml,536-90-3,3-甲氧基苯胺,3653
casNumber,3-甲苯硫酚、3-thiocresol、108-40-7.xml,108-40-7,3-甲苯硫酚,3627
casNumber,3-甲酚、3-methylphenol、108-39-4.xml,108-39-4,3-甲酚,3628
casNumber,"3-硝基-1,2二甲苯、3-nitro-1,2-xylene、83-41-0.xml",83-41-0,"3-硝基-1,2二甲苯",3677
casNumber,3-硝基-4-氯三氟甲苯、3-nitro-4-chlorobenzotrifluoride、121-17-5.xml,121-17-5,3-硝基-4-氯三氟甲苯,3679
casNumber,3-硝基-4-甲苯胺、3-nitro-4-toluidine、119-32-4.xml,119-32-4,3-硝基-4-甲苯胺,3678
casNumber,3-硝基-4-羟基苯胂酸、3-nitro-4-hydroxyphenyl arsonic acid、121-19-7.xml,121-19-7,3-硝基-4-羟基苯胂酸,3680
casNumber,"3-硝基-N,N-二甲基苯胺、3-Nitro-N，N-dimethylaniline、619-31-8.xml",619-31-8,"3-硝基-N,N-二甲基苯胺",3681
casNumber,3-硝基吡啶、3-nitropyridine、2530-26-9.xml,2530-26-9,3-硝基吡啶,3689
casNumber,3-硝基氯化苄、3-Nitrobenzyl chloride、619-23-8.xml,619-23-8,3-硝基氯化苄,3692
casNumber,3-硝基溴苯、3-nitrobromobenzene、585-79-5.xml,585-79-5,3-硝基溴苯,3693
casNumber,3-硝基甲苯、3-nitrotoluene、99-08-1.xml,99-08-1,3-硝基甲苯,3691
casNumber,3-硝基碘苯、3-nitroiodobenzene、645-00-1.xml,645-00-1,3-硝基碘苯,3690
casNumber,3-硝基苯甲酰氯、3-nitrobenzoyl chloride、121-90-4.xml,121-90-4,3-硝基苯甲酰氯,3686
casNumber,3-硝基苯甲醚、3-nitroanisole、555-03-3.xml,555-03-3,3-硝基苯甲醚,3685
casNumber,3-硝基苯磺酰氯、3-Nitrobenzene sulfonyl chloride、121-51-7.xml,121-51-7,3-硝基苯磺酰氯,3684
casNumber,3-硝基苯肼、3-nitrophenylhydrazine、619-27-2.xml,619-27-2,3-硝基苯肼,3687
casNumber,3-硝基苯胂酸、3-nitrophenylarsonic acid、618-07-5.xml,618-07-5,3-硝基苯胂酸,3688
casNumber,3-硝基苯胺、3-nitroaniline、99-09-2.xml,99-09-2,3-硝基苯胺,3682
casNumber,3-硝基苯酚、3-nitrophenol、554-84-7.xml,554-84-7,3-硝基苯酚,3683
casNumber,3-碘-1-丙烯、3-Iodo-1-propene、556-56-9.xml,556-56-9,3-碘-1-丙烯,3615
casNumber,"3-羟基-1,1-二甲基丁基过氧新癸酸[含量≤52%,含A型稀释剂≥48%]、3-hydroxy-1,1-dimethylbutyl peroxyneodecanoate (not more than 52%, and diluent type A not less than 48%)、95718-78-8.xml",95718-78-8,"3-羟基-1,1-二甲基丁基过氧新癸酸[含量≤52%,含A型稀释剂≥48%]",3671
casNumber,3-羟基-2-丁酮、3-Hydroxy-2-butanone、513-86-0.xml,513-86-0,3-羟基-2-丁酮,3672
casNumber,3-羟基丁醛、3-Hydroxybutyraldehyde、107-89-1.xml,107-89-1,3-羟基丁醛,3673
casNumber,3-辛炔、3-octyne、15232-76-5.xml,15232-76-5,3-辛炔,3694
casNumber,3-辛酮、3-octanone、106-68-3.xml,106-68-3,3-辛酮,3695
casNumber,3，4-二氯硝基苯、3，4-Dichloronitrobenzene、99-54-7.xml,99-54-7,3，4-二氯硝基苯,3592
casNumber,3，4-二甲氧基苯乙腈、3，4-Dimethoxyphenylacetonitrile、93-17-4.xml,93-17-4,3，4-二甲氧基苯乙腈,3586
casNumber,3，5-二溴-4-羟基苯腈、3，5-Dibromo-4-hydroxybenzonitrile、1689-84-5.xml,1689-84-5,3，5-二溴-4-羟基苯腈,3602
casNumber,3，5，5-三甲基己醇、3，5，5-Trimethyl hexanol、3452-97-9.xml,3452-97-9,3，5，5-三甲基己醇,3593
casNumber,"4,4'-二氨基-3,3'-二氯二苯基甲烷、4,4'-diamino-3,3'-dichloro-methane、101-14-4.xml",101-14-4,"4,4'-二氨基-3,3'-二氯二苯基甲烷",3711
casNumber,"4,4'-二氨基联苯、4，4-Diaminobiphenyl、92-87-5.xml",92-87-5,"4,4'-二氨基联苯",3714
casNumber,"4,4-二甲基庚烷、4,4-Dimethylheptane、1068-19-5.xml",1068-19-5,"4,4-二甲基庚烷",3715
casNumber,"4,4-双-(过氧化叔丁基)戊酸正丁酯[含量≤52%,含惰性固体≥48%]、n-butyl-4,4-di(tert-butylperoxy)-valerate (not more than 52%, and inert solid not less than 48%)、995-33-5.xml",995-33-5,"4,4-双-(过氧化叔丁基)戊酸正丁酯[含量≤52%,含惰性固体≥48%]",3717
casNumber,"4,6-二硝基-2-氨基苯酚、4,6-Dinitro-2-aminophenol、96-91-3.xml",96-91-3,"4,6-二硝基-2-氨基苯酚",3718
casNumber,"4,6-二硝基-2-氨基苯酚锆、zirconium 4,6-dinitro-2-aminophenate、63868-82-6.xml",63868-82-6,"4,6-二硝基-2-氨基苯酚锆",3719
casNumber,"4,6-二硝基邻甲苯酚钠、Sodium 4，6-dinitro-o-cresoxide、2312-76-7.xml",2312-76-7,"4,6-二硝基邻甲苯酚钠",3720
casNumber,"4,9-环氧,3-(2-羟基-2-甲基丁酸酯)15-(S)2-甲基丁酸酯,[3β(S),4α,7α,15α(R),16β]-瑟文-3,4,7,14,15,16,20-庚醇、veratensine、63951-45-1.xml",63951-45-1,"4,9-环氧,3-(2-羟基-2-甲基丁酸酯)15-(S)2-甲基丁酸酯,[3β(S),4α,7α,15α(R),16β]-瑟文-3,4,7,14,15,16,20-庚醇",3721
casNumber,"4-N,N-二甲基氨基-3,5-二甲基苯基N-甲基氨基甲酸酯、4-N,N-dimethyl-3,5-dimethyl-phenyl N-methylcarbamate、315-18-4.xml",315-18-4,"4-N,N-二甲基氨基-3,5-二甲基苯基N-甲基氨基甲酸酯",3723
casNumber,"4-N,N-二甲基氨基-3-甲基苯基N-甲基氨基甲酸酯、4-dimethylamino-3-tolyl methylcarbamate、2032-59-9.xml",2032-59-9,"4-N,N-二甲基氨基-3-甲基苯基N-甲基氨基甲酸酯",3724
casNumber,"4-[3-氨基-5-(1-甲基胍基)戊酰氨基]-1-[4-氨基-2-氧代-1(2H)-嘧啶基]-1,2,3,4-四脱氧-β,D 赤己-2-烯吡喃糖醛酸、blasticidin-s、2079-00-7.xml",2079-00-7,"4-[3-氨基-5-(1-甲基胍基)戊酰氨基]-1-[4-氨基-2-氧代-1(2H)-嘧啶基]-1,2,3,4-四脱氧-β,D 赤己-2-烯吡喃糖醛酸",3722
casNumber,4-乙基吡啶、4-Ethylpyridine、536-75-4.xml,536-75-4,4-乙基吡啶,3825
casNumber,4-乙氧基苯胺、4-Ethoxyaniline、156-43-4.xml,156-43-4,4-乙氧基苯胺,3828
casNumber,4-乙烯-1-环己烯、4-Vinyl-1-Cyclohexene、100-40-3.xml,100-40-3,4-乙烯-1-环己烯,3826
casNumber,4-乙烯基间二甲苯、4-Vinyl-m-xylene、1195-32-0.xml,1195-32-0,4-乙烯基间二甲苯,3827
casNumber,4-二甲基氨基-6-(2-二甲基氨乙基氧基)甲苯-2-重氮氯化锌盐、4-dimethylamino-6-(2-dimethylami-noethoxy)toluene-2-diazonium zinc chloride、135072-82-1.xml,135072-82-1,4-二甲基氨基-6-(2-二甲基氨乙基氧基)甲苯-2-重氮氯化锌盐,3738
casNumber,4-二甲氨基偶氮苯-4'-胂酸、4-dimethylaminoazobenzene-4’-arsonic acid、622-68-4.xml,622-68-4,4-二甲氨基偶氮苯-4'-胂酸,3737
casNumber,"4-亚硝基-N,N-二乙基苯胺、4-nitroso-N,N-diethylaniline、120-22-9.xml",120-22-9,"4-亚硝基-N,N-二乙基苯胺",3823
casNumber,"4-亚硝基-N,N-二甲基苯胺、4-nitroso-N,N-dimethylaniline、138-89-6.xml",138-89-6,"4-亚硝基-N,N-二甲基苯胺",3822
casNumber,4-亚硝基苯酚、4-Nitrosophenol、104-91-6.xml,104-91-6,4-亚硝基苯酚,3824
casNumber,4-叔丁基苯酚、4-tert-butylphenol、98-54-4.xml,98-54-4,4-叔丁基苯酚,3787
casNumber,4-壬烯、4-nonene、2198-23-4.xml,2198-23-4,4-壬烯,3786
casNumber,4-己烯-1-炔-3-醇、4-hexen-1-yn-3-ol、10138-60-0.xml,10138-60-0,4-己烯-1-炔-3-醇,3743
casNumber,4-庚酮、4-heptanone、123-19-3.xml,123-19-3,4-庚酮,3742
casNumber,4-氟丁酸、4-fluorobutyric acid、462-23-7.xml,462-23-7,4-氟丁酸,3740
casNumber,4-氟甲苯、4-fluorotoluene、352-32-9.xml,352-32-9,4-氟甲苯,3741
casNumber,4-氟苯胺、4-fluoroaniline、371-40-4.xml,371-40-4,4-氟苯胺,3739
casNumber,"4-氨基-N,N-二甲基苯胺、4-Amino-N,N-dimethylaniline、99-98-9.xml",99-98-9,"4-氨基-N,N-二甲基苯胺",3725
casNumber,4-氨基二苯胺、4-aminodiphenylamine、101-54-2.xml,101-54-2,4-氨基二苯胺,3731
casNumber,4-氨基吡啶、4-aminopyridine、504-24-5.xml,504-24-5,4-氨基吡啶,3730
casNumber,4-氨基喹啉、4-Aminoquinoline、578-68-7.xml,578-68-7,4-氨基喹啉,3732
casNumber,4-氨基联苯、4-aminobiphenyl、92-67-1.xml,92-67-1,4-氨基联苯,3733
casNumber,4-氨基苯甲酸、4-Aminobenzoic acid、150-13-0.xml,150-13-0,4-氨基苯甲酸,3727
casNumber,4-氨基苯胂酸、arsanilic acid、98-50-0.xml,98-50-0,4-氨基苯胂酸,3728
casNumber,4-氨基苯胂酸钠、4-aminobenzene arsonic acid sodium salt、127-85-5.xml,127-85-5,4-氨基苯胂酸钠,3729
casNumber,4-氨基苯酚、4-aminophenol、123-30-8.xml,123-30-8,4-氨基苯酚,3726
casNumber,4-氯-2-氨基苯酚、4-chloro-2-aminophenol、95-85-2.xml,95-85-2,4-氯-2-氨基苯酚,3766
casNumber,4-氯-2-硝基甲苯、4-chloro-2-nitrotoluene、89-59-8.xml,89-59-8,4-氯-2-硝基甲苯,3770
casNumber,4-氯-2-硝基苯胺、4-chloro-2-nitroaniline、89-63-4.xml,89-63-4,4-氯-2-硝基苯胺,3767
casNumber,4-氯-2-硝基苯酚、4-Chloro-2-nitrophenol、89-64-5.xml,89-64-5,4-氯-2-硝基苯酚,3768
casNumber,4-氯-2-硝基苯酚钠盐、sodium 4-chloro-2-nitrophenolate、52106-89-5.xml,52106-89-5,4-氯-2-硝基苯酚钠盐,3769
casNumber,4-氯三氟甲苯、4-Chlorobenzotrifluoride、98-56-6.xml,98-56-6,4-氯三氟甲苯,3781
casNumber,4-氯化联苯、4-chlorodiphenyl、2051-62-9.xml,2051-62-9,4-氯化联苯,3777
casNumber,4-氯正丁酸乙酯、ethyl 4-chloro-n-butanoate、3153-36-4.xml,3153-36-4,4-氯正丁酸乙酯,3783
casNumber,4-氯氟苯、4-chlorofluorobenzene、352-33-0.xml,352-33-0,4-氯氟苯,3775
casNumber,4-氯汞苯甲酸、4-(Chloromercuric)benzoic acid、59-85-8.xml,59-85-8,4-氯汞苯甲酸,3776
casNumber,4-氯甲苯、4-chlorotoluene、106-43-4.xml,106-43-4,4-氯甲苯,3778
casNumber,4-氯硝基苯、4-Nitrochlorobenzene、100-00-5.xml,100-00-5,4-氯硝基苯,3782
casNumber,4-氯苄基氯、4-Chlorobenzyl chloride、104-83-6.xml,104-83-6,4-氯苄基氯,3774
casNumber,4-氯苯甲酰氯、4-chlorobenzoyl chloride、122-01-0.xml,122-01-0,4-氯苯甲酰氯,3773
casNumber,4-氯苯胺、4-chloroaniline、106-47-8.xml,106-47-8,4-氯苯胺,3771
casNumber,4-氯苯酚、4-chlorophenol、106-48-9.xml,106-48-9,4-氯苯酚,3772
casNumber,4-氯邻甲苯胺盐酸盐、4-Chloro-o-toluidine hydrochloride、3165-93-3.xml,3165-93-3,4-氯邻甲苯胺盐酸盐,3780
casNumber,4-氯间甲酚、4-chloro-m-cresol、59-50-7.xml,59-50-7,4-氯间甲酚,3779
casNumber,4-氰基苯甲酸、4-Cyanobenzoic acid、619-65-8.xml,619-65-8,4-氰基苯甲酸,3785
casNumber,"4-溴-1,2-二甲基苯、4-bromo-1,2-xylene、583-71-1.xml",583-71-1,"4-溴-1,2-二甲基苯",3812
casNumber,4-溴-1，2-二硝基苯、1，2-Dinitro-4-bromobenzene、610-38-8.xml,610-38-8,4-溴-1，2-二硝基苯,3813
casNumber,4-溴-2-氯氟苯、4-brom-2-chlorfluorbenzol、60811-21-4.xml,60811-21-4,4-溴-2-氯氟苯,3814
casNumber,4-溴甲苯、4-bromotoluene、106-38-7.xml,106-38-7,4-溴甲苯,3821
casNumber,4-溴苯乙酰基溴、4-bromophenacyl bromide 、99-73-0.xml,99-73-0,4-溴苯乙酰基溴,3820
casNumber,4-溴苯甲酰氯、4-Bromobenzoyl chloride、586-75-4.xml,586-75-4,4-溴苯甲酰氯,3819
productName,4-溴苯甲醚、4-bromoanisole、102-92-7.xml,102-92-7,4-溴苯甲醚,3818
casNumber,4-溴苯磺酰氯、4-bromobenzene sulfonyl chloride、98-58-8.xml,98-58-8,4-溴苯磺酰氯,3817
casNumber,4-溴苯胺、4-bromoaniline、106-40-1.xml,106-40-1,4-溴苯胺,3815
casNumber,4-溴苯酚、4-bromophenol、106-41-2.xml,106-41-2,4-溴苯酚,3816
casNumber,4-甲基-1-戊烯、4-Methyl-1-pentene、691-37-2.xml,691-37-2,4-甲基-1-戊烯,3747
casNumber,4-甲基-1-环己烯、4-Methyl-1-cyclohexene、591-47-9.xml,591-47-9,4-甲基-1-环己烯,3746
casNumber,4-甲基-2-戊烯、4-Methyl-2-pentene、4461-48-7.xml,4461-48-7,4-甲基-2-戊烯,3750
casNumber,4-甲基-2-戊酮、4-methylpentan-2-one、108-10-1.xml,108-10-1,4-甲基-2-戊酮,3749
casNumber,4-甲基-2-戊醇、4-methylpentan-2-ol、108-11-2.xml,108-11-2,4-甲基-2-戊醇,3748
casNumber,4-甲基-3-戊烯-2-酮、4-Methyl-3-pentene-2-one、141-79-7.xml,141-79-7,4-甲基-3-戊烯-2-酮,3751
casNumber,4-甲基吡啶、4-methylpyridine、108-89-4.xml,108-89-4,4-甲基吡啶,3755
casNumber,4-甲基哌啶、4-Methylpiperidine、626-58-4.xml,626-58-4,4-甲基哌啶,3759
casNumber,4-甲基喹啉、4-Methylquinoline、491-35-0.xml,491-35-0,4-甲基喹啉,3758
casNumber,4-甲基庚烷、4-Methyl heptane、589-53-7.xml,589-53-7,4-甲基庚烷,3756
casNumber,4-甲基异喹啉、4-methyl isoquinoline、1196-39-0.xml,1196-39-0,4-甲基异喹啉,3761
casNumber,4-甲基戊腈、4-Methyl pentanenitrile、542-54-1.xml,542-54-1,4-甲基戊腈,3760
casNumber,4-甲基环己醇、4-Methylcyclohexanol、589-91-3.xml,589-91-3,4-甲基环己醇,3757
casNumber,"4-甲基苯乙烯[稳定的]、4-methylstyrene,stabilized、622-97-9.xml",622-97-9,4-甲基苯乙烯[稳定的],3754
casNumber,4-甲基苯甲腈、4-Methyl benzonitrile、104-85-8.xml,104-85-8,4-甲基苯甲腈,3753
casNumber,4-甲基苯胺、4-toluidine、106-49-0.xml,106-49-0,4-甲基苯胺,3752
casNumber,4-甲氧基-4-甲基-2-戊酮、4-Methoxy-4-methyl pentan-2- one、107-70-0.xml,107-70-0,4-甲氧基-4-甲基-2-戊酮,3762
casNumber,"4-甲氧基二苯胺-4'-氯化重氮苯、Benzenediazonium, 4-((4-methoxyphenyl)amino)-, chloride、101-69-9.xml",101-69-9,4-甲氧基二苯胺-4'-氯化重氮苯,3764
casNumber,4-甲氧基苯胺、4-methoxyaniline、104-94-9.xml,104-94-9,4-甲氧基苯胺,3763
casNumber,4-甲苯硫酚、4-thiocresol、106-45-6.xml,106-45-6,4-甲苯硫酚,3744
casNumber,4-甲酚、4-methylphenol、106-44-5.xml,106-44-5,4-甲酚,3745
casNumber,"4-硝基-1,2-二甲苯、4-nitro-1,2-xylene、99-51-4.xml",99-51-4,"4-硝基-1,2-二甲苯",3788
casNumber,"4-硝基-1,3-二甲苯、4-nitro-1,3-xylene、89-87-2.xml",89-87-2,"4-硝基-1,3-二甲苯",3789
casNumber,4-硝基-2-氨基苯酚、4-nitro-2-aminophenol、99-57-0.xml,99-57-0,4-硝基-2-氨基苯酚,3790
casNumber,4-硝基-2-甲氧基苯胺、4-Nitro-2-methoxyaniline、97-52-9.xml,97-52-9,4-硝基-2-甲氧基苯胺,3792
casNumber,4-硝基-2-甲苯胺、4-nitro-2-toluidine、99-52-5.xml,99-52-5,4-硝基-2-甲苯胺,3791
casNumber,"4-硝基-N,N-二乙基苯胺、4-nitro-N,N-diethylaniline、2216-15-1.xml",2216-15-1,"4-硝基-N,N-二乙基苯胺",3794
casNumber,"4-硝基-N,N-二甲基苯胺、4-nitro-N,N-dimethylaniline、100-23-2.xml",100-23-2,"4-硝基-N,N-二甲基苯胺",3793
casNumber,4-硝基氯化苄、4-Nitrobenzyl chloride、100-14-1.xml,100-14-1,4-硝基氯化苄,3808
casNumber,4-硝基溴化苄、4-nitrobenzyl bromide、100-11-8.xml,100-11-8,4-硝基溴化苄,3810
casNumber,4-硝基溴苯、4-nitrobromobenzene、586-78-7.xml,586-78-7,4-硝基溴苯,3809
casNumber,4-硝基甲苯、4-nitrotoluene、99-99-0.xml,99-99-0,4-硝基甲苯,3806
casNumber,4-硝基碘苯、4-nitroiodobenzene、636-98-6.xml,636-98-6,4-硝基碘苯,3805
casNumber,4-硝基联苯、4-Nitrobiphenyl、92-93-3.xml,92-93-3,4-硝基联苯,3807
casNumber,4-硝基苯乙腈、4-Nitrophenylacetonitrile、555-21-5.xml,555-21-5,4-硝基苯乙腈,3803
casNumber,4-硝基苯乙醚、4-nitrophenetole、100-29-8.xml,100-29-8,4-硝基苯乙醚,3804
casNumber,4-硝基苯甲酰氯、4-Nitrobenzoyl chloride、122-04-3.xml,122-04-3,4-硝基苯甲酰氯,3800
casNumber,4-硝基苯甲酰胺、4-nitrobenzamide、619-80-7.xml,619-80-7,4-硝基苯甲酰胺,3799
casNumber,4-硝基苯甲醚、4-nitroanisole、100-17-4.xml,100-17-4,4-硝基苯甲醚,3798
casNumber,4-硝基苯磺酰氯、4-Nitrobenzenesulfonyl chloride、98-74-8.xml,98-74-8,4-硝基苯磺酰氯,3797
casNumber,4-硝基苯肼、4-nitrophenylhydrazine、100-16-3.xml,100-16-3,4-硝基苯肼,3801
casNumber,4-硝基苯胂酸、4-Nitrophenyl arsonic acid、98-72-6.xml,98-72-6,4-硝基苯胂酸,3802
casNumber,4-硝基苯胺、4-nitroaniline、100-01-6.xml,100-01-6,4-硝基苯胺,3795
casNumber,4-硝基苯酚、4-nitrophenol、100-02-7.xml,100-02-7,4-硝基苯酚,3796
casNumber,4-硫代戊醛、4-thiapentanal、3268-49-3.xml,3268-49-3,4-硫代戊醛,3765
casNumber,4-碘苯酚、4-Iodophenol、540-38-5.xml,540-38-5,4-碘苯酚,3736
casNumber,4-羟基-4-甲基-2-戊酮、4-Hydroxy-4-methyl-2-pentanone、123-42-2.xml,123-42-2,4-羟基-4-甲基-2-戊酮,3784
casNumber,4-苄基吡啶、4-benzylpyridine、2116-65-6.xml,2116-65-6,4-苄基吡啶,3735
casNumber,4-苯基-1-丁烯、4-phenylbut-1-ene、768-56-9.xml,768-56-9,4-苯基-1-丁烯,3734
casNumber,4-辛炔、4-Octyne、1942-45-6.xml,1942-45-6,4-辛炔,3811
casNumber,4，4-二硝基二苯基卡巴肼、4，4-Dinitrodiphenyl carbazide、622-69-5.xml,622-69-5,4，4-二硝基二苯基卡巴肼,3716
casNumber,4，4′-二氯二丁基醚、4，4′-Dichlorodibutyl ether、6334-96-9.xml,6334-96-9,4，4′-二氯二丁基醚,3712
casNumber,4，4′-亚甲基双苯胺、4，4′-Metylene dianiline、101-77-9.xml,101-77-9,4，4′-亚甲基双苯胺,3713
casNumber,"5,6,7,8-四氢-1-萘胺、5,6,7,8-tetrahydro-1-naphthylamine、2217-41-6.xml",2217-41-6,"5,6,7,8-四氢-1-萘胺",3830
casNumber,5-(氨基甲基)-3-异噁唑醇、5-aminomethyl-3-isoxazolol、2763-96-4.xml,2763-96-4,5-(氨基甲基)-3-异噁唑醇,3829
casNumber,"5-[双(2-氯乙基)氨基]-2,4-(1H,3H)嘧啶二酮、5-(bis(2-chloroethyl)amino)-2,4(1H,3H)pyrimidinedione、66-75-1.xml",66-75-1,"5-[双(2-氯乙基)氨基]-2,4-(1H,3H)嘧啶二酮",3831
casNumber,5-二乙氨基-2-戊酮、5-Diethylamino-2-pentanone、105-14-6.xml,105-14-6,5-二乙氨基-2-戊酮,3834
casNumber,"5-叔丁基-2,4,6-三硝基间二甲苯、5-tert-butyl-2,4,6-trinitro-m-xylene、81-15-2.xml",81-15-2,"5-叔丁基-2,4,6-三硝基间二甲苯",3840
casNumber,5-己烯-2-酮、5-Hexen-2-one、109-49-9.xml,109-49-9,5-己烯-2-酮,3835
casNumber,"5-氨基-1,3,3-三甲基环己甲胺、5-amino-1,3,3-trimethyl-cyclohexanemethanamine、2855-13-2.xml",2855-13-2,"5-氨基-1,3,3-三甲基环己甲胺",3832
casNumber,"5-氨基-3-苯基-1-[双(N,N-二甲基氨基氧膦基)]-1,2,4-三唑[含量＞20%]、5-amino-3-phenyl-1,2,4-triazol-1-yl-N,N,N',N'-tetramethylphosphonic diamide(more than 20%)、1031-47-6.xml",1031-47-6,"5-氨基-3-苯基-1-[双(N,N-二甲基氨基氧膦基)]-1,2,4-三唑[含量＞20%]",3833
casNumber,5-氯-2-甲基苯胺、5-Chloro-2-methylaniline、95-79-4.xml,95-79-4,5-氯-2-甲基苯胺,3838
casNumber,5-氯-2-甲氧基苯胺、5-Chloro-2-anisidine、95-03-4.xml,95-03-4,5-氯-2-甲氧基苯胺,3839
casNumber,5-甲基-2-己酮、5-Methyl-2-hexanone、110-12-3.xml,110-12-3,5-甲基-2-己酮,3836
casNumber,5-甲基异喹啉、5-methyl isoquinoline、62882-01-3.xml,62882-01-3,5-甲基异喹啉,3837
casNumber,"5-硝基-1,3-二甲苯、5-nitro-1,3-xylene、99-12-7.xml",99-12-7,"5-硝基-1,3-二甲苯",3841
casNumber,5-硝基-2-氨基苯酚、5-Nitro-2-aminophenol、121-88-0.xml,121-88-0,5-硝基-2-氨基苯酚,3842
casNumber,5-硝基苯并三唑、5-Nitrobenzotriazole、2338-12-7.xml,2338-12-7,5-硝基苯并三唑,3843
casNumber,6-氨基喹啉、6-Aminoquinoline、580-15-4.xml,580-15-4,6-氨基喹啉,3844
casNumber,6-氯间甲酚、6-chloro-m-cresol、615-74-7.xml,615-74-7,6-氯间甲酚,3848
casNumber,"6-甲基-1,4-二氮萘基-2,3-二硫代碳酸酯、6-methyl-1,3-dithiolo(4,5-b)quinoxalin-2-one、2439-01-2.xml",2439-01-2,"6-甲基-1,4-二氮萘基-2,3-二硫代碳酸酯",3845
casNumber,6-甲基喹啉、6-Methylquinoline、91-62-3.xml,91-62-3,6-甲基喹啉,3846
casNumber,6-甲基异喹啉、6-methyl isoquinoline、42398-73-2.xml,42398-73-2,6-甲基异喹啉,3847
casNumber,7-甲基喹啉、7-Methylquinoline、612-60-2.xml,612-60-2,7-甲基喹啉,3849
casNumber,7-甲基异喹啉、7-methyl isoquinoline、54004-38-5.xml,54004-38-5,7-甲基异喹啉,3850
casNumber,8-(二甲基氨基甲基)-7-甲氧基氨基-3-甲基黄酮、8-(dimerhylamino-methyl)-7-methoxy-3-methyifiavone、1165-48-6.xml,1165-48-6,8-(二甲基氨基甲基)-7-甲氧基氨基-3-甲基黄酮,3851
casNumber,8-甲基喹啉、8-Methylquinoline、611-32-5.xml,611-32-5,8-甲基喹啉,3852
casNumber,8-甲基异喹啉、8-methyl isoquinoline、62882-00-2.xml,62882-00-2,8-甲基异喹啉,3853
casNumber,D-苎烯、d-limonene、5989-27-5.xml,5989-27-5,D-苎烯,3856
casNumber,"N(3-氯苯基)氨基甲酸(4-氯丁炔-2-基)脂、carbamic acid,(3-chlorophenyl)-,4-chloro-2-butynyl ester、101-27-9.xml",101-27-9,N(3-氯苯基)氨基甲酸(4-氯丁炔-2-基)脂,3860
casNumber,"N,N'-二亚硝基-N,N'-二甲基对苯二酰胺、N,N’-dinitroso-N,N’-dimethyl terephthalamide、133-55-1.xml",133-55-1,"N,N'-二亚硝基-N,N'-二甲基对苯二酰胺",3878
casNumber,"N,N'-二亚硝基五亚甲基四胺[减敏的]、N,N'-dinitrosopentamethylene tetramine,with phlegmatizer、101-25-7.xml",101-25-7,"N,N'-二亚硝基五亚甲基四胺[减敏的]",3879
casNumber,"N,N-二丁基苯胺、N,N-dibutylaniline、613-29-6.xml",613-29-6,"N,N-二丁基苯胺",3866
casNumber,"N,N-二乙基-1,3-丙二胺、N,N-diethyl-1,3-diaminopropane、104-78-9.xml",104-78-9,"N,N-二乙基-1,3-丙二胺",3880
casNumber,"N,N-二乙基-1-萘胺、N,N-diethyl-1-naphthylamine、84-95-7.xml",84-95-7,"N,N-二乙基-1-萘胺",3881
casNumber,"N,N-二乙基乙撑二胺、N，N-Diethyl ethylene diamine、100-36-7.xml",100-36-7,"N,N-二乙基乙撑二胺",3887
casNumber,"N,N-二乙基乙醇胺、N,N-diethyl ethanolamine、100-37-8.xml",100-37-8,"N,N-二乙基乙醇胺",3888
casNumber,"N,N-二乙基二硫代氨基甲酸-2-氯烯丙基酯、2-chloroallyl N,N-dimethyldithiocarbamate、95-06-7.xml",95-06-7,"N,N-二乙基二硫代氨基甲酸-2-氯烯丙基酯",3884
casNumber,"N,N-二乙基对甲苯胺、N，N-Diethyl-P-toluidine、613-48-9.xml",613-48-9,"N,N-二乙基对甲苯胺",3883
casNumber,"N,N-二乙基苯胺、N,N-diethylaniline、91-66-7.xml",91-66-7,"N,N-二乙基苯胺",3882
casNumber,"N,N-二乙基邻甲苯胺、N,N-diethyl-o-toluidine、2728-04-3.xml",2728-04-3,"N,N-二乙基邻甲苯胺",3886
casNumber,"N,N-二异丙基乙胺、N，N-Diisopropylethylamine、7087-68-5.xml",7087-68-5,"N,N-二异丙基乙胺",3889
casNumber,"N,N-二异丙基乙醇胺、N,N-Diisopropyl aminoethanol、96-80-0.xml",96-80-0,"N,N-二异丙基乙醇胺",3890
casNumber,"N,N-二正丁基氨基乙醇、N,N-dibutylethanolamine、102-81-8.xml",102-81-8,"N,N-二正丁基氨基乙醇",3891
casNumber,"N,N-二甲基-1,3-丙二胺、N,N-dimethyl-1,3-propanediamine、190-55-7.xml",190-55-7,"N,N-二甲基-1,3-丙二胺",3867
casNumber,"N,N-二甲基丙胺、dimethyl-n-propylamine、926-63-6.xml",926-63-6,"N,N-二甲基丙胺",3870
casNumber,"N,N-二甲基丙醇胺、N,N-dimethylpropanolamine、3179-63-3.xml",3179-63-3,"N,N-二甲基丙醇胺",3871
casNumber,"N,N-二甲基乙醇胺、N,N-dimethyl ethanolamine、108-01-0.xml",108-01-0,"N,N-二甲基乙醇胺",3876
casNumber,"N,N-二甲基异丙醇胺、N,N-dimethyl-iso-propanolamine、108-16-7.xml",108-16-7,"N,N-二甲基异丙醇胺",3877
casNumber,"N,N-二甲基氨基乙腈、N，N-Dimethylaminoacetonitrile、926-64-7.xml",926-64-7,"N,N-二甲基氨基乙腈",3868
casNumber,"N,N-二甲基环己胺、N,N-dimethylcyclohexylamine、98-94-2.xml",98-94-2,"N,N-二甲基环己胺",3873
casNumber,"N,N-二甲基甲酰胺、N,N-dimethylformamide、68-12-2.xml",68-12-2,"N,N-二甲基甲酰胺",3874
casNumber,"N,N-二甲基苄胺、N，N-Dimethylbenzylamine、103-83-3.xml",103-83-3,"N,N-二甲基苄胺",3869
casNumber,"N,N-六亚甲基硫代氨基甲酸-S-乙酯、(S)-ethyl 1-perhydroazepinecarbothioate、2212-67-1.xml",2212-67-1,"N,N-六亚甲基硫代氨基甲酸-S-乙酯",3892
casNumber,"N-(2,6-二乙基苯基)-N-甲氧基甲基-氯乙酰胺、2-chloro-2',6'-diethyl-N-(methoxymethyl)acetanilide、15972-60-8.xml",15972-60-8,"N-(2,6-二乙基苯基)-N-甲氧基甲基-氯乙酰胺",3857
casNumber,N-(2-乙基-6-甲基苯基)-N-乙氧基甲基-氯乙酰胺、2-chloro-N-(ethoxymethyl)-N-(2-ethyl-6-methylphenyl)acetamide、34256-82-1.xml,34256-82-1,N-(2-乙基-6-甲基苯基)-N-乙氧基甲基-氯乙酰胺,3859
casNumber,N-(2-羟乙基)-N-甲基全氟辛基磺酰胺、N-(2-Hydroxyethyl)-N-methylperfluorooctanesulfonamide、24448-09-7.xml,24448-09-7,N-(2-羟乙基)-N-甲基全氟辛基磺酰胺,3858
casNumber,"N-(4-氯-2-甲基苯基)-N´,N´-二甲基甲脒、N-(4-chloro-o-tolyl)-N',N'-dimethylformamidine、6164-98-3.xml",6164-98-3,"N-(4-氯-2-甲基苯基)-N´,N´-二甲基甲脒",3861
casNumber,"N-(4-氯邻甲苯基)-N,N-二甲基甲脒盐酸盐、N-(4-chloro-o-tolyl)-N,N-dimethyl formamidine, hydrochloride、19750-95-9.xml",19750-95-9,"N-(4-氯邻甲苯基)-N,N-二甲基甲脒盐酸盐",3862
casNumber,N-(苯乙基-4-哌啶基)丙酰胺柠檬酸盐、N-(phenylethyl-4-piperidinyl) propanamidecitrate、990-73-8.xml,990-73-8,N-(苯乙基-4-哌啶基)丙酰胺柠檬酸盐,3863
casNumber,"N-3-[1-羟基-2-(甲氨基)乙基]苯基甲烷磺酰胺甲磺酸盐、N-3-[1-hydroxy-2-(methylamino)ethyl]phenyl,methanesulfonamide mesylate、1421-68-7.xml",1421-68-7,N-3-[1-羟基-2-(甲氨基)乙基]苯基甲烷磺酰胺甲磺酸盐,3894
casNumber,N-乙基-1-萘胺、N-Ethyl-1-naphthylamine、118-44-5.xml,118-44-5,N-乙基-1-萘胺,3911
casNumber,N-乙基-N-(2-羟乙基)全氟辛基磺酰胺、N-ethylheptadecafluoro-N-(2-hydroxyethyl)octanesulphonamide、1691-99-2.xml,1691-99-2,N-乙基-N-(2-羟乙基)全氟辛基磺酰胺,3912
casNumber,N-乙基全氟辛基磺酰胺、无资料、4151-50-2.xml,4151-50-2,N-乙基全氟辛基磺酰胺,3918
casNumber,N-乙基吗琳、N-Ethyl morpholine、100-74-3.xml,100-74-3,N-乙基吗琳,3916
casNumber,N-乙基哌啶、N-ethyl piperidine、766-09-6.xml,766-09-6,N-乙基哌啶,3917
casNumber,N-乙基对甲苯胺、N-ethyl-p-toluidine、622-57-1.xml,622-57-1,N-乙基对甲苯胺,3914
casNumber,N-乙基苯胺、N-ethylaniline、103-69-5.xml,103-69-5,N-乙基苯胺,3913
casNumber,N-乙基间甲苯胺、N-Ethyl-m-toluidine、102-27-2.xml,102-27-2,N-乙基间甲苯胺,3915
casNumber,N-乙烯基乙撑亚胺、N-vinylethyleneimine、5628-99-9.xml,5628-99-9,N-乙烯基乙撑亚胺,3919
casNumber,N-乙酰对苯二胺、N-Acetyl-p-phenylenediamine、122-80-5.xml,122-80-5,N-乙酰对苯二胺,3920
casNumber,N-二乙氨基乙基氯、N-(2-Chloroethyl) diethylamine、100-35-6.xml,100-35-6,N-二乙氨基乙基氯,3900
casNumber,N-亚硝基二甲胺、N-Nitrosodimethylamine、62-75-9.xml,62-75-9,N-亚硝基二甲胺,3910
casNumber,N-亚硝基二苯胺、N-Nitrosodiphenylamine、86-30-6.xml,86-30-6,N-亚硝基二苯胺,3909
casNumber,N-四氯乙硫基四氢酞酰亚胺、captafol、2425-06-1.xml,2425-06-1,N-四氯乙硫基四氢酞酰亚胺,3908
casNumber,N-异丙基-N-苯基-氯乙酰胺、2-chloro-N-isopropylacetanilide、1918-16-7.xml,1918-16-7,N-异丙基-N-苯基-氯乙酰胺,3921
casNumber,N-正丁基咪唑、1-butylimidazole、4316-42-1.xml,4316-42-1,N-正丁基咪唑,3923
casNumber,N-正丁基苯胺、N-Butylaniline、1126-78-9.xml,1126-78-9,N-正丁基苯胺,3922
casNumber,N-氨基乙基哌嗪、N-aminoethylpiperazine、140-31-8.xml,140-31-8,N-氨基乙基哌嗪,3895
casNumber,N-环己基环己胺亚硝酸盐、dicyclohexylammonium nitrit、3129-91-7.xml,3129-91-7,N-环己基环己胺亚硝酸盐,3901
casNumber,N-甲基全氟辛基磺酰胺、Heptadecafluoro-N-methyloctanesulphonamide、31506-32-8.xml,31506-32-8,N-甲基全氟辛基磺酰胺,3906
casNumber,N-甲基吗啉、N-methyl morpholine、109-02-4.xml,109-02-4,N-甲基吗啉,3904
casNumber,N-甲基哌啶、N-Methyl piperidine、626-67-5.xml,626-67-5,N-甲基哌啶,3905
casNumber,N-甲基正丁胺、N-methyl butylamine、110-68-9.xml,110-68-9,N-甲基正丁胺,3907
casNumber,N-甲基甲酰胺、N-Methylformamide、123-39-7.xml,123-39-7,N-甲基甲酰胺,3903
casNumber,N-甲基苯胺、n-methylaniline、100-61-8.xml,100-61-8,N-甲基苯胺,3902
casNumber,N-苄基-N-乙基苯胺、N-ethyl-N-benzylaniline、92-59-1.xml,92-59-1,N-苄基-N-乙基苯胺,3899
casNumber,N-苯基-2-萘胺、N-phenyl-2-naphthylamine、135-88-6.xml,135-88-6,N-苯基-2-萘胺,3896
casNumber,N-苯基乙酰胺、N-phenylacetamide、103-84-4.xml,103-84-4,N-苯基乙酰胺,3897
casNumber,"N-苯甲基-N-(3,4-二氯基本)-DL-丙氨酸乙酯、ethyl N-benzoyl-N-(3,4-dichlorophenyl)-DL-alaninate、22212-55-1.xml",22212-55-1,"N-苯甲基-N-(3,4-二氯基本)-DL-丙氨酸乙酯",3898
casNumber,"N.N.N'.N'-四甲基乙二胺、N,N,N',N'-tetramethylethylenediamine、110-18-9.xml",110-18-9,N.N.N'.N'-四甲基乙二胺,3864
casNumber,"N´,N´-二甲基-N´-苯基-N´-(氟二氯甲硫基)磺酰胺、N-dichlorofluoromethylthio-N',N'-dimethyl-N-phenylsulphamide、1085-98-9.xml",1085-98-9,"N´,N´-二甲基-N´-苯基-N´-(氟二氯甲硫基)磺酰胺",3893
casNumber,N，N-二乙基间甲苯酰胺、N，N-Diethyl-m-toluamide、134-62-3.xml,134-62-3,N，N-二乙基间甲苯酰胺,3885
casNumber,N，N-二甲基丙烯酰胺、N，N-Dimethyl acrylamide、2680-03-7.xml,2680-03-7,N，N-二甲基丙烯酰胺,3872
casNumber,N，N-二甲基硒脲、N，N-Dimethylseleniumurea、5117-16-8.xml,5117-16-8,N，N-二甲基硒脲,3875
casNumber,N，N′-双水杨醛缩丙二胺、N，N-Disalicylidene-1，3- diaminopropane Disalicylalaminopropane、120-70-7.xml,120-70-7,N，N′-双水杨醛缩丙二胺,3865
casNumber,"O,O,O',O'-四乙基-S,S'-亚甲基双(二硫代磷酸酯)、O,O,O',O'-tetraethyl S,S'-methylenedi(phosphorodithioate)、563-12-2.xml",563-12-2,"O,O,O',O'-四乙基-S,S'-亚甲基双(二硫代磷酸酯)",3926
casNumber,"O,O,O',O'-四乙基二硫代焦磷酸酯、O,O,O,O-tetraethyl dithiopyrophosphate、3689-24-5.xml",3689-24-5,"O,O,O',O'-四乙基二硫代焦磷酸酯",3927
casNumber,"O,O- 二甲基-(2,2,2- 三氯-1- 羟基乙基)膦酸酯、dimethyl 2,2,2-trichloro-1-hydroxyethylphosphonate、52-68-6.xml",52-68-6,"O,O- 二甲基-(2,2,2- 三氯-1- 羟基乙基)膦酸酯",3925
casNumber,"O,O-二乙基-N-(1,3-二硫戊环-2-亚基)磷酰胺[含量＞15%]、diethyl1,3-dithiolan-2-ylidenephosphoramidate(morethan15%)、947-02-4.xml",947-02-4,"O,O-二乙基-N-(1,3-二硫戊环-2-亚基)磷酰胺[含量＞15%]",3943
casNumber,"O,O-二乙基-N-(4-甲基-1,3-二硫戊环-2-亚基)磷酰胺、diethyl 4-methyl-1,3-dithiolan-2-ylidenephosphoramidate(more than 5%)、950-10-7.xml",950-10-7,"O,O-二乙基-N-(4-甲基-1,3-二硫戊环-2-亚基)磷酰胺",3944
casNumber,"O,O-二乙基-N-1,3-二噻丁环-2-亚基磷酰胺、diethyl 1,3-dithietan-2-ylidenephosphoramidate、21548-32-3.xml",21548-32-3,"O,O-二乙基-N-1,3-二噻丁环-2-亚基磷酰胺",3945
casNumber,"O,O-二乙基-O-(2,2-二氯-1-β-氯乙氧基乙烯基)-磷酸酯、O,O-diethyl-O-(2,2-dichloro-1-beta-chloroethoxyvinyl) phosphate、67329-01-5.xml",67329-01-5,"O,O-二乙基-O-(2,2-二氯-1-β-氯乙氧基乙烯基)-磷酸酯",3946
casNumber,"O,O-二乙基-O-(2-乙硫基乙基)硫代磷酸酯与O,O-二乙基-S-(2-乙硫基乙基)硫代磷酸酯的混合物[含量＞3%]、8065-48-3.xml",8065-48-3,"O,O-二乙基-O-(2-乙硫基乙基)硫代磷酸酯与O,O-二乙基-S-(2-乙硫基乙基)硫代磷酸酯的混合物[含量＞3%]",3947
casNumber,"O,O-二乙基-O-(3-氯-4-甲基香豆素-7-基)硫代磷酸酯、O-(3-chloro-4-methylcoumarin-7-yl)O,O-diethyl phosphorothioate、56-72-4.xml",56-72-4,"O,O-二乙基-O-(3-氯-4-甲基香豆素-7-基)硫代磷酸酯",3948
casNumber,"O,O-二乙基-O-(4-溴-2,5-二氯苯基)硫代磷酸酯、O-4-bromo-2,5-dichlorophenyl O,O-diethyl phosphorothioate、4824-78-6.xml",4824-78-6,"O,O-二乙基-O-(4-溴-2,5-二氯苯基)硫代磷酸酯",3952
casNumber,"O,O-二乙基-O-(4-甲基香豆素基-7)硫代磷酸酯、O,O-diethyl-O-(4-methylcoumarin-7-yl)phosphorothioate、299-45-6.xml",299-45-6,"O,O-二乙基-O-(4-甲基香豆素基-7)硫代磷酸酯",3949
casNumber,"O,O-二乙基-O-(4-硝基苯基)硫代磷酸酯、O,O-diethyl O-4-nitrophenyl phosphorothioate(more than 4%)、56-38-2.xml",56-38-2,"O,O-二乙基-O-(4-硝基苯基)硫代磷酸酯",3951
casNumber,"O,O-二乙基-O-(4-硝基苯基)磷酸酯、O,O-diethyl-O-(4-nitrophenyl) phosphate、311-45-5.xml",311-45-5,"O,O-二乙基-O-(4-硝基苯基)磷酸酯",3950
casNumber,"O,O-二乙基-O-2,5-二氯-4-甲硫基苯基硫代磷酸酯、O-2,5-dichlorophenyl-4-methylthiophenyl O,O-diethyl phosphorothioate、21923-23-9.xml",21923-23-9,"O,O-二乙基-O-2,5-二氯-4-甲硫基苯基硫代磷酸酯",3954
casNumber,"O,O-二乙基-O-2-吡嗪基硫代磷酸酯[含量＞5%]、O,O-diethyl O-pyrazin-2-yl phosphorothioate(more than 5%)、297-97-2.xml",297-97-2,"O,O-二乙基-O-2-吡嗪基硫代磷酸酯[含量＞5%]",3955
casNumber,"O,O-二乙基-O-[2-氯-1-(2,4-二氯苯基)乙烯基]磷酸酯、2-chloro-1-(2,4-dichlorophenyl)vinyl diethyl phosphate(more than 20%)、470-90-6.xml",470-90-6,"O,O-二乙基-O-[2-氯-1-(2,4-二氯苯基)乙烯基]磷酸酯",3953
casNumber,"O,O-二乙基-O-喹噁啉-2-基硫代磷酸酯、O,O-diethyl-O-quinoxalin-2-yl phosphorothioate、13593-03-8.xml",13593-03-8,"O,O-二乙基-O-喹噁啉-2-基硫代磷酸酯",3956
casNumber,"O,O-二乙基-S-(2,5-二氯苯硫基甲基)二硫代磷酸酯、S-(2,5-dichlorophenylthiomethyl) O,O-diethyl phosphorodithioate、2275-14-1.xml",2275-14-1,"O,O-二乙基-S-(2,5-二氯苯硫基甲基)二硫代磷酸酯",3957
casNumber,"O,O-二乙基-S-(2-乙基亚磺酰基乙基)二硫代磷酸酯、O,O-diethyl S-2-ethylsulphinylethyl phosphorodithioate、2497-07-6.xml",2497-07-6,"O,O-二乙基-S-(2-乙基亚磺酰基乙基)二硫代磷酸酯",3959
casNumber,"O,O-二乙基-S-(2-乙硫基乙基)二硫代磷酸酯[含量＞15%]、O,O-diethyl 2-ethylthioethyl phosphorodithioate(more than 15%)、298-04-4.xml",298-04-4,"O,O-二乙基-S-(2-乙硫基乙基)二硫代磷酸酯[含量＞15%]",3960
casNumber,"O,O-二乙基-S-(2-氯-1-酞酰亚氨基乙基)二硫代磷酸酯、2-chloro-1-phthalimidoethyl O,O-diethyl phosphorodithioate、10311-84-9.xml",10311-84-9,"O,O-二乙基-S-(2-氯-1-酞酰亚氨基乙基)二硫代磷酸酯",3958
casNumber,"O,O-二乙基-S-(4-氯苯硫基甲基)二硫代磷酸酯、4-chlorophenylthiomethyl O,O-diethyl phosphorodithioate、786-19-6.xml",786-19-6,"O,O-二乙基-S-(4-氯苯硫基甲基)二硫代磷酸酯",3962
casNumber,"O,O-二乙基-S-(4-甲基亚磺酰基苯基)硫代磷酸酯[含量＞4%]、O,O-diethyl O-4-methylsulfinylphenyl phosphorothioate(more than 4%)、115-90-2.xml",115-90-2,"O,O-二乙基-S-(4-甲基亚磺酰基苯基)硫代磷酸酯[含量＞4%]",3961
casNumber,"O,O-二乙基-S-(乙硫基甲基)二硫代磷酸酯、O,O-diethyl ethylthiomethyl phosphorodithioate、298-02-2.xml",298-02-2,"O,O-二乙基-S-(乙硫基甲基)二硫代磷酸酯",3964
casNumber,"O,O-二乙基-S-(对硝基苯基)硫代磷酸、O,O-diethyl-S-(p-nitrophenyl)phosphate、3270-86-8.xml",3270-86-8,"O,O-二乙基-S-(对硝基苯基)硫代磷酸",3963
casNumber,"O,O-二乙基-S-(异丙基氨基甲酰甲基)二硫代磷酸酯[含量＞15%]、O,O-diethyl isopropylcarbamoylmethyl phosphorodithioate(more than 15%)、2275-18-5.xml",2275-18-5,"O,O-二乙基-S-(异丙基氨基甲酰甲基)二硫代磷酸酯[含量＞15%]",3965
casNumber,"O,O-二乙基-S-[N-(1-氰基-1-甲基乙基)氨基甲酰甲基]硫代磷酸酯、S-[N-(1-cyano-1-methylethyl)carbamoylmethyl]O,O-diethyl phosphorothioate、3734-95-0.xml",3734-95-0,"O,O-二乙基-S-[N-(1-氰基-1-甲基乙基)氨基甲酰甲基]硫代磷酸酯",3966
casNumber,"O,O-二乙基-S-乙基亚磺酰基甲基二硫代磷酸酯、O,O-diethyl-s-(ethyl sulfoxidomethyl) dithiophosphate emulsion、2588-03-6.xml",2588-03-6,"O,O-二乙基-S-乙基亚磺酰基甲基二硫代磷酸酯",3969
casNumber,"O,O-二乙基-S-叔丁基硫甲基二硫代磷酸酯、S-tert-butylthiomethyl O,O-diethylphosphorodithioate、13071-79-9.xml",13071-79-9,"O,O-二乙基-S-叔丁基硫甲基二硫代磷酸酯",3968
casNumber,"O,O-二乙基-S-氯甲基二硫代磷酸酯[含量＞15%]、S-chloromethyl O,O-diethyl phosphorodithioate(more than 15%)、24934-91-6.xml",24934-91-6,"O,O-二乙基-S-氯甲基二硫代磷酸酯[含量＞15%]",3967
casNumber,"O,O-二异丙基-S-(2-苯磺酰胺基)乙基二硫代磷酸酯、O,O-diisopropyl 2-phenylsulphonylaminoethyl phosphorodithioate、741-58-2.xml",741-58-2,"O,O-二异丙基-S-(2-苯磺酰胺基)乙基二硫代磷酸酯",3970
casNumber,"O,O-二甲基-O-(1,2-二溴-2,2-二氯乙基)磷酸酯、1,2-dibromo-2,2-dichloroethyl dimethyl phosphate、300-76-5.xml",300-76-5,"O,O-二甲基-O-(1,2-二溴-2,2-二氯乙基)磷酸酯",3929
casNumber,"O,O-二甲基-O-(2,2-二氯乙烯基)磷酸酯、2,2-dichlorovinyl dimethyl phosphatedichlorvos、62-73-7.xml",62-73-7,"O,O-二甲基-O-(2,2-二氯乙烯基)磷酸酯",3930
casNumber,"O,O-二甲基-O-(4-甲硫基-3-甲基苯基)硫代磷酸酯、O,O-dimethyl-O-(4-methylthion-m-tolyl)phosphorothioate、55-38-9.xml",55-38-9,"O,O-二甲基-O-(4-甲硫基-3-甲基苯基)硫代磷酸酯",3931
casNumber,"O,O-二甲基-O-[1-甲基-2 氯-2-(二乙基氨基甲酰)乙烯基]磷酸酯、2-chloro-2-diethylcarbamoyl-1-methylvinyl dimethyl phosphate、13171-21-6.xml",13171-21-6,"O,O-二甲基-O-[1-甲基-2 氯-2-(二乙基氨基甲酰)乙烯基]磷酸酯",3932
casNumber,"O,O-二甲基-O-[1-甲基-2-(甲基氨基甲酰)乙烯基]磷酸酯[含量＞0.5% ]、dimethyl-1-methyl-2-(methylcarbamoyl)vinyl phosphate(more than 0.5%)、6923-22-4.xml",6923-22-4,"O,O-二甲基-O-[1-甲基-2-(甲基氨基甲酰)乙烯基]磷酸酯[含量＞0.5% ]",3933
casNumber,"O,O-二甲基-S-(2,3-二氢-5-甲氧基-2-氧代-1,3,4-噻二唑-3-基甲基)二硫代磷酸酯、2,3-dihydro-5-methoxy-2-oxo-1,3,4-thiadiazol-3-ylmethyl-O,O-dimethylphosphorodithioateultracide、950-37-8.xml",950-37-8,"O,O-二甲基-S-(2,3-二氢-5-甲氧基-2-氧代-1,3,4-噻二唑-3-基甲基)二硫代磷酸酯",3934
casNumber,"O,O-二甲基-S-(2-乙硫基乙基)二硫代磷酸酯、S-2-ethylthioethyl O,O-dimethyl phosphorodithioate、640-15-3.xml",640-15-3,"O,O-二甲基-S-(2-乙硫基乙基)二硫代磷酸酯",3936
casNumber,"O,O-二甲基-S-(2-甲硫基乙基)二硫代磷酸酯(II)、O,O-dimethyl S-2-methylthioethyl phosphorothioate、2587-90-8.xml",2587-90-8,"O,O-二甲基-S-(2-甲硫基乙基)二硫代磷酸酯(II)",3935
casNumber,"O,O-二甲基-S-(3,4-二氢-4-氧代苯并[d]-[1,2,3]-三氮苯-3-基甲基)二硫代磷酸酯、O,O-dimethyl-S-(3,4-dihydro-4-oxo-benzo[d]-[1,2,3]-triazin、86-50-0.xml",86-50-0,"O,O-二甲基-S-(3,4-二氢-4-氧代苯并[d]-[1,2,3]-三氮苯-3-基甲基)二硫代磷酸酯",3937
casNumber,"O,O-二甲基-S-(N-甲基氨基甲酰甲基)硫代磷酸酯、O,O-dimethyl S-methylcarbamoylmethyl phosphorothioate、1113-02-6.xml",1113-02-6,"O,O-二甲基-S-(N-甲基氨基甲酰甲基)硫代磷酸酯",3938
casNumber,"O,O-二甲基-S-(乙基氨基甲酰甲基)二硫代磷酸酯、ethoate-methyl、2642-71-9.xml",2642-71-9,"O,O-二甲基-S-(乙基氨基甲酰甲基)二硫代磷酸酯",3941
casNumber,"O,O-二甲基-S-(吗啉代甲酰甲基)二硫代磷酸酯、morphothion powder、144-41-2.xml",144-41-2,"O,O-二甲基-S-(吗啉代甲酰甲基)二硫代磷酸酯",3939
casNumber,"O,O-二甲基-S-(酞酰亚胺基甲基)二硫代磷酸酯、phosmet powder wettable powder、732-11-6.xml",732-11-6,"O,O-二甲基-S-(酞酰亚胺基甲基)二硫代磷酸酯",3940
casNumber,"O,O-二甲基-对硝基苯基磷酸酯、O,O-dimetyl-O-p-nitrphenylphosphate、950-35-6.xml",950-35-6,"O,O-二甲基-对硝基苯基磷酸酯",3942
casNumber,"O,O-双(4-氯苯基)N-(1-亚氨基)乙基硫代磷酸胺、O,O-bis(4-chlorophenyl)N-acetimidoylphosphoramidothioate、4104-14-7.xml",4104-14-7,"O,O-双(4-氯苯基)N-(1-亚氨基)乙基硫代磷酸胺",3971
casNumber,"O-(甲基氨基甲酰基)-1-二甲氨基甲酰-1-甲硫基甲醛肟、N',N'-dimethylcarbamoyl(methylthio)methylenamine N-methylcarbamate、23135-22-0.xml",23135-22-0,O-(甲基氨基甲酰基)-1-二甲氨基甲酰-1-甲硫基甲醛肟,3924
casNumber,O-O-二甲基-O-(2-甲氧甲酰基-1-甲基)乙烯基磷酸酯[含量＞5%]、2-methoxycarbonyl-1-methylvinyl dimethyl phosphate(more than 5%)、7786-34-7.xml,7786-34-7,O-O-二甲基-O-(2-甲氧甲酰基-1-甲基)乙烯基磷酸酯[含量＞5%],3973
casNumber,"O-O-二甲基-S-[1,2-双(乙氧基甲酰)乙基]二硫代磷酸酯、1,2-bis(ethoxycarbonyl)ethyl O,O-dimethyl phosphorodithioate、121-75-5.xml",121-75-5,"O-O-二甲基-S-[1,2-双(乙氧基甲酰)乙基]二硫代磷酸酯",3974
casNumber,"O-[4-((二甲氨基)磺酰基)苯基]O,O-二甲基硫代磷酸酯、O-(4-((dimethylamino)sulfonyl)phenyl) O,O-dimethyl phosphorothioate、52-85-7.xml",52-85-7,"O-[4-((二甲氨基)磺酰基)苯基]O,O-二甲基硫代磷酸酯",3972
casNumber,O-乙基-O-(3-甲基-4-甲硫基)苯基-N-异丙氨基磷酸酯、ethyl-4-methylthio-m-tolyl isopropyl phosphoramidate、22224-92-6.xml,22224-92-6,O-乙基-O-(3-甲基-4-甲硫基)苯基-N-异丙氨基磷酸酯,3981
casNumber,O-乙基-O-(4-硝基苯基)苯基硫代膦酸酯[含量＞15%]、O-ethyl-O-(4-nitrophenyl)phenyl phosphonothioate(more than 15%)、2104-64-5.xml,2104-64-5,O-乙基-O-(4-硝基苯基)苯基硫代膦酸酯[含量＞15%],3982
casNumber,"O-乙基-O-2,4,5-三氯苯基-乙基硫代膦酸酯、O-ethyl -2,4,5-trichlorophenyl ethylphosphonothioate、327-98-0.xml",327-98-0,"O-乙基-O-2,4,5-三氯苯基-乙基硫代膦酸酯",3984
casNumber,O-乙基-O-[(2-异丙氧基酰基)苯基]-N-异丙基硫代磷酰胺、O-ethyl O-2-isopropoxycarbonylphenyl-isopropylphosphoramidothioate、25311-71-1.xml,25311-71-1,O-乙基-O-[(2-异丙氧基酰基)苯基]-N-异丙基硫代磷酰胺,3983
casNumber,"O-乙基-S,S-二丙基二硫代磷酸酯、ethyl-S,S-dipropyl phosphorodithioate、13194-48-4.xml",13194-48-4,"O-乙基-S,S-二丙基二硫代磷酸酯",3986
casNumber,"O-乙基-S,S-二苯基二硫代磷酸酯、O-ethyl S,S-diphenyl phosphorodithioate、17109-49-8.xml",17109-49-8,"O-乙基-S,S-二苯基二硫代磷酸酯",3985
casNumber,O-乙基-S-苯基乙基二硫代膦酸酯[含量＞6%]、O-ethyl phenyl ethylphosphonodithioate(more than 6%)、944-22-9.xml,944-22-9,O-乙基-S-苯基乙基二硫代膦酸酯[含量＞6%],3987
casNumber,O-甲基-O-(2-异丙氧基甲酰基苯基)硫代磷酰胺、O-methyl-O-(O- isopropoxycarbonyl phenyl) phosphoramidothioate、24353-61-5.xml,24353-61-5,O-甲基-O-(2-异丙氧基甲酰基苯基)硫代磷酰胺,3975
casNumber,"O-甲基-O-(4-溴-2,5-二氯苯基)苯基硫代磷酸酯、O-4-bromo-2,5-dichlorophenyl O-methyl phenylphosphorothioate、21609-90-5.xml",21609-90-5,"O-甲基-O-(4-溴-2,5-二氯苯基)苯基硫代磷酸酯",3976
casNumber,O-甲基-O-[(2-异丙氧基甲酰)苯基]-N-异丙基硫代磷酰胺、N-isopropyl-O-methyl-O-((2-isopropyloxido carbonyl)phenyl)thiophosphoryl amidate、99675-03-3.xml,99675-03-3,O-甲基-O-[(2-异丙氧基甲酰)苯基]-N-异丙基硫代磷酰胺,3977
casNumber,"O-甲基-S-甲基-硫代磷酰胺、O,S-dimethylphosphoramidothioate、10265-92-6.xml",10265-92-6,O-甲基-S-甲基-硫代磷酰胺,3978
casNumber,O-甲基氨基甲酰基-2-甲基-2-(甲硫基)丙醛肟、2-methyl-2-(methylthio)propanal-O-(N-methylcarbamoyl)oxime、116-06-3.xml,116-06-3,O-甲基氨基甲酰基-2-甲基-2-(甲硫基)丙醛肟,3979
casNumber,"O-甲基氨基甲酰基-3,3-二甲基-1-(甲硫基)丁醛肟、3,3-dimethyl-1-(methylthio)butanone-O-(N-methylcarbamoyl)oxime、39196-18-4.xml",39196-18-4,"O-甲基氨基甲酰基-3,3-二甲基-1-(甲硫基)丁醛肟",3980
casNumber,O，O’-二甲基硫代磷酰氯、O，O’-Dimethylthiophosphoryl chloride、2524-03-0.xml,2524-03-0,O，O’-二甲基硫代磷酰氯,3928
casNumber,"S,S,S-三丁基三硫代磷酸酯、S,S,S-tributylphosphorotrithioate、78-48-8.xml",78-48-8,"S,S,S-三丁基三硫代磷酸酯",3988
casNumber,"S,S´-(1,4-二噁烷 2,3-二基)O,O,O´,O´-四乙基双(二硫代磷酸酯)、1,4-dioxan-2,3-diyl-O,O,O',O'-tetraethyl di(phosphorodithioate)、78-34-2.xml",78-34-2,"S,S´-(1,4-二噁烷 2,3-二基)O,O,O´,O´-四乙基双(二硫代磷酸酯)",3989
casNumber,"S-[2-(二乙氨基)乙基]-O,O-二乙基硫赶磷酸酯、S-[2-(Diethylamino)ethyl]O，O-diethylphosphorothioate、78-53-5.xml",78-53-5,"S-[2-(二乙氨基)乙基]-O,O-二乙基硫赶磷酸酯",3990
casNumber,"S-乙基亚磺酰甲基-O,O-二异丙基二硫代磷酸酯、S-ethylsulphinylmethyl O,O-diisopropylphosphorodithioate、5827-05-4.xml",5827-05-4,"S-乙基亚磺酰甲基-O,O-二异丙基二硫代磷酸酯",3992
casNumber,S-甲基-N-[(甲基氨基甲酰基)-氧基]硫代乙酰胺酸酯、1-(methylthio)ethylideneamino N-methylcarbamate、16752-77-5.xml,16752-77-5,S-甲基-N-[(甲基氨基甲酰基)-氧基]硫代乙酰胺酸酯,3991
casNumber,"α,α-二氯甲苯、α,α-dichlorotoluene、98-87-3.xml",98-87-3,"α,α-二氯甲苯",3993
casNumber,α-六氯环己烷、alpha-hexachlorocyclohexane、319-84-6.xml,319-84-6,α-六氯环己烷,3996
casNumber,α-氯化筒箭毒碱、α-Tubocurarine chloride、57-94-3.xml,57-94-3,α-氯化筒箭毒碱,3997
casNumber,α-甲基丙烯醛、α-methacrylaldehyde、78-85-3.xml,78-85-3,α-甲基丙烯醛,3995
casNumber,α-甲基苯基甲醇、α-methylbenzyl alcohol、98-85-1.xml,98-85-1,α-甲基苯基甲醇,3994
casNumber,α-萘乙酸、α-Naphthaleneacetic acid 、86-87-3.xml,86-87-3,α-萘乙酸,3999
casNumber,α-萘甲酸、α-naphthoic acid、86-55-5.xml,86-55-5,α-萘甲酸,3998
casNumber,α-蒎烯、α-pinene、80-56-8.xml,80-56-8,α-蒎烯,4000
casNumber,"β,β'-亚氨基二丙腈、β,β′-iminodipropionitrile、111-94-4.xml",111-94-4,"β,β'-亚氨基二丙腈",4002
casNumber,"β,β'-氧化二丙腈、β,β'-oxydipropionitrile、1656-48-0.xml",1656-48-0,"β,β'-氧化二丙腈",4003
casNumber,"β,β'-硫代二丙腈、β,β′-thiodipropionitrile、111-97-7.xml",111-97-7,"β,β'-硫代二丙腈",4001
casNumber,β-丙内酯、β-Propiolactone、57-57-8.xml,57-57-8,β-丙内酯,4004
casNumber,β-二甲氨基丙腈、β-(Dimethylamino)propionitrile、1738-25-6.xml,1738-25-6,β-二甲氨基丙腈,4005
casNumber,β-六氯环己烷、beta-hexachlorocyclohexane、319-85-7.xml,319-85-7,β-六氯环己烷,4007
casNumber,β-甲氧基丙腈、β-Methoxypropionitrile、110-67-8.xml,110-67-8,β-甲氧基丙腈,4006
productName,β-羟基萘甲酸、β-hydroxy-naphthoic acid、228-08-1.xml,228-08-1,β-羟基萘甲酸,4009
casNumber,β-蒎烯、β-pinene、127-91-3.xml,127-91-3,β-蒎烯,4008
casNumber,"γ-(1,2,4,5 3,6)-六氯环己烷、γ-1,2,3,4,5,6-hexachlorocyclohexane、58-89-9.xml",58-89-9,"γ-(1,2,4,5 3,6)-六氯环己烷",4010
casNumber,γ-丁内酯、γ-Butyrolactone、96-48-0.xml,96-48-0,γ-丁内酯,4011
casNumber,一氟乙酸对溴苯胺、monofluoroaceto-p-bromo-anilide、351-05-3.xml,351-05-3,一氟乙酸对溴苯胺,5633
casNumber,一氧化二氮[压缩的或液化的]、nitrous oxide、10024-97-2.xml,10024-97-2,一氧化二氮[压缩的或液化的],5646
casNumber,一氧化氮、nitrogen monoxide、10102-43-9.xml,10102-43-9,一氧化氮,5645
casNumber,一氧化铅、lead oxide、1317-36-8.xml,1317-36-8,一氧化铅,5647
casNumber,一氯三氟甲烷、chlorotrifluoromethane、75-72-9.xml,75-72-9,一氯三氟甲烷,4900
casNumber,一氯丙酮、Chloroacetone、78-95-5.xml,78-95-5,一氯丙酮,5635
casNumber,一氯乙醛、chloroacetaldehyde、107-20-0.xml,107-20-0,一氯乙醛,5642
casNumber,一氯二氟甲烷、monochlorodifluoromethane、75-45-6.xml,75-45-6,一氯二氟甲烷,5636
casNumber,一氯五氟乙烷、chloropentafluoroethane、76-15-3.xml,76-15-3,一氯五氟乙烷,5641
casNumber,一氯五氟化苯、Chloropentafluorobenzene、344-07-0.xml,344-07-0,一氯五氟化苯,5640
casNumber,一氯化硫、Sulfur chloride、10025-67-9.xml,10025-67-9,一氯化硫,5639
casNumber,一氯化碘、Iodine monoehloride、7790-99-0.xml,7790-99-0,一氯化碘,5638
casNumber,一氯化苯醚、Monochlorophenyl ether、55398-86-2.xml,55398-86-2,一氯化苯醚,5637
casNumber,一溴三氟乙烷、Bromotrifluoroethane、421-06-7.xml,421-06-7,一溴三氟乙烷,5644
casNumber,一溴化碘、Iodine bromide、7789-33-5.xml,7789-33-5,一溴化碘,5643
casNumber,一甲胺[无水]、monomethylamine、74-89-5.xml,74-89-5,一甲胺[无水],5634
casNumber,丁二仲醇、2，3-Butylene glycol、513-85-9.xml,513-85-9,丁二仲醇,4192
casNumber,丁二炔、1，3-Butadiyne、460-12-8.xml,460-12-8,丁二炔,4186
casNumber,丁二腈、butanedinitrile、110-61-2.xml,110-61-2,丁二腈,4184
casNumber,丁二酰亚胺、Succinimide、123-56-8.xml,123-56-8,丁二酰亚胺,4191
casNumber,丁二酰氯、butanedioyl chloride、543-20-4.xml,543-20-4,丁二酰氯,4190
casNumber,丁二酸、Succinic acid、110-15-6.xml,110-15-6,丁二酸,4187
casNumber,丁二酸二丁酯、Dibutyl succinate、141-03-7.xml,141-03-7,丁二酸二丁酯,4189
casNumber,丁二酸二丙酯、Dipropyl succinate、925-15-5.xml,925-15-5,丁二酸二丙酯,4188
casNumber,丁二醇单乙基醚、Butylene glycol monoethyl ether、111-73-9.xml,111-73-9,丁二醇单乙基醚,4183
casNumber,丁二醇单甲基醚、Butylene glycol monomethyl ether、111-32-0.xml,111-32-0,丁二醇单甲基醚,4182
casNumber,丁二醛、Succinaldehyde、638-37-9.xml,638-37-9,丁二醛,4185
casNumber,丁基三氯硅烷、Butyl silicontrichloride、7521-80-4.xml,7521-80-4,丁基三氯硅烷,4196
casNumber,丁基磷酸、Butyl acid phosphate、12788-93-1.xml,12788-93-1,丁基磷酸,4195
casNumber,丁基锂、butyllithium、109-72-8.xml,109-72-8,丁基锂,4194
casNumber,丁烯二酰氯[反式]、trans-Butenedioyl chloride、627-63-4.xml,627-63-4,丁烯二酰氯[反式],4202
casNumber,丁烯缩醛、Crotonaldehyde acetal、10602-34-3.xml,10602-34-3,丁烯缩醛,4206
casNumber,丁烯酸乙酯、Ethyl crotonate、623-70-1.xml,623-70-1,丁烯酸乙酯,4205
casNumber,丁烯酸甲酯、Methyl crotonate、623-43-8.xml,623-43-8,丁烯酸甲酯,4204
casNumber,丁烯酸酐、Crotonic anhydride、78957-07-0.xml,78957-07-0,丁烯酸酐,4203
casNumber,丁酰胺、Butyramide、541-35-5.xml,541-35-5,丁酰胺,4207
casNumber,丁酸正戊酯、amyl butyrate、540-18-1.xml,540-18-1,丁酸正戊酯,4201
casNumber,丁酸烯丙酯、propenyl butyrate、2051-78-7.xml,2051-78-7,丁酸烯丙酯,4200
casNumber,丁酸酐、butyric anhydride、106-31-0.xml,106-31-0,丁酸酐,4199
casNumber,丁醛肟、Butyraldoxime、110-69-0.xml,110-69-0,丁醛肟,4198
casNumber,丁间二醇、1，3-Butylene glycol、107-88-0.xml,107-88-0,丁间二醇,4197
casNumber,丁隔二醇、1，4-Butylene glycol、110-63-4.xml,110-63-4,丁隔二醇,4193
casNumber,七氟丁酸、Heptafluorobutyric acid、375-22-4.xml,375-22-4,七氟丁酸,4973
casNumber,七溴二苯醚、heptabromodiphenyl oxide、68928-80-3.xml,68928-80-3,七溴二苯醚,4975
casNumber,七硫化四磷、Phosphorus hepta sulfide、12037-82-0.xml,12037-82-0,七硫化四磷,4974
casNumber,"三(2,3-二溴丙磷酸脂)磷酸盐、tris(2,3-dibromo-1-propyl) phosphate、126-72-7.xml",126-72-7,"三(2,3-二溴丙磷酸脂)磷酸盐",5060
casNumber,三(2-甲基氮丙啶)氧化磷、Tris(2-methyl-1-aziridinyl)-phosphine oxide、57-39-6.xml,57-39-6,三(2-甲基氮丙啶)氧化磷,5061
casNumber,"三(环己基)-1,2,4-三唑-1-基)锡、1-(tricyclohexylstannyl)-1H-1,2,4-triazole、41083-11-8.xml",41083-11-8,"三(环己基)-1,2,4-三唑-1-基)锡",5062
casNumber,三(羟甲基)硝基甲烷、Tri(hydroxymethyl)nitromethane、126-11-4.xml,126-11-4,三(羟甲基)硝基甲烷,5063
casNumber,三-(1-吖丙啶基)氧化膦、tri-(1-aziridinyl)phosphine oxide、545-55-1.xml,545-55-1,三-(1-吖丙啶基)氧化膦,5059
casNumber,三丁基氟化锡、tributyl tin fluoride、1983-10-4.xml,1983-10-4,三丁基氟化锡,5075
casNumber,三丁基氢化锡、tributylstannic hydride、688-73-3.xml,688-73-3,三丁基氢化锡,5080
casNumber,三丁基氧化锡、tributyltin oxide、56-35-9.xml,56-35-9,三丁基氧化锡,5084
casNumber,三丁基氯化锡、tributyltin chloride、1461-22-9.xml,1461-22-9,三丁基氯化锡,5078
casNumber,三丁基硼、tributyl boron、122-56-5.xml,122-56-5,三丁基硼,5079
casNumber,三丁基膦、Tributyl phosphine、998-40-3.xml,998-40-3,三丁基膦,5076
casNumber,三丁基铝、tributyl aluminium、1116-70-7.xml,1116-70-7,三丁基铝,5077
casNumber,三丁基锡亚油酸、tributyltin linoleate、24124-25-2.xml,24124-25-2,三丁基锡亚油酸,5083
casNumber,"三丁基锡环烷酸、stannane, tributyl, mono(naphthenoyloxy) derivs、85409-17-2.xml",85409-17-2,三丁基锡环烷酸,5082
casNumber,三丁基锡苯甲酸、tributyltin benzoate、4342-36-3.xml,4342-36-3,三丁基锡苯甲酸,5081
casNumber,三丁锡甲基丙烯酸、tributyltin methacrylate、2155-70-6.xml,2155-70-6,三丁锡甲基丙烯酸,5085
casNumber,三丙二醇、Tripropylene glycol、24800-44-0.xml,24800-44-0,三丙二醇,5067
casNumber,三丙基氯化锡、tripropyl tin chloride、2279-76-7.xml,2279-76-7,三丙基氯化锡,5069
casNumber,三丙基铝、Tripropyl aluminium、102-67-0.xml,102-67-0,三丙基铝,5068
casNumber,三乙二醇乙醚、triethylene glycol ethyl ether、112-50-5.xml,112-50-5,三乙二醇乙醚,5178
casNumber,三乙基氯化锡、Chlorotriethyl stannane、994-31-0.xml,994-31-0,三乙基氯化锡,5180
casNumber,三乙基砷酸酯、triethyl arsenate、15606-95-8.xml,15606-95-8,三乙基砷酸酯,5182
casNumber,三乙基硼、triethyl boron、97-94-9.xml,97-94-9,三乙基硼,5181
casNumber,三乙基铝、aluminum triethyl、97-93-8.xml,97-93-8,三乙基铝,5179
casNumber,三乙基锑、antimony triethyl、617-85-6.xml,617-85-6,三乙基锑,5183
casNumber,三乙磷酸酯、Triethyl phosphate、78-40-0.xml,78-40-0,三乙磷酸酯,5184
casNumber,三乙胺、triethylamine、121-44-8.xml,121-44-8,三乙胺,5176
casNumber,三乙醇胺、Triethanolamine、102-71-6.xml,102-71-6,三乙醇胺,5177
casNumber,"三亚乙基四胺、3,6-diazaoctanethylenediamin、112-24-3.xml",112-24-3,三亚乙基四胺,5167
casNumber,三异丁基铝、aluminium triisobutyl、100-99-2.xml,100-99-2,三异丁基铝,5186
casNumber,三异丙醇胺、Triisopropanolamine、122-20-3.xml,122-20-3,三异丙醇胺,5185
casNumber,三正丁胺、tri-n-butylamine、102-82-9.xml,102-82-9,三正丁胺,5188
casNumber,三正丙胺、tri-n-propylamine、102-69-2.xml,102-69-2,三正丙胺,5187
casNumber,三氟丙酮、Trifluoroacetone、421-50-1.xml,421-50-1,三氟丙酮,5086
casNumber,三氟乙酰氯、Trifluoroacetyl chloride、354-32-5.xml,354-32-5,三氟乙酰氯,5107
casNumber,三氟乙酰苯胺、trifluoroacetanilide、404-24-0.xml,404-24-0,三氟乙酰苯胺,5106
casNumber,三氟乙酸、trifluoroacetic acid、76-05-1.xml,76-05-1,三氟乙酸,5102
casNumber,三氟乙酸乙酯、Ethyl trifluoroacetate、383-63-1.xml,383-63-1,三氟乙酸乙酯,5105
casNumber,三氟乙酸酐、trifluoroacetic anhydride、407-25-0.xml,407-25-0,三氟乙酸酐,5103
casNumber,三氟乙酸铬、chromium trifluoroacetate、16712-29-1.xml,16712-29-1,三氟乙酸铬,5104
casNumber,三氟化氮、nitrogen trifluoride、7783-54-2.xml,7783-54-2,三氟化氮,5088
casNumber,三氟化氯、Chlorine trifluoride、7790-91-2.xml,7790-91-2,三氟化氯,5090
casNumber,三氟化溴、Bromine trifluoride、7787-71-5.xml,7787-71-5,三氟化溴,5099
casNumber,三氟化砷、arsenic trifluoride、7784-35-2.xml,7784-35-2,三氟化砷,5097
casNumber,三氟化硼、boron trifluoride、7637-07-2.xml,7637-07-2,三氟化硼,5091
casNumber,三氟化硼乙胺、Boron trifluoride ethylamine、75-23-0.xml,75-23-0,三氟化硼乙胺,5093
casNumber,三氟化硼乙酸络合物、boron trifluoride acetic acid complex、7578-36-1.xml,7578-36-1,三氟化硼乙酸络合物,5096
casNumber,三氟化硼乙酸酐、Boron trifluoride acetic anhydride、591-00-4.xml,591-00-4,三氟化硼乙酸酐,5095
casNumber,三氟化硼乙醚络合物、boron trifluoride diethyl etherate、109-63-7.xml,109-63-7,三氟化硼乙醚络合物,5094
casNumber,三氟化硼甲醚络合物、boron trifluoride dimethyl etherate、353-42-4.xml,353-42-4,三氟化硼甲醚络合物,5092
casNumber,三氟化磷、Phosphorous trifluoride、7783-55-3.xml,7783-55-3,三氟化磷,5089
casNumber,三氟化铋、bismuth trifluoride、7787-61-3.xml,7787-61-3,三氟化铋,5087
casNumber,三氟化锑、antimony trifluoride、7783-56-4.xml,7783-56-4,三氟化锑,5098
casNumber,三氟氯乙烯、Chlorotrifluoroethylene、79-38-9.xml,79-38-9,三氟氯乙烯,5101
casNumber,三氟甲烷、trifluoromethane、75-46-7.xml,75-46-7,三氟甲烷,5100
casNumber,三氟甲苯、benzotrifluoride、98-08-8.xml,98-08-8,三氟甲苯,4047
casNumber,三氧化二氮、nitrogen trioxide、10544-73-7.xml,10544-73-7,三氧化二氮,5168
casNumber,三氧化二砷、arsenic trioxide、1327-53-3.xml,1327-53-3,三氧化二砷,5172
casNumber,三氧化二磷、Phosphorus trioxide、1314-24-5.xml,1314-24-5,三氧化二磷,5170
casNumber,三氧化二钒、Vanadium trioxide、1314-34-7.xml,1314-34-7,三氧化二钒,5169
casNumber,三氧化二铅、Lead trioxide、1314-27-8.xml,1314-27-8,三氧化二铅,5171
casNumber,三氧化硒、Selenium trioxide、13768-86-0.xml,13768-86-0,三氧化硒,5175
casNumber,"三氧化硫[稳定的]、sulphur trioxide,stabilized、7446-11-9.xml",7446-11-9,三氧化硫[稳定的],5174
casNumber,三氧化铬[无水]、chromium(Ⅵ)trioxide、1333-82-0.xml,1333-82-0,三氧化铬[无水],5173
casNumber,三氯一氟甲烷、trichlorofluoromethane、75-69-4.xml,75-69-4,三氯一氟甲烷,5142
casNumber,三氯三氟丙酮、Trichlorotrifluoroacetone、79-52-7.xml,79-52-7,三氯三氟丙酮,5139
casNumber,三氯乙腈、trichloroacetonitrile、545-06-2.xml,545-06-2,三氯乙腈,5143
casNumber,三氯乙酰氯、Trichloroacetyl chloride、76-02-8.xml,76-02-8,三氯乙酰氯,5148
casNumber,三氯乙酸、trichloroacetic acid、76-03-9.xml,76-03-9,三氯乙酸,5145
casNumber,三氯乙酸甲酯、Methyl trichloroacetate、598-99-2.xml,598-99-2,三氯乙酸甲酯,5146
casNumber,三氯乙醛、trichloroacetaldehyde、75-87-6.xml,75-87-6,三氯乙醛,5144
casNumber,三氯化三乙基二铝、trichlorotriethyl dialuminium、12075-68-2.xml,12075-68-2,三氯化三乙基二铝,5132
casNumber,三氯化三甲基二铝、Trichlorotrimethyl dialuminum、12542-85-7.xml,12542-85-7,三氯化三甲基二铝,5131
casNumber,三氯化砷、arsenic trichloride、7784-34-1.xml,7784-34-1,三氯化砷,5133
casNumber,三氯化硼、boron trichloride、10294-34-5.xml,10294-34-5,三氯化硼,5130
casNumber,三氯化碘、iodine trichloride、865-44-1.xml,865-44-1,三氯化碘,5125
casNumber,三氯化磷、phosphorus trichloride、7719-12-2.xml,7719-12-2,三氯化磷,5127
casNumber,三氯化钒、Vanadium trichloride、7718-98-1.xml,7718-98-1,三氯化钒,5126
casNumber,三氯化钛、titanium trichloride、7705-07-9.xml,7705-07-9,三氯化钛,5134
casNumber,三氯化钼、molybdenum trichloride、13478-18-7.xml,13478-18-7,三氯化钼,5129
casNumber,三氯化铁、ferric trichloride、7705-08-0.xml,7705-08-0,三氯化铁,5136
casNumber,三氯化铝(无水)、aluminium trichloride、7446-70-0.xml,7446-70-0,三氯化铝(无水),5128
casNumber,三氯化锑、antimony trichloride、10025-91-9.xml,10025-91-9,三氯化锑,5135
casNumber,三氯异氰尿酸、Trichloroisocyanuric acid、87-90-1.xml,87-90-1,三氯异氰尿酸,5149
casNumber,三氯氧化钒、Vanadium oxytrichloride、7727-18-6.xml,7727-18-6,三氯氧化钒,5141
casNumber,三氯甲烷、trichloromethane、67-66-3.xml,67-66-3,三氯甲烷,5138
casNumber,三氯甲苯、benzotrichloride、98-07-7.xml,98-07-7,三氯甲苯,5137
casNumber,三氯硅烷、trichlorosilane、10025-78-2.xml,10025-78-2,三氯硅烷,5124
casNumber,三氯硝基甲烷、nitrotrichloromethane、76-06-2.xml,76-06-2,三氯硝基甲烷,5140
casNumber,三溴乙烯、tribromoethylene、598-16-3.xml,598-16-3,三溴乙烯,5166
casNumber,三溴乙醛、Tribromoacetaldehyde、115-17-3.xml,115-17-3,三溴乙醛,5165
casNumber,三溴化三甲基二铝、Tribromotrimethyl dialuminum、12263-85-3.xml,12263-85-3,三溴化三甲基二铝,5161
casNumber,三溴化砷、Arsenic tribromide、7784-33-0.xml,7784-33-0,三溴化砷,5162
casNumber,三溴化硼、boron tribromide、10294-33-4.xml,10294-33-4,三溴化硼,5160
casNumber,三溴化碘、Iodine tribromide、7789-58-4.xml,7789-58-4,三溴化碘,5157
casNumber,三溴化磷、phosphorus tribromide、7789-60-8.xml,7789-60-8,三溴化磷,5158
casNumber,三溴化铝(无水)、aluminium tribromide、7727-15-3.xml,7727-15-3,三溴化铝(无水),5159
casNumber,三溴化锑、antimony tribromide、7789-61-9.xml,7789-61-9,三溴化锑,5163
casNumber,三溴甲烷、tribromomethane、75-25-2.xml,75-25-2,三溴甲烷,5164
casNumber,三烯丙基胺、Triallylamine、102-70-5.xml,102-70-5,三烯丙基胺,5150
casNumber,三环己基氢氧化锡、Hydroxytricyclohexylstannane 、13121-70-5.xml,13121-70-5,三环己基氢氧化锡,5108
casNumber,三甲基乙酰氯、Trimethylacetyl chloride、3282-30-2.xml,3282-30-2,三甲基乙酰氯,5114
casNumber,三甲基氯硅烷、trimethylchlorosilane、75-77-4.xml,75-77-4,三甲基氯硅烷,5112
casNumber,三甲基环己胺、trimethylcyclohexylamine、15901-42-5.xml,15901-42-5,三甲基环己胺,5110
casNumber,三甲基硼、Trimethyl boron、593-90-8.xml,593-90-8,三甲基硼,5113
casNumber,三甲基铝、trimethyl aluminium、75-24-1.xml,75-24-1,三甲基铝,5111
casNumber,三甲胺溶液、tri-methylamine solution、75-50-3.xml,75-50-3,三甲胺溶液,5109
casNumber,三硝基芴酮、trinitrofluorenone、129-79-3.xml,129-79-3,三硝基芴酮,5156
casNumber,三硝基苯乙醚、trinitrophenetole、4732-14-3.xml,4732-14-3,三硝基苯乙醚,5153
casNumber,三硝基苯甲醚、trinitrophenyl methyl ether、28653-16-9.xml,28653-16-9,三硝基苯甲醚,5152
casNumber,三硝基苯磺酸、trinitrobenzene sulphonic acid、2508-19-2.xml,2508-19-2,三硝基苯磺酸,5151
casNumber,三硝基萘、trinitronaphthalene、55810-17-8.xml,55810-17-8,三硝基萘,5155
casNumber,三硝基间甲酚、trinitro-m-cresol、602-99-3.xml,602-99-3,三硝基间甲酚,5154
casNumber,三硫化二磷、Phosphorus trisulfide、12165-69-4.xml,12165-69-4,三硫化二磷,5121
casNumber,三硫化二锑、Antimony trisulfide、1345-04-6.xml,1345-04-6,三硫化二锑,5122
casNumber,三硫化四磷、Tetraphosphorus trisulfide、1314-85-8.xml,1314-85-8,三硫化四磷,5123
casNumber,三碘乙酸、Triiodoacetic acid、594-68-3.xml,594-68-3,三碘乙酸,5074
casNumber,三碘化砷、arsenic triiodide、7784-45-4.xml,7784-45-4,三碘化砷,5070
casNumber,三碘化铊、thallium triiodide、13453-37-7.xml,13453-37-7,三碘化铊,5071
casNumber,三碘化锑、antimony triiodide、64013-16-7.xml,64013-16-7,三碘化锑,5072
casNumber,三碘甲烷、iodoform、75-47-8.xml,75-47-8,三碘甲烷,5073
casNumber,三聚丙烯、Tripropylene、13987-01-4.xml,13987-01-4,三聚丙烯,5115
casNumber,"三聚乙醛、2,4,6-trimethyl-1,3,5-trioxan、123-63-7.xml",123-63-7,三聚乙醛,5119
casNumber,三聚异丁烯、Triisobutylene、7756-94-7.xml,7756-94-7,三聚异丁烯,5120
casNumber,三聚氰胺、Melamine、108-78-1.xml,108-78-1,三聚氰胺,5117
casNumber,三聚氰酸三烯丙酯、Triallyl cyanurate、101-37-1.xml,101-37-1,三聚氰酸三烯丙酯,5118
casNumber,三聚甲醛、Metaformaldehyde、110-88-3.xml,110-88-3,三聚甲醛,5116
casNumber,三苯基乙酸锡、triphenyltin acetate、900-95-8.xml,900-95-8,三苯基乙酸锡,5066
casNumber,三苯基氯硅烷、Triphenylchlorosilane、76-86-8.xml,76-86-8,三苯基氯硅烷,5065
casNumber,三苯基磷、triphenyl phosphine、603-35-0.xml,603-35-0,三苯基磷,5064
casNumber,"丙二烯[稳定的]、propadiene,stabilized、463-49-0.xml",463-49-0,丙二烯[稳定的],4087
casNumber,丙二腈、propanedinitrile、109-77-3.xml,109-77-3,丙二腈,4084
casNumber,丙二酰氯、Malonyl chloride、1663-67-8.xml,1663-67-8,丙二酰氯,4088
casNumber,丙二酸、Propanedioic acid、141-82-2.xml,141-82-2,丙二酸,4085
casNumber,丙二酸铊、Thallium(Ⅰ)malonate、2757-18-8.xml,2757-18-8,丙二酸铊,4086
casNumber,丙二醇乙醚、Propylene glycol monoethyl ether、1569-02-4.xml,1569-02-4,丙二醇乙醚,4083
casNumber,丙基三氯硅烷、propyltrichlorosilane、141-57-1.xml,141-57-1,丙基三氯硅烷,4089
casNumber,丙基胂酸、propyl arsonic acid、107-34-6.xml,107-34-6,丙基胂酸,4090
casNumber,丙炔、propyne、74-99-7.xml,74-99-7,丙炔,4093
casNumber,丙炔和丙二烯混合物、propyne and allene mixtures、59355-75-8.xml,59355-75-8,丙炔和丙二烯混合物,4094
casNumber,丙炔酸、Propiolic acid、471-25-0.xml,471-25-0,丙炔酸,4095
casNumber,丙烯、propylene、115-07-1.xml,115-07-1,丙烯,4113
casNumber,丙烯亚胺、Propyleneimine、75-55-8.xml,75-55-8,丙烯亚胺,4125
casNumber,丙烯酰氯、Acryloyl chloride、814-68-6.xml,814-68-6,丙烯酰氯,4124
productName,丙烯酰胺、acrylamide、79-06-1.xml,79-06-1,丙烯酰胺,4123
casNumber,丙烯酸-2-硝基丁酯、2-nitrobutyl acrylate、5390-54-5.xml,5390-54-5,丙烯酸-2-硝基丁酯,4117
casNumber,丙烯酸-2，3-环氧丙酯、2，3-Epoxypropyl acrylate、106-90-1.xml,106-90-1,丙烯酸-2，3-环氧丙酯,4116
casNumber,"丙烯酸[稳定的]、acrylic acid,stabilized、79-10-7.xml",79-10-7,丙烯酸[稳定的],4115
casNumber,"丙烯酸乙酯[稳定的]、ethyl acrylate,stabilized、140-88-5.xml",140-88-5,丙烯酸乙酯[稳定的],4120
casNumber,"丙烯酸异丁酯[稳定的]、isobutyl acrylate,stabilized、106-63-8.xml",106-63-8,丙烯酸异丁酯[稳定的],4121
casNumber,"丙烯酸正丁酯[稳定的]、n-butyl acrylate,stabilized、141-32-2.xml",141-32-2,丙烯酸正丁酯[稳定的],4122
casNumber,"丙烯酸甲酯[稳定的]、methyl acrylate,stabilized、96-33-3.xml",96-33-3,丙烯酸甲酯[稳定的],4118
casNumber,丙烯酸羟丙酯、Hydroxypropylacrylate、2918-23-2.xml,2918-23-2,丙烯酸羟丙酯,4119
casNumber,"丙烯醛[稳定的]、propenal,stabilized、107-02-8.xml",107-02-8,丙烯醛[稳定的],4114
casNumber,丙烷、propane、74-98-6.xml,74-98-6,丙烷,4112
casNumber,丙胺氟磷、Mipafox、371-86-8.xml,371-86-8,丙胺氟磷,4082
casNumber,丙腈、propionitrile、107-12-0.xml,107-12-0,丙腈,4091
casNumber,丙酮、acetone、67-64-1.xml,67-64-1,丙酮,4109
casNumber,丙酮基丙酮、Acetonyl acetone、110-13-4.xml,110-13-4,丙酮基丙酮,4110
casNumber,丙酮氰醇、Acetone cyanohydrin、75-86-5.xml,75-86-5,丙酮氰醇,4111
casNumber,丙酰氯、Propionyl chloride、79-03-8.xml,79-03-8,丙酰氯,4127
casNumber,丙酰胺、Propionamide、79-05-0.xml,79-05-0,丙酰胺,4126
productName,丙酸、propionic acid、79-09-4.xml,79-09-4,丙酸,4096
casNumber,丙酸乙烯酯、Vinyl propionate、105-38-4.xml,105-38-4,丙酸乙烯酯,4101
casNumber,丙酸乙酯、ethyl propanoate、105-37-3.xml,105-37-3,丙酸乙酯,4102
casNumber,丙酸仲丁酯、sec-butyl propionate、591-34-4.xml,591-34-4,丙酸仲丁酯,4108
casNumber,丙酸异丁酯、isobutyl propionate、540-42-1.xml,540-42-1,丙酸异丁酯,4104
casNumber,丙酸异丙酯、isopropylpropionate、637-78-5.xml,637-78-5,丙酸异丙酯,4103
casNumber,丙酸异戊酯、isoamyl propionate、105-68-0.xml,105-68-0,丙酸异戊酯,4105
productName,丙酸正丁酯、butyl propionate、20487-40-5.xml,20487-40-5,丙酸正丁酯,4106
casNumber,丙酸正戊酯、amyl propionate、624-54-4.xml,624-54-4,丙酸正戊酯,4107
casNumber,丙酸烯丙酯、allyl propionate、2408-20-0.xml,2408-20-0,丙酸烯丙酯,4100
casNumber,丙酸甲酯、methyl propionate、554-12-1.xml,554-12-1,丙酸甲酯,4099
casNumber,丙酸苯汞、Phenyl mercuric propionate、103-27-5.xml,103-27-5,丙酸苯汞,4097
casNumber,丙酸酐、propionic anhydride、123-62-6.xml,123-62-6,丙酸酐,4098
casNumber,丙醛、propanal、123-38-6.xml,123-38-6,丙醛,4092
casNumber,丝裂霉素 C、mitomycin C、50-07-7.xml,50-07-7,丝裂霉素 C,5269
casNumber,乌头碱、aconitine、302-27-2.xml,302-27-2,乌头碱,5358
casNumber,乐果、Rogor、60-51-5.xml,60-51-5,乐果,4714
casNumber,乙二酰氯、Ethanedioyl chloride、79-37-8.xml,79-37-8,乙二酰氯,5661
casNumber,乙二酸二丁酯、dibutyl ethanedioate、2050-60-4.xml,2050-60-4,乙二酸二丁酯,5658
casNumber,乙二酸二乙酯、diethyl ethanedioate、95-92-1.xml,95-92-1,乙二酸二乙酯,5660
casNumber,乙二酸二甲酯、dimethyl ethanedioate、553-90-2.xml,553-90-2,乙二酸二甲酯,5659
casNumber,乙二醇乙酸酯、Ethylene glycol monoacetate、542-59-6.xml,542-59-6,乙二醇乙酸酯,5656
casNumber,乙二醇乙醚、ethylene glycol monoethylether、110-80-5.xml,110-80-5,乙二醇乙醚,5655
casNumber,乙二醇二乙醚、Ethylene glycol diethyl ether、629-14-1.xml,629-14-1,乙二醇二乙醚,5654
casNumber,乙二醇单甲醚、ethylene ethylene glycol monomethylether、109-86-4.xml,109-86-4,乙二醇单甲醚,5653
casNumber,乙二醇异丙醚、Ethylene glycol isopropyl ether、109-59-1.xml,109-59-1,乙二醇异丙醚,5657
casNumber,乙基三乙氧基硅烷、Ethyltriethoxysilane、78-07-9.xml,78-07-9,乙基三乙氧基硅烷,5672
casNumber,乙基三氯硅烷、ethyltrichlorosilane、115-21-9.xml,115-21-9,乙基三氯硅烷,5671
casNumber,乙基丙基醚、Ethyl propyl ether、628-32-0.xml,628-32-0,乙基丙基醚,5664
casNumber,乙基二氯硅烷、ethyldichlorosilane、1789-58-8.xml,1789-58-8,乙基二氯硅烷,5665
casNumber,乙基二氯胂、ethyldichloroarsine、598-14-1.xml,598-14-1,乙基二氯胂,5666
casNumber,乙基另戊基甲酮、5-Methyl-3-heptanone、541-85-5.xml,541-85-5,乙基另戊基甲酮,5670
casNumber,乙基己醛、ethyl hexanal、123-05-7.xml,123-05-7,乙基己醛,5669
casNumber,乙基正丁基醚、Ethyl butyl ether、628-81-9.xml,628-81-9,乙基正丁基醚,5674
casNumber,乙基烯丙基醚、Ethyl allyl ether、557-31-3.xml,557-31-3,乙基烯丙基醚,5673
casNumber,乙基环己烷、Ethylcyclohexane、1678-91-7.xml,1678-91-7,乙基环己烷,5667
casNumber,乙基环戊烷、Ethylcyclopentane、1640-89-7.xml,1640-89-7,乙基环戊烷,5668
casNumber,乙基苯基二氯硅烷、ethylphenyldichlorosilane、1125-27-5.xml,1125-27-5,乙基苯基二氯硅烷,5663
casNumber,乙汞硫水杨酸钠盐、Thiomersal、54-64-8.xml,54-64-8,乙汞硫水杨酸钠盐,5662
casNumber,乙炔、acetylene、74-86-2.xml,74-86-2,乙炔,5681
casNumber,乙炔银、Silver acetylide、13092-75-6.xml,13092-75-6,乙炔银,5682
casNumber,乙烯(2-氯乙基)醚、2-Chloroethyl vinyl ether、110-75-8.xml,110-75-8,乙烯(2-氯乙基)醚,5717
casNumber,乙烯、ethylene、74-85-1.xml,74-85-1,乙烯,5718
casNumber,乙烯三乙氧基硅烷、Vinyltriethoxy silane、78-08-0.xml,78-08-0,乙烯三乙氧基硅烷,5722
casNumber,乙烯基乙炔、Vinyl acetylene、689-97-4.xml,689-97-4,乙烯基乙炔,5720
casNumber,乙烯基乙酸异丁酯、isobutyl but-3-enoate、24342-03-8.xml,24342-03-8,乙烯基乙酸异丁酯,5721
casNumber,乙烯砜、vinyl sulfone、77-77-0.xml,77-77-0,乙烯砜,5719
casNumber,乙烷、ethane、74-84-0.xml,74-84-0,乙烷,5716
casNumber,乙硫醇、Ethyl mercaptan、75-08-1.xml,75-08-1,乙硫醇,5676
casNumber,乙硼烷、diborane、19287-45-7.xml,19287-45-7,乙硼烷,5678
casNumber,"乙胺水溶液[浓度50%～70%]、ethylamine,aqueous solution with not less than 50% but not more than 70% ethylamine、75-04-7.xml",75-04-7,乙胺水溶液[浓度50%～70%],5648
casNumber,乙腈、acetonitrile、75-05-8.xml,75-05-8,乙腈,5675
casNumber,乙苯、ethylbenzene、100-41-4.xml,100-41-4,乙苯,5649
casNumber,乙酰乙酸丁酯、Butyl acetoacetate、591-60-6.xml,591-60-6,乙酰乙酸丁酯,5729
casNumber,乙酰乙酸乙酯、Ethyl acetoacetate、141-97-9.xml,141-97-9,乙酰乙酸乙酯,5731
casNumber,乙酰乙酸甲酯、Methyl acetoacetate、105-45-3.xml,105-45-3,乙酰乙酸甲酯,5730
casNumber,乙酰亚砷酸铜、cupric aceto-arsenite、12002-03-8.xml,12002-03-8,乙酰亚砷酸铜,5728
casNumber,"乙酰基乙烯酮[稳定的]、acetyl ketene,stabilized、674-82-8.xml",674-82-8,乙酰基乙烯酮[稳定的],5725
casNumber,乙酰替硫脲、acetyl thiourea、591-08-2.xml,591-08-2,乙酰替硫脲,5727
casNumber,乙酰氯、acetyl chloride、75-36-5.xml,75-36-5,乙酰氯,5726
casNumber,乙酰胺、Aeetamide、60-35-5.xml,60-35-5,乙酰胺,5723
casNumber,"乙酰过氧化磺酰环己烷[含量≤32%,含B型稀释剂≥68%]、acetyl cyclohexanesulphonyl peroxide (not more than 32%, and diluent type B not less than 68%)、3179-56-4.xml",3179-56-4,"乙酰过氧化磺酰环己烷[含量≤32%,含B型稀释剂≥68%]",5724
casNumber,乙酸-2-乙基己酯、2-Ethylhexyl acetate、103-09-3.xml,103-09-3,乙酸-2-乙基己酯,5684
casNumber,乙酸[含量＞80%]、acetic acid (more than 80%)、64-19-7.xml,64-19-7,乙酸[含量＞80%],5683
casNumber,乙酸三乙基锡、acetoxytrietlyl stannane、1907-13-7.xml,1907-13-7,乙酸三乙基锡,5699
casNumber,乙酸三甲基锡、trimethyltin acetate、1118-14-5.xml,1118-14-5,乙酸三甲基锡,5698
casNumber,乙酸乙二醇乙醚、ethylene glycol ethyl ether、111-15-9.xml,111-15-9,乙酸乙二醇乙醚,5704
casNumber,乙酸乙基丁酯、2-ethylbutyl acetate、10031-87-5.xml,10031-87-5,乙酸乙基丁酯,5705
casNumber,乙酸乙酯、ethyl acetate、141-78-6.xml,141-78-6,乙酸乙酯,5706
casNumber,乙酸亚汞、Mercurous acetate、631-60-7.xml,631-60-7,乙酸亚汞,5702
casNumber,乙酸亚铊、thalium acetate、563-68-8.xml,563-68-8,乙酸亚铊,5703
casNumber,乙酸仲丁酯、sec-butyl acetate、105-46-4.xml,105-46-4,乙酸仲丁酯,5715
casNumber,乙酸叔丁酯、tert-butyl acetate、540-88-5.xml,540-88-5,乙酸叔丁酯,5700
casNumber,乙酸壬酯、Nonyl acetate、143-13-5.xml,143-13-5,乙酸壬酯,5697
casNumber,乙酸庚酯、1-Ethylpentyl acetate、112-06-1.xml,112-06-1,乙酸庚酯,5690
casNumber,乙酸异丁酯、isobutyl acetate、110-19-0.xml,110-19-0,乙酸异丁酯,5709
casNumber,乙酸异丙烯酯、Isopropenyl acetate、108-22-5.xml,108-22-5,乙酸异丙烯酯,5707
casNumber,乙酸异丙酯、isopropyl acetate、108-21-4.xml,108-21-4,乙酸异丙酯,5708
casNumber,乙酸异戊酯、isoamyl acetate、123-92-2.xml,123-92-2,乙酸异戊酯,5710
casNumber,乙酸正丁酯、n-butyl acetate、123-86-4.xml,123-86-4,乙酸正丁酯,5712
casNumber,乙酸正丙酯、propyl acetate、109-60-4.xml,109-60-4,乙酸正丙酯,5711
casNumber,乙酸正己酯、Hexyl acetate、142-92-7.xml,142-92-7,乙酸正己酯,5713
casNumber,乙酸正戊酯、amyl acetate、628-63-7.xml,628-63-7,乙酸正戊酯,5714
casNumber,乙酸烯丙酯、Allyl acetate、591-87-7.xml,591-87-7,乙酸烯丙酯,5701
casNumber,乙酸环己酯、Cyclohexyl acetate、622-45-7.xml,622-45-7,乙酸环己酯,5691
casNumber,乙酸甲氧基乙基汞、methoxyethyl mercury acetate、151-38-2.xml,151-38-2,乙酸甲氧基乙基汞,5692
casNumber,乙酸甲酯、methyl acetate、79-20-9.xml,79-20-9,乙酸甲酯,5693
casNumber,乙酸苯汞、phenylmercury acetate、62-38-4.xml,62-38-4,乙酸苯汞,5687
casNumber,乙酸苯胺、aniline acetate、542-14-3.xml,542-14-3,乙酸苯胺,5686
casNumber,乙酸苯酯、Phenyl acetate、122-79-2.xml,122-79-2,乙酸苯酯,5688
casNumber,乙酸酐、acetic anhydride、108-24-7.xml,108-24-7,乙酸酐,5689
casNumber,乙酸钡、Barium acetate、543-80-6.xml,543-80-6,乙酸钡,5685
productName,乙酸铅、Lead acetate、6080-56-4.xml,6080-56-4,乙酸铅,5696
casNumber,乙酸铍、Beryllium acetate、543-81-7.xml,543-81-7,乙酸铍,5695
casNumber,乙酸间甲酚酯、m-cresol acetate、122-46-3.xml,122-46-3,乙酸间甲酚酯,5694
casNumber,乙醇[无水]、alcohol anhydrous、64-17-5.xml,64-17-5,乙醇[无水],5650
casNumber,乙醇钠、sodium ethanolate、141-52-6.xml,141-52-6,乙醇钠,5652
casNumber,乙醇钾、potassium ethanolate、917-58-8.xml,917-58-8,乙醇钾,5651
casNumber,乙醚、ethyl ether、60-29-7.xml,60-29-7,乙醚,5677
casNumber,乙醛、acetaldehyde、75-07-0.xml,75-07-0,乙醛,5679
casNumber,乙醛肟、Acetaldehyde oxime、107-29-9.xml,107-29-9,乙醛肟,5680
casNumber,乳酸苯汞三乙醇铵、phenylmercuric triethanolammonium lactate、23319-66-6.xml,23319-66-6,乳酸苯汞三乙醇铵,5055
casNumber,乳酸锑、antimony lactate、58164-88-8.xml,58164-88-8,乳酸锑,5056
casNumber,乳香油、Olibanum oil、8016-36-2.xml,8016-36-2,乳香油,5057
casNumber,二(2-乙基己基)磷酸酯、Bis(2-ethylhexyl)hydrogen phosphate、298-07-7.xml,298-07-7,二(2-乙基己基)磷酸酯,4247
casNumber,"二(2-环氧丙基)醚、bis(2,3-epoxpropyl)ether、2238-07-5.xml",2238-07-5,二(2-环氧丙基)醚,4244
casNumber,二(三氯甲基)碳酸酯、bis (trichloromethyl) carbonate、32315-10-9.xml,32315-10-9,二(三氯甲基)碳酸酯,4252
casNumber,二(氯甲基)醚、dichloromethyl ether、542-88-1.xml,542-88-1,二(氯甲基)醚,4251
casNumber,二(苯磺酰肼)醚、bis (benzenesulfonyl hydrazide) ether、80-51-3.xml,80-51-3,二(苯磺酰肼)醚,4250
casNumber,二-(1-羟基环己基)过氧化物[含量≤100%]、di-(1-hydroxycyclohexyl)peroxede (not more than 100%)、2407-94-5.xml,2407-94-5,二-(1-羟基环己基)过氧化物[含量≤100%],4242
casNumber,二-(2-甲基苯甲酰)过氧化物[含量≤87%]、di-(2-methylbenzoyl) peroxide (not more than 87%)、3034-79-5.xml,3034-79-5,二-(2-甲基苯甲酰)过氧化物[含量≤87%],4245
casNumber,"二-(2-羟基-3,5,6-三氯苯基)甲烷、2,2'-methylenebis-(3,4,6-trichlorophenol)、70-30-4.xml",70-30-4,"二-(2-羟基-3,5,6-三氯苯基)甲烷",4246
casNumber,二-(2-苯氧乙基)过氧重碳酸酯[85%＜含量≤100%]、di-(2-phenoxyethyl) peroxydicarbonate (more than 85%)、41935-39-1.xml,41935-39-1,二-(2-苯氧乙基)过氧重碳酸酯[85%＜含量≤100%],4243
casNumber,二-(4-叔丁基环己基)过氧重碳酸酯[含量≤100%]、di-(4-tert-butylcyclohexyl)peroxydicarbonate (not more than 100%)、15520-11-3.xml,15520-11-3,二-(4-叔丁基环己基)过氧重碳酸酯[含量≤100%],4249
casNumber,"二-(4-甲基苯甲酰)过氧化物[硅油糊状物,含量≤52%]、di-(4-methylbenzoyl) peroxide (not more than 52% as a paste with silicon oil)、895-85-2.xml",895-85-2,"二-(4-甲基苯甲酰)过氧化物[硅油糊状物,含量≤52%]",4248
casNumber,"二-(叔丁基过氧)邻苯二甲酸酯[42%＜含量≤52%,含A型稀释剂≥48%]、di-(tert-butylperoxy)phthalate (more than 42% but not more than 52%,and diluent type A not less than 48%)、2155-71-7.xml",2155-71-7,"二-(叔丁基过氧)邻苯二甲酸酯[42%＜含量≤52%,含A型稀释剂≥48%]",4253
casNumber,二-叔戊基过氧化物[含量≤100%]、di-tert-amyl peroxide (not more than 100%)、10508-09-5.xml,10508-09-5,二-叔戊基过氧化物[含量≤100%],4338
casNumber,"二-正丁基过氧重碳酸酯[27%＜含量≤52%,含B型稀释剂≥48%]、di-n-butyl peroxydicarbonate (more than 27% but not more than 52%,and diluent type B not less than 48%)、16215-49-9.xml",16215-49-9,"二-正丁基过氧重碳酸酯[27%＜含量≤52%,含B型稀释剂≥48%]",4402
casNumber,二丁基二(十二酸)锡、dibutyltin didodecylate、77-58-7.xml,77-58-7,二丁基二(十二酸)锡,4273
casNumber,二丁基二氯化锡、Dibutyldichlorotin、683-18-1.xml,683-18-1,二丁基二氯化锡,4274
casNumber,二丁基氧化锡、Dibutyloxotin、818-08-6.xml,818-08-6,二丁基氧化锡,4275
casNumber,二丙二醇、Dipropylene glycol、110-98-5.xml,110-98-5,二丙二醇,4268
casNumber,二丙硫醚、dipropyl sulfide、111-47-7.xml,111-47-7,二丙硫醚,4269
casNumber,二乙二醇二乙烯基醚、diethylene glycol divinyl ether、764-99-8.xml,764-99-8,二乙二醇二乙烯基醚,4376
casNumber,"二乙二醇二硝酸酯[含不挥发、不溶于水的减敏剂≥25%]、diethyleneglycol dinitrate with not less than 25% non-volatile, water-insoluble phlegmatiser, by mass、693-21-0.xml",693-21-0,二乙二醇二硝酸酯[含不挥发、不溶于水的减敏剂≥25%],4375
casNumber,二乙二醇单丁基醚醋酸酯、Diethylene glycolmonobutyl ether acetate、124-17-4.xml,124-17-4,二乙二醇单丁基醚醋酸酯,4372
casNumber,二乙二醇单乙基醚醋酸酯、Diethylene glycol monoethyl ether acetate、112-15-2.xml,112-15-2,二乙二醇单乙基醚醋酸酯,4374
casNumber,二乙二醇单甲基醚醋酸酯、Diethylene glycol monomethyl ethe racetate、629-38-9.xml,629-38-9,二乙二醇单甲基醚醋酸酯,4373
casNumber,二乙二醇甲醚、Diethylene glycol monomethyl ether、111-77-3.xml,111-77-3,二乙二醇甲醚,4377
casNumber,二乙基二氯硅烷、Diethyldichlorosilane、1719-53-5.xml,1719-53-5,二乙基二氯硅烷,4381
casNumber,二乙基对苯二胺硫酸盐、N，N-Diethyl-p-phenylenediamine sulfate、283-63-2.xml,283-63-2,二乙基对苯二胺硫酸盐,4380
casNumber,二乙基氨基氰、Diethyl cyanamide、617-83-4.xml,617-83-4,二乙基氨基氰,4378
casNumber,二乙基汞、Diethyl mercury、627-44-1.xml,627-44-1,二乙基汞,4382
casNumber,二乙基甲酰胺、N，N-Diethylformamide、617-84-5.xml,617-84-5,二乙基甲酰胺,4383
casNumber,二乙基硒、diethyl selenide、627-53-2.xml,627-53-2,二乙基硒,4385
casNumber,二乙基醋酸、Diethylacetic acid、88-09-5.xml,88-09-5,二乙基醋酸,4379
casNumber,二乙基锌、Diethylzinc、557-20-0.xml,557-20-0,二乙基锌,4386
casNumber,二乙基镁、Diethyl magnesium、557-18-6.xml,557-18-6,二乙基镁,4384
casNumber,二乙氧基甲烷、Diethoxymethane、462-95-3.xml,462-95-3,二乙氧基甲烷,4391
casNumber,"二乙烯基醚[稳定的]、divinyl ether,stabilized、109-93-3.xml",109-93-3,二乙烯基醚[稳定的],4389
casNumber,二乙烯苯、o-Divinylbenzene、1321-74-0.xml,1321-74-0,二乙烯苯,4388
casNumber,二乙硫醚、diethyl sulfide、352-93-2.xml,352-93-2,二乙硫醚,4387
casNumber,二乙胺、diethylamine、109-89-7.xml,109-89-7,二乙胺,4371
casNumber,二乙酰乙酸甲酯、Methyl diacetoacetate、4619-66-3.xml,4619-66-3,二乙酰乙酸甲酯,4390
casNumber,二亚乙基三胺、Diethylenetriamine、111-40-0.xml,111-40-0,二亚乙基三胺,4359
casNumber,二亚硝基苯、dinitrosobenzene、25550-55-4.xml,25550-55-4,二亚硝基苯,4358
casNumber,二仲丁胺、di-sec-butylamine、626-23-3.xml,626-23-3,二仲丁胺,4405
casNumber,二叔丁基过氧化物、Di-tert-butyl peroxide、110-05-4.xml,110-05-4,二叔丁基过氧化物,4336
casNumber,"二叔丁基过氧壬二酸酯[含量≤52%,含A型稀释剂≥48%]、di-tert-butyl peroxyazelate (not more than 52%,and diluent type A not less than 48%)、16580-06-6.xml",16580-06-6,"二叔丁基过氧壬二酸酯[含量≤52%,含A型稀释剂≥48%]",4337
casNumber,二嗪农、Diazinon、333-41-5.xml,333-41-5,二嗪农,4333
casNumber,二异丁基酮、Diisobutyl ketone、108-83-8.xml,108-83-8,二异丁基酮,4395
casNumber,二异丁胺、diisobutylamine、110-96-3.xml,110-96-3,二异丁胺,4394
casNumber,二异丙胺、diisopropylamine、108-18-9.xml,108-18-9,二异丙胺,4392
casNumber,二异丙醇胺、diisopropanolamine、110-97-4.xml,110-97-4,二异丙醇胺,4393
casNumber,二异戊胺、Diisoamylamine、544-00-3.xml,544-00-3,二异戊胺,4396
casNumber,二异戊醚、diisoamyl ether、544-01-4.xml,544-01-4,二异戊醚,4397
casNumber,二异辛基磷酸、Diisooctyl acid phosphate、27215-10-7.xml,27215-10-7,二异辛基磷酸,4398
casNumber,二戊基磷酸、diamyl phosphoric acid、3138-42-9.xml,3138-42-9,二戊基磷酸,4341
casNumber,二戊基苯、Diamylbenzene、635-89-2.xml,635-89-2,二戊基苯,4340
casNumber,二正丁胺、n-dibutylamine、111-92-2.xml,111-92-2,二正丁胺,4401
casNumber,二正丙基过氧重碳酸酯[含量≤100%]、di-n-propyl peroxydicarbonate (not more than 100%)、16066-38-9.xml,16066-38-9,二正丙基过氧重碳酸酯[含量≤100%],4400
casNumber,二正丙胺、dipropylamine、142-84-7.xml,142-84-7,二正丙胺,4399
casNumber,二正庚胺、Di-n-heptylamine、2470-68-0.xml,2470-68-0,二正庚胺,4403
casNumber,二正戊胺、dipentylamine、2050-92-2.xml,2050-92-2,二正戊胺,4404
casNumber,二氟化氧、oxygendifluoride、7783-41-7.xml,7783-41-7,二氟化氧,4276
casNumber,二氟甲烷、Difluoromethane、75-10-5.xml,75-10-5,二氟甲烷,4277
casNumber,"二氟磷酸[无水]、difluorophosphoric acid,anhydrous、13779-41-4.xml",13779-41-4,二氟磷酸[无水],4278
casNumber,二氧化丁二烯、Dicyclopentadiene dioxide、298-18-0.xml,298-18-0,二氧化丁二烯,4361
casNumber,二氧化乙烯基环己烯、4-Vinylcyclohexene dioxide、4223-10-3.xml,4223-10-3,二氧化乙烯基环己烯,4369
casNumber,二氧化二戊烯、Dipentene dioxide、96-08-2.xml,96-08-2,二氧化二戊烯,4363
casNumber,二氧化二聚环戊二烯、Dicyclopentadiene dioxide、81-21-0.xml,81-21-0,二氧化二聚环戊二烯,4362
casNumber,二氧化氮、nitrogen dioxide、10102-44-0.xml,10102-44-0,二氧化氮,4360
casNumber,二氧化氯、Chlorine dioxide、10049-04-4.xml,10049-04-4,二氧化氯,4365
casNumber,二氧化硒、Selenium dioxide、7446-08-4.xml,7446-08-4,二氧化硒,4368
casNumber,二氧化硫、sulfur dioxide、7446-09-5.xml,7446-09-5,二氧化硫,4364
casNumber,二氧化碳[压缩的或液化的]、carbon dioxide、124-38-9.xml,124-38-9,二氧化碳[压缩的或液化的],4367
casNumber,二氧化铀、Uranium dioxide、1344-57-6.xml,1344-57-6,二氧化铀,4370
casNumber,二氧化铅、Lead dioxide、1309-60-0.xml,1309-60-0,二氧化铅,4366
casNumber,二氨基镁、magnesium diamide、7803-54-5.xml,7803-54-5,二氨基镁,4254
casNumber,二氯一氟甲烷、dichlorofluoromethane、75-43-4.xml,75-43-4,二氯一氟甲烷,4323
casNumber,二氯丙醛、Dichloropropylaldehyde、10140-89-3.xml,10140-89-3,二氯丙醛,4311
casNumber,二氯乙炔、Dichloroacetylene、7572-29-4.xml,7572-29-4,二氯乙炔,4326
casNumber,二氯乙腈、Dichloroacetonitrile、3018-12-0.xml,3018-12-0,二氯乙腈,4324
casNumber,二氯乙酰氯、dichloroacetyl chloride、79-36-7.xml,79-36-7,二氯乙酰氯,4330
casNumber,二氯乙酸、dichloroacetic acid、79-43-6.xml,79-43-6,二氯乙酸,4327
casNumber,二氯乙酸乙酯、ethyl dichloroacetate、535-15-9.xml,535-15-9,二氯乙酸乙酯,4329
casNumber,二氯乙酸甲酯、methyl dichloroacetate、116-54-1.xml,116-54-1,二氯乙酸甲酯,4328
casNumber,二氯乙醛、Dichloroacetaldehyde、79-02-7.xml,79-02-7,二氯乙醛,4325
casNumber,二氯二氟乙烷、Dichlorodifluoroethane、1649-08-7.xml,1649-08-7,二氯二氟乙烷,4313
casNumber,二氯二氟甲烷、dichlorodifluoromethane、75-71-8.xml,75-71-8,二氯二氟甲烷,4312
casNumber,二氯化乙基铝、ethylaluminium dichloride、563-43-9.xml,563-43-9,二氯化乙基铝,4317
casNumber,二氯化硫、sulfur dichloride、10545-99-0.xml,10545-99-0,二氯化硫,4316
casNumber,二氯化膦苯、dichlorophenylphosphine、644-97-3.xml,644-97-3,二氯化膦苯,4315
casNumber,二氯四氟乙烷、dichlorotetrafluoroethane、76-14-2.xml,76-14-2,二氯四氟乙烷,4321
casNumber,二氯异丙基醚、Dichloroisopropyl ether、108-60-1.xml,108-60-1,二氯异丙基醚,4331
casNumber,二氯异氰尿酸、Dichloroisocyanuric acid、2782-57-2.xml,2782-57-2,二氯异氰尿酸,4332
casNumber,二氯氧化二苯、Dichlorodiphenyl oxide、28675-08-3.xml,28675-08-3,二氯氧化二苯,4322
casNumber,二氯甲烷、dichloromethane、75-09-2.xml,75-09-2,二氯甲烷,4318
casNumber,二氯硅烷、dichlorosilane、4109-96-0.xml,4109-96-0,二氯硅烷,4314
casNumber,二氯硫化碳、Thiophosgene、463-71-8.xml,463-71-8,二氯硫化碳,4319
casNumber,二氯苯基三氯硅烷、Dichlorophenyl trichlorosilane、27137-85-5.xml,27137-85-5,二氯苯基三氯硅烷,4310
casNumber,二氯苯胺异构体混合物、dichloroaniline isomers mixture、27134-27-6.xml,27134-27-6,二氯苯胺异构体混合物,4309
casNumber,二氯醛基丙烯酸、dichloromalealdehydic acid、87-56-9.xml,87-56-9,二氯醛基丙烯酸,4320
casNumber,二氰胺钠、Sodium Dicyanamide、1934-75-4.xml,1934-75-4,二氰胺钠,4334
casNumber,二水合三氟化硼、boron trifluoride dihydrate、13319-75-0.xml,13319-75-0,二水合三氟化硼,4339
casNumber,二溴二氟甲烷、Dibromodifluoromethane、75-61-6.xml,75-61-6,二溴二氟甲烷,4354
casNumber,"二溴异丙烷、1,3-dibromopropane、109-64-8.xml",109-64-8,二溴异丙烷,4357
casNumber,二溴氯丙烷、1，2-Dibromo-3-chloropropane、96-12-8.xml,96-12-8,二溴氯丙烷,4356
casNumber,二溴甲烷、dibromomethane、74-95-3.xml,74-95-3,二溴甲烷,4355
casNumber,二烯丙基代氰氨、Diallylcyanamide、538-08-9.xml,538-08-9,二烯丙基代氰氨,4343
casNumber,二烯丙基硫醚、Diallyl thioether、592-88-1.xml,592-88-1,二烯丙基硫醚,4344
casNumber,二烯丙基胺、Diallylamine、124-02-7.xml,124-02-7,二烯丙基胺,4342
casNumber,二烯丙基醚、Diallyl ether、557-40-4.xml,557-40-4,二烯丙基醚,4345
casNumber,二环己胺、dicyclohexylamine、101-83-7.xml,101-83-7,二环己胺,4280
casNumber,二环庚二烯、Dicycloheptadiene、121-46-0.xml,121-46-0,二环庚二烯,4279
casNumber,二甲亚砜、Dimethyl sulfoxide、67-68-5.xml,67-68-5,二甲亚砜,4299
casNumber,二甲双胍、Vauquline、57-24-9.xml,57-24-9,二甲双胍,4297
casNumber,二甲基-4-(甲基硫代)苯基磷酸酯、dimethyl 4-(methylthio)phenyl phosphate、3254-63-5.xml,3254-63-5,二甲基-4-(甲基硫代)苯基磷酸酯,4283
casNumber,二甲基乙二酮、dimethyldiketone、431-03-8.xml,431-03-8,二甲基乙二酮,4294
casNumber,二甲基二乙氧基硅烷、diethoxydimethylsilane、78-62-6.xml,78-62-6,二甲基二乙氧基硅烷,4289
casNumber,二甲基二噁烷、dimethyldioxanes、25136-55-4.xml,25136-55-4,二甲基二噁烷,4287
casNumber,二甲基二氯硅烷、dimethyldichlorosilane、75-78-5.xml,75-78-5,二甲基二氯硅烷,4288
casNumber,二甲基氨基氰、Dimethyl cyanamide、1467-79-4.xml,1467-79-4,二甲基氨基氰,4285
casNumber,二甲基氨基甲酰氯、Dimethylcarbamyl chloride、79-44-7.xml,79-44-7,二甲基氨基甲酰氯,4284
casNumber,二甲基氯乙缩醛、Dimethyl chloroacetal、97-97-2.xml,97-97-2,二甲基氯乙缩醛,4290
casNumber,"二甲基胂酸钠、cacodylic acid,sodium salt、124-65-2.xml",124-65-2,二甲基胂酸钠,4292
casNumber,二甲基苯胺异构体混合物、xylidine isomers mixture、1300-73-8.xml,1300-73-8,二甲基苯胺异构体混合物,4286
casNumber,二甲基锌、Dimethyl zinc、544-97-8.xml,544-97-8,二甲基锌,4293
casNumber,二甲基镁、Dimethyl magnesium、2999-74-8.xml,2999-74-8,二甲基镁,4291
casNumber,二甲氧基甲烷、dimethoxymethane、109-87-5.xml,109-87-5,二甲氧基甲烷,4300
casNumber,"二甲氧基马钱子碱、2,3-dimethoxystrychnine、357-57-3.xml",357-57-3,二甲氧基马钱子碱,4301
casNumber,二甲硒、Dimethylselenium、593-79-3.xml,593-79-3,二甲硒,4298
casNumber,二甲胂酸、Hydroxydimethyl arsine oxide、75-60-5.xml,75-60-5,二甲胂酸,4296
casNumber,"二甲胺溶液、di-methylamine,aqueous solution、124-40-3.xml",124-40-3,二甲胺溶液,4281
casNumber,二甲苯异构体混合物、xylene isomers mixture、1330-20-7.xml,1330-20-7,二甲苯异构体混合物,4282
casNumber,二甲醚、methyl ether、115-10-6.xml,115-10-6,二甲醚,4295
casNumber,二硝基甘脲、Dinitroglycoluril、55510-04-8.xml,55510-04-8,二硝基甘脲,4347
casNumber,二硝基联苯、Dinitrobiphenyl、38094-35-8.xml,38094-35-8,二硝基联苯,4349
casNumber,"二硝基苯酚[干的或含水＜15%] 、dinitrophenol,dry or wetted with less than 15% water,by mass、25550-58-7.xml",25550-58-7,二硝基苯酚[干的或含水＜15%],4346
casNumber,二硝基邻甲酚钾、potassium salt of DNOC、5787-96-2.xml,5787-96-2,二硝基邻甲酚钾,4351
casNumber,二硝基邻甲酚铵、Ammonium dinitro-o-cresolate、2980-64-5.xml,2980-64-5,二硝基邻甲酚铵,4350
casNumber,"二硝基重氮苯酚[按质量含水或乙醇和水的混合物不低于40%]、diazodinitrophenol,wetted withnot less than 40% water, or mixture of alcoholand water, by mass、4682-03-5.xml",4682-03-5,二硝基重氮苯酚[按质量含水或乙醇和水的混合物不低于40%],4352
casNumber,二硝基重氮酚、diazodinitrophenol、87-31-0.xml,87-31-0,二硝基重氮酚,4353
casNumber,二硝基间苯二酚、dinitroresorcinol、519-44-8.xml,519-44-8,二硝基间苯二酚,4348
casNumber,"二硫代-4,4'-二氨基代二苯、4,4'-diaminodiphenyl disulfide、722-27-0.xml",722-27-0,"二硫代-4,4'-二氨基代二苯",4304
casNumber,二硫化二甲基、Dimethyl disulfide、624-92-0.xml,624-92-0,二硫化二甲基,4305
casNumber,二硫化硒、Selenium disulfide、7488-56-4.xml,7488-56-4,二硫化硒,4308
casNumber,二硫化碳、carbon disulfide、75-15-0.xml,75-15-0,二硫化碳,4307
casNumber,二硫化钛、titanium disulphide、12039-13-3.xml,12039-13-3,二硫化钛,4306
casNumber,二碘化汞、mercuric iodide、7774-29-0.xml,7774-29-0,二碘化汞,4271
casNumber,二碘化苯胂、diiodide phenylarsonic、6380-34-3.xml,6380-34-3,二碘化苯胂,4270
casNumber,二碘甲烷、diiodomethane、75-11-6.xml,75-11-6,二碘甲烷,4272
casNumber,二聚丙烯醛(稳定的)、Acrolein dimer(stabilized)、100-73-2.xml,100-73-2,二聚丙烯醛(稳定的),4302
casNumber,二聚环戊二烯、Dicyclopentadiene、77-73-6.xml,77-73-6,二聚环戊二烯,4303
casNumber,二肉豆蔻基过氧重碳酸酯[含量≤100%]、dimyristyl peroxydicarbonate (not more than 100%)、53220-22-7.xml,53220-22-7,二肉豆蔻基过氧重碳酸酯[含量≤100%],4335
casNumber,二苄基二氯硅烷、dibenzyldichlorosilane、18414-36-3.xml,18414-36-3,二苄基二氯硅烷,4267
casNumber,二苯基二氯硅烷、Diphenyldichlorosilane、80-10-4.xml,80-10-4,二苯基二氯硅烷,4257
casNumber,二苯基二硒、Diphenyl diselenide、1666-13-3.xml,1666-13-3,二苯基二硒,4258
casNumber,二苯基氯胂、diphenylchloroarsine、712-48-1.xml,712-48-1,二苯基氯胂,4262
casNumber,二苯基汞、Diphenylmercury、587-85-9.xml,587-85-9,二苯基汞,4259
casNumber,"二苯基甲烷-4,4'-二异氰酸酯、Diphenyl methene-4，4′ diisocyanate、101-68-8.xml",101-68-8,"二苯基甲烷-4,4'-二异氰酸酯",4260
casNumber,二苯基甲烷二异氰酸酯、methylenediphenyl diisocyanates 、26447-40-5.xml,26447-40-5,二苯基甲烷二异氰酸酯,4261
casNumber,二苯基胺氯胂、diphenylaminechloroarsine、578-94-9.xml,578-94-9,二苯基胺氯胂,4256
casNumber,二苯基镁、magnesium diphenyl、555-54-4.xml,555-54-4,二苯基镁,4263
casNumber,二苯甲基溴、Diphenylmethyl bromide、776-74-9.xml,776-74-9,二苯甲基溴,4264
casNumber,二苯甲烷、Diphenylmethane、101-81-5.xml,101-81-5,二苯甲烷,4265
casNumber,二苯胺、Diphenylamine、122-39-4.xml,122-39-4,二苯胺,4255
casNumber,二苯醚、Diphenyl ether、101-84-8.xml,101-84-8,二苯醚,4266
casNumber,五氟化氯、Chlorine pentafluoride、13637-63-3.xml,13637-63-3,五氟化氯,5362
casNumber,五氟化溴、Bromine pentafluoride、7789-30-2.xml,7789-30-2,五氟化溴,5364
casNumber,五氟化碘、Iodine pentafluoride、7783-66-6.xml,7783-66-6,五氟化碘,5360
casNumber,五氟化磷、phosphorus pentafluoride、7647-19-0.xml,7647-19-0,五氟化磷,5361
casNumber,五氟化铋、Bismuth pentafluoride、7787-62-4.xml,7787-62-4,五氟化铋,5359
casNumber,五氟化锑、Antimony pentafluoride、7783-70-2.xml,7783-70-2,五氟化锑,5363
casNumber,五氧化二氮、Nitrogen pentoxide、10102-03-1.xml,10102-03-1,五氧化二氮,5385
casNumber,五氧化二砷、arsenic oxide、1303-28-2.xml,1303-28-2,五氧化二砷,5389
casNumber,五氧化二碘、iodine pentoxide、12029-98-0.xml,12029-98-0,五氧化二碘,5386
casNumber,五氧化二磷、phosphorus pentoxide、1314-56-3.xml,1314-56-3,五氧化二磷,5388
casNumber,五氧化二钒、Vanadium pentoxide、1314-62-1.xml,1314-62-1,五氧化二钒,5387
casNumber,五氧化二锑、antimony pentoxide、1314-60-9.xml,1314-60-9,五氧化二锑,5390
casNumber,五氯丙烷、Pentachloropropane、16714-68-4.xml,16714-68-4,五氯丙烷,5371
productName,五氯乙烷、pentachloro ethane、76-01-7.xml,76-01-7,五氯乙烷,5380
casNumber,五氯化磷、phosphorus pentachloride、10026-13-8.xml,10026-13-8,五氯化磷,5373
casNumber,五氯化钼、molybdenum pentachloride、10241-05-1.xml,10241-05-1,五氯化钼,5374
casNumber,五氯化钽、tantalum pentachloride、7721-01-9.xml,7721-01-9,五氯化钽,5376
casNumber,五氯化铌、Niobium pentachloride、10026-12-7.xml,10026-12-7,五氯化铌,5375
casNumber,五氯化锑、antimony pentachloride、7647-18-9.xml,7647-18-9,五氯化锑,5377
casNumber,五氯硝基苯、Pentachloro nitrobenzene、82-68-8.xml,82-68-8,五氯硝基苯,5379
casNumber,五氯联苯、Pentachloro biphenyl、25429-29-2.xml,25429-29-2,五氯联苯,5378
casNumber,五氯苯、pentachlorobenzene、608-93-5.xml,608-93-5,五氯苯,5368
casNumber,五氯苯酚、Pentachlorophenol、87-86-5.xml,87-86-5,五氯苯酚,5369
casNumber,五氯苯酚苯基汞、mercury pheny pentachlorophenol、1142-64-9.xml,1142-64-9,五氯苯酚苯基汞,5370
casNumber,五氯酚钠、Sodium pentaehlorophenol、131-52-2.xml,131-52-2,五氯酚钠,5372
casNumber,"五氰金酸四钾、aurate(4-), pentakis(cyano-kappaC)-,potassium(1：4)、68133-87-9.xml",68133-87-9,五氰金酸四钾,5381
casNumber,五溴二苯醚、pentabromodiphenyl ethers、32534-81-9.xml,32534-81-9,五溴二苯醚,5383
casNumber,五溴化磷、phosphorus pentabromide、7789-69-7.xml,7789-69-7,五溴化磷,5384
casNumber,五甲基庚烷、pentamethyl heptane、30586-18-6.xml,30586-18-6,五甲基庚烷,5365
casNumber,五硫化二磷、phosphorus pentasulfide、1314-80-3.xml,1314-80-3,五硫化二磷,5366
casNumber,五硫化锑、Antimony pentasulfide、1315-04-4.xml,1315-04-4,五硫化锑,5367
casNumber,五羰基铁、Iron pentacarbonyl、13463-40-6.xml,13463-40-6,五羰基铁,5382
casNumber,亚氨基二亚苯、Carbazole、86-74-8.xml,86-74-8,亚氨基二亚苯,5532
casNumber,亚氯酸钙、 calcium chlorite、14674-72-7.xml,14674-72-7,亚氯酸钙,5548
casNumber,亚氯酸钠、sodium chlorite、7758-19-2.xml,7758-19-2,亚氯酸钠,5549
casNumber,亚油酸、linoleic acid、60-33-3.xml,60-33-3,亚油酸,5589
casNumber,亚砷酸钙、calcium arsenite、27152-57-4.xml,27152-57-4,亚砷酸钙,5551
casNumber,亚砷酸钠、sodium arsenite、7784-46-5.xml,7784-46-5,亚砷酸钠,5553
casNumber,亚砷酸钡、barium arsenite、125687-68-5.xml,125687-68-5,亚砷酸钡,5550
casNumber,亚砷酸钾、potassium arsenite、10124-50-2.xml,10124-50-2,亚砷酸钾,5552
casNumber,亚砷酸铁、ferric arsenite、63989-69-5.xml,63989-69-5,亚砷酸铁,5556
casNumber,亚砷酸铅、Lead arsenite、10031-13-7.xml,10031-13-7,亚砷酸铅,5554
casNumber,亚砷酸铜、copper arsenite、10290-12-7.xml,10290-12-7,亚砷酸铜,5557
casNumber,亚砷酸银、silver arsenite、7784-08-9.xml,7784-08-9,亚砷酸银,5559
casNumber,亚砷酸锌、Zinc arsenite、10326-24-6.xml,10326-24-6,亚砷酸锌,5558
casNumber,亚砷酸锶、Strontium arsenite、91724-16-2.xml,91724-16-2,亚砷酸锶,5555
casNumber,亚硒酸、 selenious acid 、7783-00-8.xml,7783-00-8,亚硒酸,5561
casNumber,亚硒酸氢钠、sodium biselenite、7782-82-3.xml,7782-82-3,亚硒酸氢钠,5568
casNumber,亚硒酸钙、calcium selenite、13780-18-2.xml,13780-18-2,亚硒酸钙,5563
casNumber,亚硒酸钠、Sodium selenite、10102-18-8.xml,10102-18-8,亚硒酸钠,5567
casNumber,亚硒酸钡、Barium selenite、13718-59-7.xml,13718-59-7,亚硒酸钡,5562
casNumber,亚硒酸钾、potassium selenite、10431-47-7.xml,10431-47-7,亚硒酸钾,5564
casNumber,亚硒酸铈、cerium selenite、15586-47-7.xml,15586-47-7,亚硒酸铈,5569
casNumber,亚硒酸铜、Cupric selenite、15168-20-4.xml,15168-20-4,亚硒酸铜,5570
casNumber,亚硒酸铝、aluminium selenite、20960-77-4.xml,20960-77-4,亚硒酸铝,5565
casNumber,亚硒酸银、silver selenite、28041-84-1.xml,28041-84-1,亚硒酸银,5571
casNumber,亚硒酸镁、magnesium selenite、15593-61-0.xml,15593-61-0,亚硒酸镁,5566
casNumber,亚硝基硫酸、nitrosylsulphuric acid、7782-78-7.xml,7782-78-7,亚硝基硫酸,5572
casNumber,亚硝酰氯、nitrosyl chloride、2696-92-6.xml,2696-92-6,亚硝酰氯,5588
casNumber,亚硝酸乙酯、ethy nitrite、109-95-5.xml,109-95-5,亚硝酸乙酯,5581
casNumber,亚硝酸异丁酯、isobutyl nitrite、542-56-3.xml,542-56-3,亚硝酸异丁酯,5583
casNumber,亚硝酸异丙酯、isopropyl nitrite、541-42-4.xml,541-42-4,亚硝酸异丙酯,5582
casNumber,亚硝酸异戊酯、isoamyl nitrite、110-46-3.xml,110-46-3,亚硝酸异戊酯,5584
casNumber,亚硝酸正丁酯、butyl nitrite、544-16-1.xml,544-16-1,亚硝酸正丁酯,5586
casNumber,亚硝酸正丙酯、n-propylnitrite、543-67-9.xml,543-67-9,亚硝酸正丙酯,5585
casNumber,亚硝酸正戊酯、Amyl nitrite、463-04-7.xml,463-04-7,亚硝酸正戊酯,5587
casNumber,亚硝酸甲酯、methyl nitrite、624-91-9.xml,624-91-9,亚硝酸甲酯,5576
casNumber,亚硝酸钙、calcium nitrite、13780-06-8.xml,13780-06-8,亚硝酸钙,5575
casNumber,亚硝酸钠、sodium nitrite、7632-00-0.xml,7632-00-0,亚硝酸钠,5578
casNumber,亚硝酸钡、Barium nitrite、13465-94-6.xml,13465-94-6,亚硝酸钡,5574
productName,亚硝酸钾、potassium nitrite、7758-09-9.xml,7758-09-9,亚硝酸钾,5577
casNumber,亚硝酸铵、Ammonium nitrite、13446-48-5.xml,13446-48-5,亚硝酸铵,5573
casNumber,亚硝酸锌铵、zinc ammonium nitrite、63885-01-8.xml,63885-01-8,亚硝酸锌铵,5580
casNumber,亚硝酸镍、Nickel nitrite、17861-62-0.xml,17861-62-0,亚硝酸镍,5579
casNumber,亚硫酸、sulfurous acid、7782-99-2.xml,7782-99-2,亚硫酸,5541
casNumber,亚硫酸氢钙、calcium hydrogensulphite、13780-03-5.xml,13780-03-5,亚硫酸氢钙,5543
casNumber,亚硫酸氢钠、sodium hydrogensulphite solution、7631-90-5.xml,7631-90-5,亚硫酸氢钠,5546
casNumber,亚硫酸氢钾、potassium hydrogen sulphite、7773-03-7.xml,7773-03-7,亚硫酸氢钾,5544
casNumber,亚硫酸氢铵、ammonium hydrogensulfite、10192-30-0.xml,10192-30-0,亚硫酸氢铵,5542
casNumber,亚硫酸氢锌、zinc hydrogen sulphite、15457-98-4.xml,15457-98-4,亚硫酸氢锌,5547
casNumber,亚硫酸氢镁、magnesiumdihydrogensulfit 、13774-25-9.xml,13774-25-9,亚硫酸氢镁,5545
casNumber,亚碲酸钠、Sodium tellurite、10102-20-2.xml,10102-20-2,亚碲酸钠,5534
casNumber,亚磷酸、phosphorous acid、13598-36-2.xml,13598-36-2,亚磷酸,5535
casNumber,亚磷酸三乙酯、Triethyl phosphite、122-52-1.xml,122-52-1,亚磷酸三乙酯,5540
casNumber,亚磷酸三甲酯、Trimethyl phosphite、121-45-9.xml,121-45-9,亚磷酸三甲酯,5539
casNumber,亚磷酸三苯酯、Triphenyl phosphite、101-02-0.xml,101-02-0,亚磷酸三苯酯,5538
casNumber,亚磷酸二丁酯、Dibutyl phosphite、1809-19-4.xml,1809-19-4,亚磷酸二丁酯,5536
productName,亚磷酸二氢铅、Lead phosphite，dibasic、12141-20-7.xml,12141-20-7,亚磷酸二氢铅,5537
casNumber,亚磷酸二氢铅、Lead phosphite，dibasic、1344-40-7.xml,1344-40-7,亚磷酸二氢铅,5537
casNumber,亚胺乙汞、Emmi powder、2597-93-5.xml,2597-93-5,亚胺乙汞,5533
casNumber,亚锑酐、Antimony trioxide、1327-33-9.xml,1327-33-9,亚锑酐,5560
casNumber,代森锰、Maneb、12427-38-2.xml,12427-38-2,代森锰,4140
casNumber,仲丁基苯、sec-butylbenzene、135-98-8.xml,135-98-8,仲丁基苯,5850
casNumber,仲丁胺、sec-butylamine、13952-84-6.xml,13952-84-6,仲丁胺,5849
casNumber,仲戊胺、sec-amylamine、625-30-9.xml,625-30-9,仲戊胺,5853
casNumber,仲高碘酸钠、sodium paraperiodate、13940-38-0.xml,13940-38-0,仲高碘酸钠,5852
casNumber,仲高碘酸钾、potassium paraperiodate、14691-87-3.xml,14691-87-3,仲高碘酸钾,5851
casNumber,偏砷酸、meta-arsenic acid、10102-53-1.xml,10102-53-1,偏砷酸,4970
casNumber,偏砷酸钠、sodium arsenate、15120-17-9.xml,15120-17-9,偏砷酸钠,4971
casNumber,偏硅酸钠、disodium metasilicate、6834-92-0.xml,6834-92-0,偏硅酸钠,4968
casNumber,偏磷酸、Metaphosphoric acid、37267-86-0.xml,37267-86-0,偏磷酸,4969
casNumber,偏钒酸钾、potassium metavanadate、13769-43-2.xml,13769-43-2,偏钒酸钾,4966
casNumber,偏钒酸铵、Ammonium metavanadate、7803-55-6.xml,7803-55-6,偏钒酸铵,4965
casNumber,"偶氮二甲酰胺、C,C'-azodi(formamide)、123-77-3.xml",123-77-3,偶氮二甲酰胺,4953
casNumber,全氟辛基磺酰氟、perfluorooctylsulfonyl fluoride、307-35-7.xml,307-35-7,全氟辛基磺酰氟,5042
casNumber,全氟辛基磺酸、perfluorooctane sulfonic acid、1763-23-1.xml,1763-23-1,全氟辛基磺酸,5036
casNumber,全氟辛基磺酸二乙醇铵、diethanolammoniumperfluorooctane sulfonate、70225-14-8.xml,70225-14-8,全氟辛基磺酸二乙醇铵,5039
casNumber,全氟辛基磺酸二癸二甲基铵、didecyldimethylammonium perfluorooctane sulfonate、251099-16-8.xml,251099-16-8,全氟辛基磺酸二癸二甲基铵,5038
casNumber,全氟辛基磺酸钾、potassium perfluorooctanesulfonate、2795-39-3.xml,2795-39-3,全氟辛基磺酸钾,5040
casNumber,全氟辛基磺酸铵、ammonium heptadecafluorooctanesulphonate、29081-56-9.xml,29081-56-9,全氟辛基磺酸铵,5037
casNumber,全氟辛基磺酸锂、lithium perfluorooctane sulfonate、29457-72-5.xml,29457-72-5,全氟辛基磺酸锂,5041
casNumber,全氯五环癸烷、perchlorodihomocubane、2385-85-5.xml,2385-85-5,全氯五环癸烷,5044
casNumber,全氯甲硫醇、Trichloromethylsulphenyl chloride、594-42-3.xml,594-42-3,全氯甲硫醇,5043
casNumber,八氟-2-丁烯、Octafiuorobut-2-ene、360-89-4.xml,360-89-4,八氟-2-丁烯,4026
casNumber,八氟丙烷、Octafluoropropane、76-19-7.xml,76-19-7,八氟丙烷,4027
casNumber,八氟异丁烯、Octafiuoroisobutylene、382-21-8.xml,382-21-8,八氟异丁烯,4029
casNumber,八氟环丁烷、Octafluorocyclobutane、115-25-3.xml,115-25-3,八氟环丁烷,4028
casNumber,八氯莰烯、Camphechlor、8001-35-2.xml,8001-35-2,八氯莰烯,4031
casNumber,八溴联苯、octabromobiphenyl、27858-07-7.xml,27858-07-7,八溴联苯,4032
casNumber,八甲基焦磷酰胺、Octamethyl pyrophosphoramine、152-16-9.xml,152-16-9,八甲基焦磷酰胺,4030
casNumber,六亚甲基二异氰酸酯、Hexamethylene diisocyanate、822-06-0.xml,822-06-0,六亚甲基二异氰酸酯,4833
casNumber,六亚甲基亚胺、hexamethyleneimine、111-49-9.xml,111-49-9,六亚甲基亚胺,4835
casNumber,六亚甲基四胺、hexamethylenetetramine、100-97-0.xml,100-97-0,六亚甲基四胺,4834
casNumber,"六氟-2,3-二氯-2-丁烯、Hexafluoro-2，3-dichloro-2-butylene、303-04-8.xml",303-04-8,"六氟-2,3-二氯-2-丁烯",4802
casNumber,六氟丙烯、hexafluoropropylene、116-15-4.xml,116-15-4,六氟丙烯,4805
casNumber,六氟丙酮、Hexafluoroacetone、684-16-2.xml,684-16-2,六氟丙酮,4803
casNumber,六氟丙酮水合物、hexafluoroacetone hydrate、13098-39-0.xml,13098-39-0,六氟丙酮水合物,4804
casNumber,六氟乙烷、Hexafluoroethane、76-16-4.xml,76-16-4,六氟乙烷,4815
casNumber,六氟化硒、Selenium hexafluoride、7783-79-1.xml,7783-79-1,六氟化硒,4813
casNumber,六氟化硫、sulfur hexafluoride、2551-62-4.xml,2551-62-4,六氟化硫,4812
casNumber,六氟化碲、Tellurium hexafiuoride、7783-80-4.xml,7783-80-4,六氟化碲,4811
casNumber,六氟化苯、Hexafluorobenzene、392-56-3.xml,392-56-3,六氟化苯,4810
casNumber,六氟化铀、Uranium hexafluoride、7783-81-5.xml,7783-81-5,六氟化铀,4814
casNumber,六氟合硅酸钡、barium hexafluorosilicate、17125-80-3.xml,17125-80-3,六氟合硅酸钡,4807
casNumber,六氟合硅酸锌、zinc hexafluorosilicate、16871-71-9.xml,16871-71-9,六氟合硅酸锌,4808
casNumber,"六氟合磷氢酸[无水]、hexafluorophosphoric acid,anhydrous、16940-81-1.xml",16940-81-1,六氟合磷氢酸[无水],4809
casNumber,六氟硅酸镁、Magnesium silicofluoride、16949-65-8.xml,16949-65-8,六氟硅酸镁,4806
casNumber,"六氢-3a,7a-二甲基-4,7-环氧异苯并呋喃-1,3-二酮、 3a,7a-dimethylhexahydro-4,7-epoxy-2-benzofuran-1,3-dione、56-25-7.xml",56-25-7,"六氢-3a,7a-二甲基-4,7-环氧异苯并呋喃-1,3-二酮",4825
casNumber,"六氯-1,3-丁二烯、hexachloro-1,3-butadiene、87-68-3.xml",87-68-3,"六氯-1,3-丁二烯",4819
casNumber,六氯丙酮、Hexachloroacetone、116-16-5.xml,116-16-5,六氯丙酮,4821
casNumber,六氯乙烷、hexachloroethane、67-72-1.xml,67-72-1,六氯乙烷,4824
casNumber,六氯氧化二苯、hexachlorophenyl ether、55720-99-5.xml,55720-99-5,六氯氧化二苯,4823
casNumber,六氯环戊二烯、Hexachlorocyclopentadiene、77-47-4.xml,77-47-4,六氯环戊二烯,4822
casNumber,六氯苯、hexachlorobenzene、118-74-1.xml,118-74-1,六氯苯,4820
casNumber,六溴二苯醚、hexabromodiphenyl ethers、36483-60-0.xml,36483-60-0,六溴二苯醚,4830
casNumber,六溴环十二烷、Hexabromocyclododecane、3194-55-6.xml,3194-55-6,六溴环十二烷,4831
casNumber,六溴联苯、Hexabromobiphenyl、36355-01-8.xml,36355-01-8,六溴联苯,4832
casNumber,六甲基二硅烷、Hexamethyl disilane、1450-14-2.xml,1450-14-2,六甲基二硅烷,4818
casNumber,六甲基二硅醚、hexamethyl disiloxane、107-46-0.xml,107-46-0,六甲基二硅醚,4817
casNumber,六甲基苯、Hexamethylbenzene、87-85-4.xml,87-85-4,六甲基苯,4816
casNumber,"六硝基-1,2-二苯乙烯、hexanitro-1,2-diphenylethylene、20062-22-0.xml",20062-22-0,"六硝基-1,2-二苯乙烯",4826
casNumber,六硝基二苯硫、Hexanitrodiphenyl sulfide、28930-30-5.xml,28930-30-5,六硝基二苯硫,4829
casNumber,六硝基二苯胺、hexanitrodiphenylamine、131-73-7.xml,131-73-7,六硝基二苯胺,4827
casNumber,六硝基二苯胺铵盐、dipicrylamine ammonium salt、2844-92-0.xml,2844-92-0,六硝基二苯胺铵盐,4828
casNumber,冬青油、Methyl salicylate、119-36-8.xml,119-36-8,冬青油,4208
casNumber,十二烷基三氯硅烷、Dodecyltrichlorosilane、4484-72-4.xml,4484-72-4,十二烷基三氯硅烷,5222
casNumber,十二烷基硫酸钠、Sodium lauryl sulfate、151-21-3.xml,151-21-3,十二烷基硫酸钠,5221
casNumber,十二烷基硫醇、dodecyl mercaptan、112-55-0.xml,112-55-0,十二烷基硫醇,5220
casNumber,十二烷基苯磺酸钠、Sodium dodecyl- benzenesuffonate、25155-30-0.xml,25155-30-0,十二烷基苯磺酸钠,5219
casNumber,十二烷酰氯、Lauroyl chloride、112-16-3.xml,112-16-3,十二烷酰氯,5223
casNumber,十八烯、1-Octadecane、112-88-9.xml,112-88-9,十八烯,5218
casNumber,十八烷、Octadecane、593-45-3.xml,593-45-3,十八烷,5215
casNumber,十八烷基三氯硅烷、Octadecyl trichlorosilane、112-04-9.xml,112-04-9,十八烷基三氯硅烷,5216
casNumber,十八烷酰氯、Stearoyl chloride、112-76-5.xml,112-76-5,十八烷酰氯,5217
casNumber,十六烷基三氯硅烷、Hexadecyl trichlorosilane、5894-60-0.xml,5894-60-0,十六烷基三氯硅烷,5224
casNumber,十六烷酰氯、hexadecanoyl chloride、112-67-4.xml,112-67-4,十六烷酰氯,5225
casNumber,十四烷酰氯、tetradecanoyl chloride、112-64-1.xml,112-64-1,十四烷酰氯,5227
casNumber,十氢化萘、decahydronaphthalene、91-17-8.xml,91-17-8,十氢化萘,5226
casNumber,十氯酮、chlordecone、143-50-0.xml,143-50-0,十氯酮,5214
casNumber,十溴联苯、decabromobiphenyl、13654-09-6.xml,13654-09-6,十溴联苯,5228
casNumber,"单过氧马来酸叔丁酯[含量≤52%,含A型稀释剂≥48%]、tert-butyl monoperoxymaleate (not more than 52%, and diluent type A not less than 48%)、1931-62-0.xml",1931-62-0,"单过氧马来酸叔丁酯[含量≤52%,含A型稀释剂≥48%]",4141
casNumber,原丙酸三乙酯、Triethyl orthopropionate、115-80-0.xml,115-80-0,原丙酸三乙酯,5792
casNumber,原乙酸三甲酯、trimethylorthoacetate、1445-45-0.xml,1445-45-0,原乙酸三甲酯,5795
casNumber,原甲酸三乙酯、ethylorthoformate、122-51-0.xml,122-51-0,原甲酸三乙酯,5794
casNumber,原甲酸三甲酯、methyl orthoformate、149-73-5.xml,149-73-5,原甲酸三甲酯,5793
casNumber,双(1-甲基乙基)氟磷酸酯、bis(1-methylethyl)phosphorofluoridatediisopropyl fluorophosphate、55-91-4.xml,55-91-4,双(1-甲基乙基)氟磷酸酯,5255
casNumber,双(2-氯乙基)甲胺、Bis-(2-chloroethyl)methylamine、51-75-2.xml,51-75-2,双(2-氯乙基)甲胺,5256
casNumber,"双(N,N-二甲基甲硫酰)二硫化物、Tetramethylthiuram disulfide、137-26-8.xml",137-26-8,"双(N,N-二甲基甲硫酰)二硫化物",5257
casNumber,双(二甲胺基)磷酰氟[含量＞2%]、tetramethylphosphorodiamidic fluoride(more than 2%)、115-26-4.xml,115-26-4,双(二甲胺基)磷酰氟[含量＞2%],5258
casNumber,双戊烯、dipentene、138-86-3.xml,138-86-3,双戊烯,5261
casNumber,"双过氧化十二烷二酸[含量≤42%,含硫酸钠≥56%]、diperoxy dodecane diacid (not more than 42%, and sodium sulfate not less than 56%)、66280-55-5.xml",66280-55-5,"双过氧化十二烷二酸[含量≤42%,含硫酸钠≥56%]",5260
casNumber,"双过氧化壬二酸[含量≤27%,惰性固体含量≥73%]、diperoxyazelaic acid (not more than 27%, and inert solid not less than 73%)、1941-79-3.xml",1941-79-3,"双过氧化壬二酸[含量≤27%,惰性固体含量≥73%]",5259
casNumber,"发烟硝酸、nitric acid,fuming、52583-42-3.xml",52583-42-3,发烟硝酸,4406
casNumber,叔丁基三氯硅烷、tert-Butyltrichlorosilane、18171-74-9.xml,18171-74-9,叔丁基三氯硅烷,5244
casNumber,叔丁基环己烷、tert-butylcyclohexane、3178-22-1.xml,3178-22-1,叔丁基环己烷,5242
casNumber,叔丁基硫醇、tert-butyl mercaptan、75-66-1.xml,75-66-1,叔丁基硫醇,5243
casNumber,叔丁基苯、tert-Butylbenzene、98-06-6.xml,98-06-6,叔丁基苯,5236
casNumber,叔丁基过氧-2-乙基己碳酸酯[含量≤100%]、tert-butyl peroxy-2-ethylhexylcarbonate (not more than 100%)、34443-12-4.xml,34443-12-4,叔丁基过氧-2-乙基己碳酸酯[含量≤100%],5239
casNumber,"叔丁基过氧-2-乙基己酸酯[32%＜含量≤52%,含B型稀释剂≥48%]、tert-butyl peroxy-2-ethylhexanoate (more than 32% but not more than 52%, and diluent type B not less than 48%)、3006-82-4.xml",3006-82-4,"叔丁基过氧-2-乙基己酸酯[32%＜含量≤52%,含B型稀释剂≥48%]",5238
casNumber,叔丁基过氧-2-甲基苯甲酸酯[含量≤100%]、tert-butyl peroxy-2-methylbenzoate (not more than 100%)、22313-62-8.xml,22313-62-8,叔丁基过氧-2-甲基苯甲酸酯[含量≤100%],5237
casNumber,"叔丁基过氧异丁酸酯[52%＜含量≤77%,含B型稀释剂≥23%]、peroxyisobutyrate (more than 52% but not more than 77%, and diluent type B not less than 23%)、109-13-7.xml",109-13-7,"叔丁基过氧异丁酸酯[52%＜含量≤77%,含B型稀释剂≥23%]",5241
casNumber,"叔丁基过氧新戊酸酯[27%＜含量≤67%,含B型稀释剂≥33%]、peroxypivalate (more than 27% but not more than 67%, and diluent type B not less than 33%)、927-07-1.xml",927-07-1,"叔丁基过氧新戊酸酯[27%＜含量≤67%,含B型稀释剂≥33%]",5240
casNumber,叔丁基过氧新癸酸酯[77%＜含量≤100%]、tert-butyl peroxyneodecanoate (more than 77%)、26748-41-4.xml,26748-41-4,叔丁基过氧新癸酸酯[77%＜含量≤100%],4523
casNumber,叔丁胺、tert-butylamine、75-64-9.xml,75-64-9,叔丁胺,5235
casNumber,叔戊基过氧-2-乙基己酸酯[含量≤100%]、tert-amyl peroxy-2-ethyl hexanoate (not more than 100%)、686-31-7.xml,686-31-7,叔戊基过氧-2-乙基己酸酯[含量≤100%],5245
casNumber,"叔戊基过氧化氢[含量≤88%,含A型稀释剂≥6%,含水≥6%]、tert-amyl hydroperoxide (not more than 88%, and diluent type A not less than 6%, and inert water less than 6%)、3425-61-4.xml",3425-61-4,"叔戊基过氧化氢[含量≤88%,含A型稀释剂≥6%,含水≥6%]",5246
casNumber,"叔戊基过氧戊酸酯[含量≤77%,含B型稀释剂≥23%]、tert-amyl peroxypivalate (not more than 77%, and diluent type B not less than 23%)、29240-17-3.xml",29240-17-3,"叔戊基过氧戊酸酯[含量≤77%,含B型稀释剂≥23%]",5247
casNumber,"叔戊基过氧新癸酸酯[含量≤77%,含B型稀释剂≥23%]、tert-amyl peroxyneodecanoate (not more than 77%, and diluent type B not less than 23%)、68299-16-1.xml",68299-16-1,"叔戊基过氧新癸酸酯[含量≤77%,含B型稀释剂≥23%]",5248
casNumber,叔辛胺、tert-Octylamine、107-45-9.xml,107-45-9,叔辛胺,5249
casNumber,叠氮化钠、Sodium azide、26628-22-8.xml,26628-22-8,叠氮化钠,4180
casNumber,叠氮化钡、Barium azide、18810-58-7.xml,18810-58-7,叠氮化钡,4179
casNumber,"叠氮化铅[含水或水加乙醇≥20%]、lead azide,wetted with not less than 20％ water,or mixture of alcohol and water,by mass、13424-46-9.xml",13424-46-9,叠氮化铅[含水或水加乙醇≥20%],4181
casNumber,可力丁、2，4，6-Trimethylpyridine、108-75-8.xml,108-75-8,可力丁,4710
casNumber,吗啉、morpholine、110-91-8.xml,110-91-8,吗啉,4936
casNumber,吡咯、Pyrrole、109-97-7.xml,109-97-7,吡咯,4079
casNumber,吡啶、Pyridine、110-86-1.xml,110-86-1,吡啶,4078
casNumber,呋喃、Furan、110-00-9.xml,110-00-9,呋喃,4416
casNumber,呋喃甲酰氯、furoyl chloride、527-69-5.xml,527-69-5,呋喃甲酰氯,4417
casNumber,哌啶、Piperidine、110-89-4.xml,110-89-4,哌啶,4954
casNumber,哌嗪、Piperazine、110-85-0.xml,110-85-0,哌嗪,4955
casNumber,喹啉、Quinoline、91-22-5.xml,91-22-5,喹啉,4713
casNumber,噻吩、thiophene、110-02-1.xml,110-02-1,噻吩,5058
casNumber,四丁基氢氧化磷、tetrabutyl phosphorous hydroxide、14518-69-5.xml,14518-69-5,四丁基氢氧化磷,5273
casNumber,四丁基氢氧化铵、Tetrabutylammonium hydroxide、2052-49-5.xml,2052-49-5,四丁基氢氧化铵,5272
casNumber,四丁基锡、tetra butyltin、1461-25-2.xml,1461-25-2,四丁基锡,5274
casNumber,四乙基氢氧化铵、tetraethylammonium hydroxide、77-98-5.xml,77-98-5,四乙基氢氧化铵,5320
casNumber,四乙基焦磷酸酯、tetraethyl pyrophosphate、107-49-3.xml,107-49-3,四乙基焦磷酸酯,5318
casNumber,四乙基铅、tetraethyl lead、78-00-2.xml,78-00-2,四乙基铅,5319
casNumber,四乙基锡、tetra ethyltin、597-64-8.xml,597-64-8,四乙基锡,5321
casNumber,四亚乙基五胺、Tetraethylenepentaminie、112-57-2.xml,112-57-2,四亚乙基五胺,5314
casNumber,四唑并-1-乙酸、tetrazol-1-acetic acid、21732-17-2.xml,21732-17-2,四唑并-1-乙酸,5322
casNumber,"四氟乙烯[稳定的]、tetrafluoroethylene,stabilized、116-14-3.xml",116-14-3,四氟乙烯[稳定的],5282
casNumber,四氟代肼、Tetrafluorohydrazine、10036-47-2.xml,10036-47-2,四氟代肼,5275
casNumber,四氟化硅、silicon tetrafluoride、7783-61-1.xml,7783-61-1,四氟化硅,5276
casNumber,四氟化硫、Sulphur tetrafluoride、7783-60-0.xml,7783-60-0,四氟化硫,5277
casNumber,四氟化铀、Uranium tetrafluoride、10049-14-6.xml,10049-14-6,四氟化铀,5279
casNumber,四氟化铅、lead tetrafluoride、7783-59-7.xml,7783-59-7,四氟化铅,5278
casNumber,四氟甲烷、tetrafluoromethane、75-73-0.xml,75-73-0,四氟甲烷,5280
casNumber,"四氟硼酸-2,5-二乙氧基-4-吗啉代重氮苯、2,5-diethoxy-4-morpholinobenzenediazonium tetrafluoroborate、4979-72-0.xml",4979-72-0,"四氟硼酸-2,5-二乙氧基-4-吗啉代重氮苯",5281
casNumber,四氢吡咯、Pyrrolidine、123-75-1.xml,123-75-1,四氢吡咯,5302
casNumber,四氢吡喃、Tetrahydropyran、142-68-7.xml,142-68-7,四氢吡喃,5303
casNumber,四氢呋喃、tetrahydrofuran、109-99-9.xml,109-99-9,四氢呋喃,5304
casNumber,四氢噻吩、tetrahydrothiophene、110-01-0.xml,110-01-0,四氢噻吩,5307
casNumber,四氢糠胺、Tetrahyrdrofurfurylamine、4795-29-3.xml,4795-29-3,四氢糠胺,5305
casNumber,"四氢邻苯二甲酸酐[含马来酐＞0.05%]、3,4,5,6-tetrahydrophthalic anhydride with more than 0.05% of maleic anhydride、2426-02-0.xml",2426-02-0,四氢邻苯二甲酸酐[含马来酐＞0.05%],5306
casNumber,四氧化三铅、lead tetroxide、1314-41-6.xml,1314-41-6,四氧化三铅,5317
casNumber,四氧化二氮、dinitrogen tetroxide、10544-72-6.xml,10544-72-6,四氧化二氮,5316
casNumber,四氧化锇、Osmium tetroxide、20816-12-0.xml,20816-12-0,四氧化锇,5315
casNumber,四氯丙烯、tetrachloropropene、10436-39-2.xml,10436-39-2,四氯丙烯,5287
casNumber,四氯乙烯、tetrachloroethylene、127-18-4.xml,127-18-4,四氯乙烯,5301
casNumber,四氯化硅、silicon tetrachloride、10026-04-7.xml,10026-04-7,四氯化硅,5291
casNumber,四氯化硒、selenium tetrachloride、10026-03-6.xml,10026-03-6,四氯化硒,5295
casNumber,四氯化硫、Sulfur tetrachloride、13451-08-6.xml,13451-08-6,四氯化硫,5292
casNumber,四氯化碲、Tellurium tetrachloride、10026-07-0.xml,10026-07-0,四氯化碲,5288
casNumber,四氯化钒、vanadium tetrachloride、7632-51-1.xml,7632-51-1,四氯化钒,5289
casNumber,四氯化钛、titanium tetrachloride、7550-45-0.xml,7550-45-0,四氯化钛,5294
casNumber,四氯化铅、Lead tetrachloride、13463-30-4.xml,13463-30-4,四氯化铅,5293
casNumber,四氯化锆、zirconium tetrachloride、10026-11-6.xml,10026-11-6,四氯化锆,5290
casNumber,四氯化锗、germanium tetrachloride、10038-98-9.xml,10038-98-9,四氯化锗,5298
casNumber,四氯化锡[无水]、tin tetrachloride，anhydrous、7646-78-8.xml,7646-78-8,四氯化锡[无水],5296
casNumber,四氯化锡五水合物、 stannic chloride pentahydrate、10026-06-9.xml,10026-06-9,四氯化锡五水合物,5297
casNumber,四氯邻苯二甲酸酐、tetrachlorophthalic anhydride、117-08-8.xml,117-08-8,四氯邻苯二甲酸酐,5299
casNumber,"四氯锌酸-2,5-二丁氧基-4-(4-吗啉基)-重氮苯(2：1)、2,5-dibutoxy-4-(4-morpholinyl) benzenediazonium,tetrachlorozincate(2：1)、14726-58-0.xml",14726-58-0,"四氯锌酸-2,5-二丁氧基-4-(4-吗啉基)-重氮苯(2：1)",5300
casNumber,四氰基代乙烯、Tetracyanoethylene、670-54-2.xml,670-54-2,四氰基代乙烯,5308
casNumber,四溴二苯醚、tetrabromodiphenyl ethers、40088-47-9.xml,40088-47-9,四溴二苯醚,5311
casNumber,四溴化碳、carbon tetrabromide、558-13-4.xml,558-13-4,四溴化碳,5312
casNumber,四溴化锡、stannic bromide、7789-67-5.xml,7789-67-5,四溴化锡,5313
casNumber,四甲基铅、Lead tetramethyl、75-74-1.xml,75-74-1,四甲基铅,5283
casNumber,四甲基锡、Tetramethylstannane、594-27-4.xml,594-27-4,四甲基锡,5284
casNumber,四硝基甲烷、tetranitromethane、509-14-8.xml,509-14-8,四硝基甲烷,5309
casNumber,"四硝基萘、1,3,6,8-tetranitronaphthalene、28995-89-3.xml",28995-89-3,四硝基萘,5310
casNumber,四碘化锡、tin tetraiodide、7790-47-8.xml,7790-47-8,四碘化锡,5271
casNumber,四磷酸六乙酯、Hexaethyl tetraphosphate、757-58-4.xml,757-58-4,四磷酸六乙酯,5286
casNumber,四聚丙烯、propylene tetramer、6842-15-5.xml,6842-15-5,四聚丙烯,5285
casNumber,四苯基锡、Tetraphenyltin、595-90-4.xml,595-90-4,四苯基锡,5270
casNumber,土荆芥油、oil of chenopodium、8006-99-3.xml,8006-99-3,土荆芥油,5355
casNumber,地高辛、digoxin、20830-75-5.xml,20830-75-5,地高辛,4146
casNumber,壬二酸、Azelaic acid、123-99-9.xml,123-99-9,壬二酸,5046
casNumber,壬二酸二丁酯、Dibutyl azelate、2917-73-9.xml,2917-73-9,壬二酸二丁酯,5047
casNumber,壬二酸二乙酯、Diethyl azelate、624-17-9.xml,624-17-9,壬二酸二乙酯,5049
casNumber,壬二酸二辛酯、Di(2-ethylhexyl)azelate、103-24-2.xml,103-24-2,壬二酸二辛酯,5048
casNumber,壬基三氯硅烷、Nonyl trichlorosilane、5283-67-0.xml,5283-67-0,壬基三氯硅烷,5052
casNumber,壬基酚、nonylphenol、25154-52-3.xml,25154-52-3,壬基酚,5050
casNumber,壬基酚聚氧乙烯醚、nonylphenol ethoxylate、9016-45-9.xml,9016-45-9,壬基酚聚氧乙烯醚,5051
casNumber,壬烷及其异构体、nonaneanditsisomers、111-84-2.xml,111-84-2,壬烷及其异构体,5054
casNumber,壬胺、Nonylamine、112-20-9.xml,112-20-9,壬胺,5045
casNumber,壬酸乙酯、Ethyl pelargonate、123-29-5.xml,123-29-5,壬酸乙酯,5053
casNumber,多氯三联苯、polychlorinatedterphenyls、61788-33-8.xml,61788-33-8,多氯三联苯,4240
casNumber,多氯联苯、Polychlorinated biphenyls、1336-36-3.xml,1336-36-3,多氯联苯,4239
casNumber,多硫化铵溶液、ammonium polysulphides solution、9080-17-5.xml,9080-17-5,多硫化铵溶液,4238
casNumber,多钒酸铵、ammonium polyvanadate、12207-63-5.xml,12207-63-5,多钒酸铵,4237
casNumber,天地红、Tetradifon、116-29-0.xml,116-29-0,天地红,5349
casNumber,"天然气[富含甲烷的]、natural gas,with a high methane content、8006-14-2.xml",8006-14-2,天然气[富含甲烷的],5350
casNumber,"季戊四醇四硝酸酯[含水≥25%或含减敏剂≥15%]、pentaerythrite tetranitrate,wetted with not less than 25% water,by mass or pentaerythrite tetranitrate,desensitized with not less than 15% phlegmatizer,by mass、78-11-5.xml",78-11-5,季戊四醇四硝酸酯[含水≥25%或含减敏剂≥15%],4625
casNumber,对䓝基化过氧氢[72%＜含量≤100%]、p-menthyl hydroperoxide (more than 72%)、39811-34-2.xml,39811-34-2,对䓝基化过氧氢[72%＜含量≤100%],4228
casNumber,对丙氧基苯醛、p-Propoxy benzaldehyde、5736-85-6.xml,5736-85-6,对丙氧基苯醛,4217
casNumber,对二异丙基苯、Diisopropylbenzene、100-18-5.xml,100-18-5,对二异丙基苯,4220
casNumber,对二甲基氨基苯醛、p-Dimethylaminobenzaldehyde、100-10-7.xml,100-10-7,对二甲基氨基苯醛,4219
casNumber,对二甲苯磺酸、p-Xylene-2-sulfonic acid、609-54-1.xml,609-54-1,对二甲苯磺酸,4218
casNumber,对壬基酚、p-nonylpheno、104-40-5.xml,104-40-5,对壬基酚,4229
casNumber,对异丙基苯酚、p-lsopropylphenol、99-89-8.xml,99-89-8,对异丙基苯酚,4236
casNumber,对氨基苯磺酸、p-Aminobenzene sulfonic acid、121-57-3.xml,121-57-3,对氨基苯磺酸,4214
casNumber,对氯苯硫醇、p-chlorobenzenethiol、106-54-7.xml,106-54-7,对氯苯硫醇,4227
casNumber,对溴苯肼、p-bromophenylhydrazine、41931-18-4.xml,41931-18-4,对溴苯肼,4235
casNumber,对甲苯甲酸、p-Toluic acid、99-94-5.xml,99-94-5,对甲苯甲酸,4224
casNumber,对甲苯磺酰氯、p-toluene sulfonyl chloride、98-59-9.xml,98-59-9,对甲苯磺酰氯,4223
casNumber,对甲苯磺酸、p-Toluene sulfonic acid、6192-52-5.xml,6192-52-5,对甲苯磺酸,4221
casNumber,对甲苯磺酸甲酯、Methyl p-toluene sulfonate、80-48-8.xml,80-48-8,对甲苯磺酸甲酯,4222
casNumber,对甲苯醛、p-Methylbenzaldehyde、104-87-0.xml,104-87-0,对甲苯醛,4225
casNumber,对硝基乙苯、p-nitroethylbenzene、100-12-9.xml,100-12-9,对硝基乙苯,4234
casNumber,对硝基苯甲酰肼、p-nitrobenzoyl hydrazine、636-97-5.xml,636-97-5,对硝基苯甲酰肼,4233
casNumber,对硝基苯磺酸、p-nitrobenzenesulphonicacid、138-42-1.xml,138-42-1,对硝基苯磺酸,4232
casNumber,对硝基苯酚钠、sodiump-nitrophenolate、824-78-2.xml,824-78-2,对硝基苯酚钠,4231
casNumber,对硝基苯酚钾、potassiump-nitrophenolate、1124-31-8.xml,1124-31-8,对硝基苯酚钾,4230
casNumber,对硫氰酸苯胺、p-thiocyanatoaniline、15191-25-0.xml,15191-25-0,对硫氰酸苯胺,4226
casNumber,对苯二甲酰氯、terephthaloyl chloride、100-20-9.xml,100-20-9,对苯二甲酰氯,4216
casNumber,对苯二甲酸、p-phthalic acid、100-21-0.xml,100-21-0,对苯二甲酸,4215
casNumber,左旋溶肉瘤素、alkeran、148-82-3.xml,148-82-3,左旋溶肉瘤素,5866
casNumber,己二腈、hexanedinitrile、111-69-3.xml,111-69-3,己二腈,4615
casNumber,己二酰二氯、Adipoyl chloride、111-50-2.xml,111-50-2,己二酰二氯,4617
casNumber,己二醇、hexalene glycol、107-41-5.xml,107-41-5,己二醇,4614
casNumber,己二醛、Adipaldehyde、1072-21-5.xml,1072-21-5,己二醛,4616
casNumber,己内酰胺、Caprolactam、105-60-2.xml,105-60-2,己内酰胺,4621
casNumber,己基三氯硅烷、Hexyl trichlorosilane、928-65-4.xml,928-65-4,己基三氯硅烷,4618
casNumber,己炔醇、Hexynol、105-31-7.xml,105-31-7,己炔醇,4622
casNumber,己硫醇、Hexyl mercaptan、111-31-9.xml,111-31-9,己硫醇,4620
casNumber,己腈、hexanenitrile、628-73-9.xml,628-73-9,己腈,4619
casNumber,己酰氯、Hexanoyl chloride、142-61-0.xml,142-61-0,己酰氯,4624
casNumber,己酸、Hexanoic acid、142-62-1.xml,142-62-1,己酸,4623
casNumber,己醇钠、sodium hexylate、19779-06-7.xml,19779-06-7,己醇钠,4613
casNumber,庚二腈、Pimelonitrile、646-20-8.xml,646-20-8,庚二腈,4492
casNumber,庚腈、Heptanitrile、629-08-3.xml,629-08-3,庚腈,4493
casNumber,庚酸、Heptanoic acid、111-14-8.xml,111-14-8,庚酸,4494
casNumber,"异丁基乙烯基醚[稳定的]、vinyl isobutyl ether,stabilized、109-53-5.xml",109-53-5,异丁基乙烯基醚[稳定的],5740
casNumber,异丁基环戊烷、isobutyl cyclopentane、3788-32-7.xml,3788-32-7,异丁基环戊烷,5739
casNumber,异丁基苯、Isobutyl benzene、538-93-2.xml,538-93-2,异丁基苯,5738
casNumber,异丁烯、isobutylene、115-11-7.xml,115-11-7,异丁烯,5751
casNumber,异丁烷、isobutane、75-28-5.xml,75-28-5,异丁烷,5750
casNumber,异丁胺、isobutylamine、78-81-9.xml,78-81-9,异丁胺,5737
casNumber,异丁腈、isobutyronitrile、78-82-0.xml,78-82-0,异丁腈,5741
casNumber,异丁酰氯、Isobutyryl chloride、79-30-1.xml,79-30-1,异丁酰氯,5752
casNumber,异丁酸、isobutyric acid、79-31-2.xml,79-31-2,异丁酸,5743
casNumber,异丁酸乙酯、ethyl isobutyrate、97-62-1.xml,97-62-1,异丁酸乙酯,5746
casNumber,异丁酸异丁酯、isobutylisobutyrate、97-85-8.xml,97-85-8,异丁酸异丁酯,5748
casNumber,异丁酸异丙酯、isopropyl isobutyrate、617-50-5.xml,617-50-5,异丁酸异丙酯,5747
casNumber,异丁酸正丙酯、n-propyl isobutyrate、644-49-5.xml,644-49-5,异丁酸正丙酯,5749
casNumber,异丁酸甲酯、Methyl isobutyrate、547-63-7.xml,547-63-7,异丁酸甲酯,5745
casNumber,异丁酸酐、isobutyric anhydride、97-72-3.xml,97-72-3,异丁酸酐,5744
casNumber,异丁醛、isobutylaldehyde、78-84-2.xml,78-84-2,异丁醛,5742
casNumber,异丙基苯、isopropylbenzene、98-82-8.xml,98-82-8,异丙基苯,5732
casNumber,异丙烯基乙炔、isopropenylacetylene、78-80-8.xml,78-80-8,异丙烯基乙炔,5735
casNumber,异丙硫醇、Isopropyl mercaptan、75-33-2.xml,75-33-2,异丙硫醇,5733
casNumber,异丙醚、isopropyl ether、108-20-3.xml,108-20-3,异丙醚,5734
casNumber,异佛尔酮二异氰酸酯、isophorone di-isocyanate、4098-71-9.xml,4098-71-9,异佛尔酮二异氰酸酯,5753
casNumber,异十二烷、2，2，4，4，6-Pentamethyl heptane、62199-62-6.xml,62199-62-6,异十二烷,5778
casNumber,异己烯、isohexene、27236-46-0.xml,27236-46-0,异己烯,5756
casNumber,异己酸、4-Methylpentanoic acid、646-07-1.xml,646-07-1,异己酸,5755
casNumber,异庚烯、isoheptene、68975-47-3.xml,68975-47-3,异庚烯,5754
casNumber,异戊胺、isopentylamine、107-85-7.xml,107-85-7,异戊胺,5779
casNumber,异戊腈、isopentanenitrile、625-28-5.xml,625-28-5,异戊腈,5781
casNumber,异戊酰氯、Isovaleryl chloride、108-12-3.xml,108-12-3,异戊酰氯,5785
casNumber,异戊酸乙酯、ethyl isovalerate、108-64-5.xml,108-64-5,异戊酸乙酯,5783
casNumber,异戊酸异丙酯、isopropyl isovalerate、32665-23-9.xml,32665-23-9,异戊酸异丙酯,5784
casNumber,异戊酸甲酯、methyl isovalerate、556-24-1.xml,556-24-1,异戊酸甲酯,5782
casNumber,异戊醇钠、sodium isoamylate、19533-24-5.xml,19533-24-5,异戊醇钠,5780
casNumber,异氰基乙酸乙酯、Ethyl isocyanoacetate、2999-46-4.xml,2999-46-4,异氰基乙酸乙酯,5761
casNumber,异氰酸-3-氯-4-甲苯酯、3-chloro-4-methylphenyl isocyanate、28479-22-3.xml,28479-22-3,异氰酸-3-氯-4-甲苯酯,5762
casNumber,异氰酸三氟甲苯酯、Isocyanatobenzotrifluoride、329-01-1.xml,329-01-1,异氰酸三氟甲苯酯,5769
casNumber,异氰酸乙酯、Ethyl isocyanate、109-90-0.xml,109-90-0,异氰酸乙酯,5772
casNumber,异氰酸二氯苯酯、dichlorophenyl isocyanate、102-36-3.xml,102-36-3,异氰酸二氯苯酯,5766
casNumber,异氰酸十八酯、Octadecyl isocyanate、112-96-9.xml,112-96-9,异氰酸十八酯,5770
casNumber,异氰酸叔丁酯、tert-butyl isocyanate、1609-86-5.xml,1609-86-5,异氰酸叔丁酯,5771
casNumber,异氰酸对溴苯酯、p-bromophenyl isocyanate、2493-02-9.xml,2493-02-9,异氰酸对溴苯酯,5765
casNumber,异氰酸对硝基苯酯、p-nitrophenyl isocyanate、100-28-7.xml,100-28-7,异氰酸对硝基苯酯,5764
casNumber,异氰酸异丁酯、isobutyl isocyanate、1873-29-6.xml,1873-29-6,异氰酸异丁酯,5774
casNumber,异氰酸异丙酯、Isopropyl isocyanate、1795-48-8.xml,1795-48-8,异氰酸异丙酯,5773
casNumber,异氰酸正丁酯、Butyl isocyanate、111-36-4.xml,111-36-4,异氰酸正丁酯,5776
casNumber,异氰酸正丙酯、Propyl isocyanate、110-78-1.xml,110-78-1,异氰酸正丙酯,5775
casNumber,异氰酸环己酯、Cyclohexyl isocyanate、3173-53-3.xml,3173-53-3,异氰酸环己酯,5767
casNumber,异氰酸甲酯、methyl isocyanate、624-83-9.xml,624-83-9,异氰酸甲酯,5768
casNumber,异氰酸苯酯、phenyl isocyanate、103-71-9.xml,103-71-9,异氰酸苯酯,5763
casNumber,异硫氰酸-1-萘酯、1-naphthyl isothiocyanate、551-06-4.xml,551-06-4,异硫氰酸-1-萘酯,5757
casNumber,异硫氰酸乙酯、ethyl isothiocyanate、542-85-8.xml,542-85-8,异硫氰酸乙酯,5760
casNumber,异硫氰酸烯丙酯、allyl isothiocyanate、57-06-7.xml,57-06-7,异硫氰酸烯丙酯,5759
casNumber,异硫氰酸苯酯、phenyl isothiocyanate、103-72-0.xml,103-72-0,异硫氰酸苯酯,5758
casNumber,异稻瘟净、Kitazine P、26087-47-8.xml,26087-47-8,异稻瘟净,5736
casNumber,异辛烯、isooctene、5026-76-6.xml,5026-76-6,异辛烯,5787
casNumber,异辛烷、isooctane、26635-64-3.xml,26635-64-3,异辛烷,5786
casNumber,戊二腈、pentanedinitrile、544-13-8.xml,544-13-8,戊二腈,5391
casNumber,戊二酸、Glutaric acid、110-94-1.xml,110-94-1,戊二酸,5393
casNumber,戊二醛、glutaral、111-30-8.xml,111-30-8,戊二醛,5392
casNumber,戊基三氯硅烷、Pentyl trichloro silane、107-72-2.xml,107-72-2,戊基三氯硅烷,5394
casNumber,戊硼烷、pentaborane、19624-22-7.xml,19624-22-7,戊硼烷,5396
casNumber,戊腈、pentanenitrile、110-59-8.xml,110-59-8,戊腈,5395
casNumber,戊酰氯、Valeryl chloride、638-29-9.xml,638-29-9,戊酰氯,5399
casNumber,戊酸丁酯、butyl valerate、591-68-4.xml,591-68-4,戊酸丁酯,5397
casNumber,戊酸戊酯、amyl valerate、2173-56-0.xml,2173-56-0,戊酸戊酯,5398
casNumber,抗霉素 A、Antimycin A 、1397-94-0.xml,1397-94-0,抗霉素 A,4709
casNumber,挂-3-氯桥-6-氰基-2-降冰片酮-O-(甲基氨基甲酰基)肟、exo-3-chloro-endo-6-cyano-2-norbornanone-O-(methylcarbamoyl)oxime、15271-41-7.xml,15271-41-7,挂-3-氯桥-6-氰基-2-降冰片酮-O-(甲基氨基甲酰基)肟,4496
casNumber,"支链-4-壬基酚、4-nonylphenol, branched、84852-15-3.xml",84852-15-3,支链-4-壬基酚,5848
casNumber,放线菌素D、actinomycin D、50-76-0.xml,50-76-0,放线菌素D,4410
casNumber,放线菌素、Actinomycin、1402-38-6.xml,1402-38-6,放线菌素,4409
casNumber,敌克松、Sodium p(dimethylamino) benzenediazo sulfonate、140-56-7.xml,140-56-7,敌克松,4151
casNumber,敌稗、Propanil、709-98-8.xml,709-98-8,敌稗,4147
casNumber,敌草快、Diquat、85-00-7.xml,85-00-7,敌草快,4148
casNumber,敌草隆、Diuron、330-54-1.xml,330-54-1,敌草隆,4149
productName,敌菌酮、Drazoxolon、507-69-7.xml,507-69-7,敌菌酮,4150
casNumber,"无水肼[含肼＞64%]、hydrazine,anhydrous, with more than 64% hydrazine、302-01-2.xml",302-01-2,无水肼[含肼＞64%],4700
casNumber,月桂酰胺、Lauramide、1120-16-7.xml,1120-16-7,月桂酰胺,5798
casNumber,月桂酸三丁基锡、tributyltin laurate 、3090-36-6.xml,3090-36-6,月桂酸三丁基锡,5796
casNumber,月桂酸乙酯、Ethyl laurate、106-33-2.xml,106-33-2,月桂酸乙酯,5797
casNumber,木防己苦毒素、picrotoxin 、124-87-8.xml,124-87-8,木防己苦毒素,4944
casNumber,木馏油、wood tar oil、8021-39-4.xml,8021-39-4,木馏油,4945
casNumber,杀虫灵、Acephate、30560-19-1.xml,30560-19-1,杀虫灵,5189
casNumber,杀螟松、Sumithion、122-14-5.xml,122-14-5,杀螟松,5190
casNumber,杂戊醇、fusel oil、8013-75-0.xml,8013-75-0,杂戊醇,5799
casNumber,杜廷、Tutin、2571-22-4.xml,2571-22-4,杜廷,4212
casNumber,松油、pine oil、8002-09-3.xml,8002-09-3,松油,5326
casNumber,松油精、rosin oil、8002-16-2.xml,8002-16-2,松油精,5327
casNumber,松焦油、pine tar oil、8011-48-1.xml,8011-48-1,松焦油,5323
casNumber,松节油、Turpentine、8006-64-2.xml,8006-64-2,松节油,5324
casNumber,松节油混合萜、terebene、1335-76-8.xml,1335-76-8,松节油混合萜,5325
casNumber,树脂酸钙、Calcium resinate、9007-13-0.xml,9007-13-0,树脂酸钙,5250
casNumber,树脂酸钴、Cobalt resinate、68956-82-1.xml,68956-82-1,树脂酸钴,5251
casNumber,树脂酸铝、aluminium resinate、61789-65-9.xml,61789-65-9,树脂酸铝,5252
casNumber,树脂酸锌、zinc resinate、9010-69-9.xml,9010-69-9,树脂酸锌,5254
casNumber,树脂酸锰、manganese resinate、9008-34-8.xml,9008-34-8,树脂酸锰,5253
casNumber,核酸汞、mercury nucleate、12002-19-6.xml,12002-19-6,核酸汞,4581
casNumber,樟脑油、camphor oil、8008-51-3.xml,8008-51-3,樟脑油,5800
casNumber,次氯酸钙、calcium hypochlorite、7778-54-3.xml,7778-54-3,次氯酸钙,4135
casNumber,次氯酸钠溶液、sodium hypochlorite solution、7681-52-9.xml,7681-52-9,次氯酸钠溶液,4138
casNumber,"次氯酸钡[含有效氯＞22%]、barium hypochlorite, containing more than 22% available chlorine、13477-10-6.xml",13477-10-6,次氯酸钡[含有效氯＞22%],4134
casNumber,"次氯酸钾溶液[含有效氯＞5%]、potassium hypochlorite solution,containing more than 5% available chlorine、7778-66-7.xml",7778-66-7,次氯酸钾溶液[含有效氯＞5%],4136
casNumber,次氯酸锂、lithium hypochlorite、13840-33-0.xml,13840-33-0,次氯酸锂,4137
casNumber,"正丁基乙烯基醚[稳定的]、n-butyl vinyl ether,stabilized、111-34-2.xml",111-34-2,正丁基乙烯基醚[稳定的],5812
casNumber,正丁基环戊烷、n-butyl cyclopentane、2040-95-1.xml,2040-95-1,正丁基环戊烷,5811
casNumber,正丁基苯、n-butylbenzene、104-51-8.xml,104-51-8,正丁基苯,5810
casNumber,正丁烷、n-butane、106-97-8.xml,106-97-8,正丁烷,5824
casNumber,正丁硫醇、n-butyl mercaptan、109-79-5.xml,109-79-5,正丁硫醇,5814
casNumber,正丁胺、butylamine、109-73-9.xml,109-73-9,正丁胺,5808
casNumber,正丁腈、n-butyronitrile、109-74-0.xml,109-74-0,正丁腈,5813
casNumber,正丁酰氯、Butyryl chloride、141-75-3.xml,141-75-3,正丁酰氯,5825
casNumber,正丁酸、butyric acid、107-92-6.xml,107-92-6,正丁酸,5817
casNumber,正丁酸乙烯酯[稳定的]、Vinyl butyrate、123-20-6.xml,123-20-6,正丁酸乙烯酯[稳定的],5819
casNumber,正丁酸乙酯、ethyl butyrate、105-54-4.xml,105-54-4,正丁酸乙酯,5820
casNumber,正丁酸异丙酯、isopropyl butyrate、638-11-9.xml,638-11-9,正丁酸异丙酯,5821
casNumber,正丁酸正丁酯、n-butyl butyrate、109-21-7.xml,109-21-7,正丁酸正丁酯,5823
casNumber,正丁酸正丙酯、n-propyl butyrate、105-66-8.xml,105-66-8,正丁酸正丙酯,5822
casNumber,正丁酸甲酯、methyl-n-butyrate、623-42-7.xml,623-42-7,正丁酸甲酯,5818
casNumber,正丁醇、n-butanol、71-36-3.xml,71-36-3,正丁醇,5809
casNumber,正丁醚、n-butyl ether、142-96-1.xml,142-96-1,正丁醚,5815
casNumber,正丁醛、butyraldehyde、123-72-8.xml,123-72-8,正丁醛,5816
casNumber,正丙基环戊烷、Propylcyclopentane、2040-96-2.xml,2040-96-2,正丙基环戊烷,5805
casNumber,正丙硫醇、n-Propyl mercaptan、107-03-9.xml,107-03-9,正丙硫醇,5806
casNumber,正丙苯、n-propylbenzene、103-65-1.xml,103-65-1,正丙苯,5804
casNumber,正丙醚、n-propyl ether、111-43-3.xml,111-43-3,正丙醚,5807
casNumber,正壬醇、n-Nonyl alcohol、143-08-8.xml,143-08-8,正壬醇,5840
casNumber,正己烷、n-hexane、110-54-3.xml,110-54-3,正己烷,5838
casNumber,正己胺、n-hexylamine、111-26-2.xml,111-26-2,正己胺,5833
casNumber,正己酸乙酯、ethyl-n-caproate、123-66-0.xml,123-66-0,正己酸乙酯,5837
casNumber,正己酸甲酯、methyl-n-caproate、106-70-7.xml,106-70-7,正己酸甲酯,5836
casNumber,正己醇、n-Hexyl alcohol、111-27-3.xml,111-27-3,正己醇,5834
casNumber,正己醛、n-hexaldehyde、66-25-1.xml,66-25-1,正己醛,5835
casNumber,正庚烷、n-heptane、142-82-5.xml,142-82-5,正庚烷,5829
casNumber,正庚胺、n-heptylamine、111-68-2.xml,111-68-2,正庚胺,5826
casNumber,正庚醇、n-Heptanol、111-70-6.xml,111-70-6,正庚醇,5827
casNumber,正庚醛、n-heptaldehyde、111-71-7.xml,111-71-7,正庚醛,5828
casNumber,正戊酸乙酯、ethyl-n-valerate、539-82-2.xml,539-82-2,正戊酸乙酯,5842
casNumber,正戊酸正丙酯、n-propyl-n-valerate、141-06-0.xml,141-06-0,正戊酸正丙酯,5843
casNumber,正戊酸甲酯、Methyl n-valerate、624-24-8.xml,624-24-8,正戊酸甲酯,5841
casNumber,正癸烷、n-decane、124-18-5.xml,124-18-5,正癸烷,5832
casNumber,正癸醇、n-Decyl alcohol、112-30-1.xml,112-30-1,正癸醇,5831
casNumber,正硅酸甲酯、methyl silicate、681-84-5.xml,681-84-5,正硅酸甲酯,5830
casNumber,正磷酸、phosphoric acid、7664-38-2.xml,7664-38-2,正磷酸,5839
casNumber,正辛烷、n-octane、111-65-9.xml,111-65-9,正辛烷,5847
casNumber,正辛硫醇、n-Octyl mercaptan、111-88-6.xml,111-88-6,正辛硫醇,5846
casNumber,正辛腈、n-octanenitrile、124-12-9.xml,124-12-9,正辛腈,5845
casNumber,正辛醇、Octanol、111-87-5.xml,111-87-5,正辛醇,5844
casNumber,毒毛旋花苷 G、Ouabain、630-60-4.xml,630-60-4,毒毛旋花苷 G,4209
casNumber,毒毛旋花苷 K、strophantin-K、11005-63-3.xml,11005-63-3,毒毛旋花苷 K,4210
casNumber,毒莠定、Picloram、1918-02-1.xml,1918-02-1,毒莠定,4211
casNumber,氖、neon、7440-01-9.xml,7440-01-9,氖,4948
casNumber,氘、deuterium、7782-39-0.xml,7782-39-0,氘,4145
casNumber,"氙[压缩的或液化的]、xenon,compressed or refrigerated liquid、7440-63-3.xml",7440-63-3,氙[压缩的或液化的],5415
casNumber,氟、fluorine、7782-41-4.xml,7782-41-4,氟,4418
casNumber,氟乙烯[稳定的]、Vinyl fluoride，inhibied、75-02-5.xml,75-02-5,氟乙烯[稳定的],4466
casNumber,氟乙烷、Ethyl fluoride、353-36-6.xml,353-36-6,氟乙烷,4465
casNumber,氟乙酸-2-苯酰肼、fluoroacetic acid 2-phenylhydrazide、2343-36-4.xml,2343-36-4,氟乙酸-2-苯酰肼,4460
casNumber,氟乙酸乙酯、Ethyl fluoroacetate、459-72-3.xml,459-72-3,氟乙酸乙酯,4464
casNumber,氟乙酸甲酯、methyl fluoroacetate、453-18-9.xml,453-18-9,氟乙酸甲酯,4461
casNumber,氟乙酸钠、Sodium fluoroacetate、62-74-8.xml,62-74-8,氟乙酸钠,4463
casNumber,氟乙酸钾、Potassium fluoroacetate、23745-86-0.xml,23745-86-0,氟乙酸钾,4462
casNumber,氟代甲苯、fluorotoluenes、25496-08-6.xml,25496-08-6,氟代甲苯,4420
casNumber,氟代苯、fluorobenzene、462-06-6.xml,462-06-6,氟代苯,4419
casNumber,氟化亚钴、Cobaltous fluoride、10026-17-2.xml,10026-17-2,氟化亚钴,4447
casNumber,氟化氢钠、Sodium bifluoride、1333-83-1.xml,1333-83-1,氟化氢钠,4442
casNumber,氟化氢钾、Potassium bifluoride、7789-29-9.xml,7789-29-9,氟化氢钾,4441
casNumber,氟化氢铵、Ammonium difluoride、1341-49-7.xml,1341-49-7,氟化氢铵,4440
casNumber,氟化汞、mercuric fluoride、7783-39-3.xml,7783-39-3,氟化汞,4431
casNumber,氟化钠、sodium fluoride、7681-49-4.xml,7681-49-4,氟化钠,4437
casNumber,氟化钡、Barium fluoride、7787-32-8.xml,7787-32-8,氟化钡,4427
casNumber,氟化钴、Cobaltic fluoride、10026-18-3.xml,10026-18-3,氟化钴,4432
casNumber,氟化钾、potassium fluoride、7789-23-3.xml,7789-23-3,氟化钾,4433
casNumber,氟化铅、lead difluoride、7783-46-2.xml,7783-46-2,氟化铅,4438
casNumber,氟化铜、Copper fluoride、7789-19-7.xml,7789-19-7,氟化铜,4445
casNumber,氟化铝、aluminium fluoride、7784-18-1.xml,7784-18-1,氟化铝,4436
casNumber,氟化铬、chromium fluoride、7788-97-8.xml,7788-97-8,氟化铬,4430
casNumber,氟化铯、cesium fluoride、13400-13-0.xml,13400-13-0,氟化铯,4444
casNumber,氟化铵、Ammonium fluoride、12125-01-8.xml,12125-01-8,氟化铵,4426
casNumber,氟化铷、rubidium fluoride、13446-74-7.xml,13446-74-7,氟化铷,4443
casNumber,氟化锂、Lithium fluoride、7789-24-4.xml,7789-24-4,氟化锂,4435
casNumber,氟化锆、Zirconium fluoride、7783-64-4.xml,7783-64-4,氟化锆,4428
casNumber,氟化锌、zinc fluoride、7783-49-5.xml,7783-49-5,氟化锌,4446
casNumber,氟化镉、Cadmium fluoride、7790-79-6.xml,7790-79-6,氟化镉,4429
casNumber,氟化镧、lanthanum fluoride、13709-38-1.xml,13709-38-1,氟化镧,4434
casNumber,氟甲烷、Methyl fluoride、593-53-3.xml,593-53-3,氟甲烷,4449
casNumber,氟硅酸、fluosilicic acid、16961-83-4.xml,16961-83-4,氟硅酸,4422
casNumber,氟硅酸钠、Sodium fluosilicate、16893-85-9.xml,16893-85-9,氟硅酸钠,4425
casNumber,氟硅酸钾、Potassium fluorosilicate、16871-90-2.xml,16871-90-2,氟硅酸钾,4424
casNumber,氟硅酸铵、ammonium fluorosilicate、1309-32-6.xml,1309-32-6,氟硅酸铵,4423
casNumber,氟硼酸-3-甲基-4-(吡咯烷-1-基)重氮苯、3-methyl-4-(pyrrolidin-1-yl) benzenediazonium tetrafluoroborate、36422-95-4.xml,36422-95-4,氟硼酸-3-甲基-4-(吡咯烷-1-基)重氮苯,4452
casNumber,氟硼酸、fluoroboric acid、16872-11-0.xml,16872-11-0,氟硼酸,4451
casNumber,氟硼酸铅、Lead fluoroborate、13814-96-5.xml,13814-96-5,氟硼酸铅,4454
casNumber,氟硼酸银、silver fluoborate、14104-20-2.xml,14104-20-2,氟硼酸银,4456
casNumber,氟硼酸锌、zinc fluoborate、13826-88-5.xml,13826-88-5,氟硼酸锌,4455
casNumber,氟硼酸镉、Cadmium fluoroborate、14486-19-2.xml,14486-19-2,氟硼酸镉,4453
casNumber,"氟磷酸[无水]、fluorophosphoric acid,anhydrous、13537-32-1.xml",13537-32-1,氟磷酸[无水],4450
casNumber,氟磺酸、fluorosulfonic acid、7789-21-1.xml,7789-21-1,氟磺酸,4448
casNumber,氟钽酸钾、Potassium fluoromntalate、16924-00-8.xml,16924-00-8,氟钽酸钾,4459
casNumber,氟铍酸钠、sodium fluoroberyllate、13871-27-7.xml,13871-27-7,氟铍酸钠,4458
casNumber,氟铍酸铵、ammonium fluoroberyllate、14874-86-3.xml,14874-86-3,氟铍酸铵,4457
casNumber,氟锆酸钾、Potassium fluorozirconate、16923-95-8.xml,16923-95-8,氟锆酸钾,4421
casNumber,"氢(液化的)、Hydrogen,refrigerated liquid、1333-74-0.xml",1333-74-0,氢(液化的),4980
casNumber,氢化钙、calcium hydride、7789-78-8.xml,7789-78-8,氢化钙,4983
casNumber,氢化钛、Titanium hydride、7704-98-5.xml,7704-98-5,氢化钛,4992
casNumber,氢化钠、sodium hydride、7646-69-7.xml,7646-69-7,氢化钠,4991
casNumber,氢化钡、Barium hydride、13477-09-3.xml,13477-09-3,氢化钡,4982
casNumber,氢化钾、potassium hydride、7693-26-7.xml,7693-26-7,氢化钾,4985
casNumber,氢化铝、Aluminium hydride、7784-21-6.xml,7784-21-6,氢化铝,4987
casNumber,氢化铝钠、sodium aluminium hydride、13770-96-2.xml,13770-96-2,氢化铝钠,4989
casNumber,氢化铝锂、lithium aluminium tetrahydride、16853-85-3.xml,16853-85-3,氢化铝锂,4988
casNumber,氢化锂、lithium hydride、7580-67-8.xml,7580-67-8,氢化锂,4986
casNumber,氢化锆、Zirconium hydride、7704-99-6.xml,7704-99-6,氢化锆,4984
casNumber,氢化镁、Magnesium hydride、7693-27-8.xml,7693-27-8,氢化镁,4990
casNumber,氢氟酸、hydrofluoric acid、7664-39-3.xml,7664-39-3,氢氟酸,4439
casNumber,氢氧化钠、sodiun hydroxide、1310-73-2.xml,1310-73-2,氢氧化钠,4999
casNumber,氢氧化钡、barium hydroxide、17194-00-2.xml,17194-00-2,氢氧化钡,4996
casNumber,氢氧化钾、potassium hydroxide、1310-58-3.xml,1310-58-3,氢氧化钾,4997
casNumber,氢氧化铊、thallium (Ⅰ) hydroxide、17026-06-1.xml,17026-06-1,氢氧化铊,5003
casNumber,氢氧化铍、beryllium hydroxide、13327-32-7.xml,13327-32-7,氢氧化铍,5000
casNumber,氢氧化铯、Cesium hydrate、21351-79-1.xml,21351-79-1,氢氧化铯,5002
casNumber,氢氧化铷、Rubidium hydroxide、1310-82-3.xml,1310-82-3,氢氧化铷,5001
casNumber,氢氧化锂、Lithium hydroxide、1310-65-2.xml,1310-65-2,氢氧化锂,4998
casNumber,氢溴酸、hydrobromic acid、10035-10-6.xml,10035-10-6,氢溴酸,4995
casNumber,氢碘酸、hydroiodic acid、10034-85-2.xml,10034-85-2,氢碘酸,4155
casNumber,氢过氧化蒎烷[56%＜含量≤100%]、pinanyl hydroperoxide (more than 56%)、28324-52-9.xml,28324-52-9,氢过氧化蒎烷[56%＜含量≤100%],4981
casNumber,氢醌二甲基醚、1，4-Dimethoxybenzene、151-10-0.xml,151-10-0,氢醌二甲基醚,4993
casNumber,氦[压缩的或液化的]、helium、7440-59-7.xml,7440-59-7,氦[压缩的或液化的],4580
casNumber,氧[压缩的或液化的]、oxygen、7782-44-7.xml,7782-44-7,氧[压缩的或液化的],5612
casNumber,氧化亚汞、mercurous oxide、15829-53-5.xml,15829-53-5,氧化亚汞,5624
casNumber,氧化亚铊、Thallium monooxide、1314-12-1.xml,1314-12-1,氧化亚铊,5625
casNumber,氧化汞、Mercury oxide、21908-53-2.xml,21908-53-2,氧化汞,5618
casNumber,氧化环己烯、Cyclohexene oxide、286-20-4.xml,286-20-4,氧化环己烯,5619
casNumber,氧化碲、Tellurium dioxide、7446-07-3.xml,7446-07-3,氧化碲,5615
casNumber,氧化苯乙烯、Styrene oxide、96-09-3.xml,96-09-3,氧化苯乙烯,5614
casNumber,氧化钙、calcium oxide、1305-78-8.xml,1305-78-8,氧化钙,5616
casNumber,氧化钠、Sodium monoxide、1313-59-3.xml,1313-59-3,氧化钠,5621
casNumber,氧化钡、Barium oxide、1304-28-5.xml,1304-28-5,氧化钡,5613
casNumber,氧化钾、potassium monoxide、12136-45-7.xml,12136-45-7,氧化钾,5620
casNumber,氧化铊、thallic oxid、1314-32-5.xml,1314-32-5,氧化铊,5623
casNumber,氧化铍、Beryllium oxide、1304-56-9.xml,1304-56-9,氧化铍,5622
casNumber,氧化银、silver oxide、20667-12-3.xml,20667-12-3,氧化银,5626
casNumber,氧化镉[非发火的]、cadmium oxide(non-pyrophoric)、1306-19-0.xml,1306-19-0,氧化镉[非发火的],5617
casNumber,氧氯化硒、selenium oxychloride、7791-23-3.xml,7791-23-3,氧氯化硒,5629
casNumber,氧氯化硫、sulfuryl chloride、7791-25-5.xml,7791-25-5,氧氯化硫,5628
casNumber,氧氯化铬、chromyl chloride、14977-61-8.xml,14977-61-8,氧氯化铬,5627
casNumber,"氧氰化汞[减敏的]、mercury oxycyanide,desensitized、1335-31-5.xml",1335-31-5,氧氰化汞[减敏的],5630
casNumber,氧溴化磷、phosphorous oxybromide、7789-59-5.xml,7789-59-5,氧溴化磷,5631
casNumber,氨、ammonia、7664-41-7.xml,7664-41-7,氨,4014
casNumber,氨基三唑、Amitrole、61-82-5.xml,61-82-5,氨基三唑,4023
casNumber,氨基偶氮苯、Aminoazobenzol、60-09-3.xml,60-09-3,氨基偶氮苯,4022
casNumber,氨基化钙、Calcium amide、23321-74-6.xml,23321-74-6,氨基化钙,4017
casNumber,氨基化钠、Sodium amide、7782-92-5.xml,7782-92-5,氨基化钠,4019
casNumber,氨基化锂、Lithium amide、7782-89-0.xml,7782-89-0,氨基化锂,4018
casNumber,氨基甲酸胺、ammonium carbamate、1111-78-0.xml,1111-78-0,氨基甲酸胺,4021
casNumber,氨基磺酸、sulfamic acid、5329-14-6.xml,5329-14-6,氨基磺酸,4020
casNumber,氨基胍重碳酸盐、aminoguanidine bicarbonate、2582-30-1.xml,2582-30-1,氨基胍重碳酸盐,4016
casNumber,氨溶液、ammonium hydroxide、1336-21-6.xml,1336-21-6,氨溶液,4024
casNumber,氨羧络合剂-3、Disodium ethylenediaminetetraacetic acid、6381-92-6.xml,6381-92-6,氨羧络合剂-3,4025
casNumber,氨苯砜、4，4′-Diaminodiphenylsulfone、80-08-0.xml,80-08-0,氨苯砜,4015
casNumber,"氩[压缩的或液化的]、argon,compressed or liquefied、7440-37-1.xml",7440-37-1,氩[压缩的或液化的],5590
casNumber,"氪[压缩的或液化的]、krypton,compressed or liquefied、7439-90-9.xml",7439-90-9,氪[压缩的或液化的],4711
casNumber,氮[压缩的或液化的]、nitrogen、7727-37-9.xml,7727-37-9,氮[压缩的或液化的],4142
casNumber,氮化锂、Lithium nitride、26134-62-3.xml,26134-62-3,氮化锂,4143
casNumber,氮化镁、magnesium nitride、12057-71-5.xml,12057-71-5,氮化镁,4144
casNumber,氯、chlorine、7782-50-5.xml,7782-50-5,氯,4838
casNumber,"氯乙烯[稳定的]、vinyl chloride,stabilized、75-01-4.xml",75-01-4,氯乙烯[稳定的],4930
casNumber,氯乙烷、chloroethane、75-00-3.xml,75-00-3,氯乙烷,4929
casNumber,氯乙腈、Chloroacetonitrile、107-14-2.xml,107-14-2,氯乙腈,4919
casNumber,氯乙酰氯、chloroacetyl chloride、79-04-9.xml,79-04-9,氯乙酰氯,4931
casNumber,氯乙酸、chloroacetic acid、79-11-8.xml,79-11-8,氯乙酸,4920
casNumber,氯乙酸丁酯、butyl chloroacetate、590-02-3.xml,590-02-3,氯乙酸丁酯,4921
casNumber,氯乙酸乙烯酯、vinyl chloroacetate、2549-51-1.xml,2549-51-1,氯乙酸乙烯酯,4926
casNumber,氯乙酸乙酯、ethyl chloroacetate、105-39-5.xml,105-39-5,氯乙酸乙酯,4927
casNumber,氯乙酸叔丁酯、reft-Butyl chloroacetate、107-59-5.xml,107-59-5,氯乙酸叔丁酯,4925
casNumber,氯乙酸异丙酯、isopropyl chloroacetate、105-48-6.xml,105-48-6,氯乙酸异丙酯,4928
casNumber,氯乙酸甲酯、methyl chloroacetate、96-34-4.xml,96-34-4,氯乙酸甲酯,4923
casNumber,氯乙酸酐、chloroacetic anhydride、541-88-8.xml,541-88-8,氯乙酸酐,4922
casNumber,氯乙酸钠、Sodium chloroacetate、3926-62-3.xml,3926-62-3,氯乙酸钠,4924
casNumber,氯二氟溴甲烷、Monobromomonochlorodifluoromethane、353-59-3.xml,353-59-3,氯二氟溴甲烷,4847
casNumber,氯代叔丁烷、tert-Butyl chloride、507-20-0.xml,507-20-0,氯代叔丁烷,4843
casNumber,氯代异丁烷、1-chloro-iso-butane、513-36-0.xml,513-36-0,氯代异丁烷,4844
casNumber,氯代正己烷、chloro-n-hexane、544-10-5.xml,544-10-5,氯代正己烷,4845
casNumber,"氯代膦酸二乙酯、chlorophosphoric acid, diethyl ester、814-49-3.xml",814-49-3,氯代膦酸二乙酯,4842
casNumber,氯化乙基汞、mercuric ethyl chloride、107-27-7.xml,107-27-7,氯化乙基汞,4880
casNumber,氯化二乙基铝、Diethylaluminium chloride、96-10-6.xml,96-10-6,氯化二乙基铝,4854
casNumber,氯化二烯丙托锡弗林、alcuronium chloride、15180-03-7.xml,15180-03-7,氯化二烯丙托锡弗林,4853
casNumber,氯化二硫酰、disulfuryl chloride、7791-27-7.xml,7791-27-7,氯化二硫酰,4852
casNumber,氯化亚汞、Mercurous chloride、10112-91-1.xml,10112-91-1,氯化亚汞,4878
casNumber,氯化亚铊、thallous chloride、7791-12-0.xml,7791-12-0,氯化亚铊,4879
casNumber,氯化氰、cyanogen chloride、506-77-4.xml,506-77-4,氯化氰,4866
casNumber,氯化汞、mercuric chloride、7487-94-7.xml,7487-94-7,氯化汞,4856
casNumber,氯化溴、bromine chloride、13863-41-7.xml,13863-41-7,氯化溴,4876
casNumber,氯化环戊烷、Cyclopentykhloride、930-28-9.xml,930-28-9,氯化环戊烷,4859
casNumber,氯化琥珀胆碱、succinycholine chloride 、71-27-2.xml,71-27-2,氯化琥珀胆碱,4858
casNumber,氯化甲基汞、Chloromethyl mercury、115-09-3.xml,115-09-3,氯化甲基汞,4860
casNumber,氯化甲氧基乙基汞、2-methoxyethylmercury chloride、123-88-6.xml,123-88-6,氯化甲氧基乙基汞,4861
casNumber,氯化硒、selenium chloride、10025-68-0.xml,10025-68-0,氯化硒,4868
casNumber,氯化苄、benzyl chloride、100-44-7.xml,100-44-7,氯化苄,4851
casNumber,氯化苯汞、phenylmercuric chloride、100-56-1.xml,100-56-1,氯化苯汞,4850
casNumber,氯化钡、barium chloride、10361-37-2.xml,10361-37-2,氯化钡,4849
casNumber,氯化钴、Cobalt dichloride、7646-79-9.xml,7646-79-9,氯化钴,4857
casNumber,氯化钾汞、mercuric potassium chloride、20582-71-2.xml,20582-71-2,氯化钾汞,4862
casNumber,氯化铍、Beryllium chloride、7787-47-5.xml,7787-47-5,氯化铍,4864
casNumber,氯化铜、cupper(Ⅱ)chloride、7447-39-4.xml,7447-39-4,氯化铜,4867
casNumber,氯化铵汞、Mercuric ammonium chloride、10124-48-8.xml,10124-48-8,氯化铵汞,4848
casNumber,"氯化锌-2,5-二乙氧基-4-吗啉代重氮苯、2,5-diethoxy-4-morpholinobenzenediazonium zinc chloride、26123-91-1.xml",26123-91-1,"氯化锌-2,5-二乙氧基-4-吗啉代重氮苯",4870
casNumber,氯化锌-3-(2-羟乙氧基)-4(吡咯烷-1-基)重氮苯、3-(2-hydroxyethoxy)-4-(pyrrolidin-1-yl)benzene diazonium zinc chloride、105185-95-3.xml,105185-95-3,氯化锌-3-(2-羟乙氧基)-4(吡咯烷-1-基)重氮苯,4871
casNumber,氯化锌-3-氯-4-二乙氨基重氮苯、3-chloro-4-diethylaminobenzenediazonium zinc chloride、15557-00-3.xml,15557-00-3,氯化锌-3-氯-4-二乙氨基重氮苯,4872
casNumber,氯化锌-4-二丙氨基重氮苯、4-dipropylaminobenzenediazonium zinc chloride、33864-17-4.xml,33864-17-4,氯化锌-4-二丙氨基重氮苯,4875
casNumber,氯化锌-4-苄乙氨基-3-乙氧基重氮苯、4-(benzyl(ethyl)amino)-3-ethoxy-benzenediazonium zinc chloride、21723-86-4.xml,21723-86-4,氯化锌-4-苄乙氨基-3-乙氧基重氮苯,4874
casNumber,氯化锌-4-苄甲氨基-3-乙氧基重氮苯、4-(benzyl(methyl)amino)-3-ethoxy benzenediazonium zinc chloride、4421-50-5.xml,4421-50-5,氯化锌-4-苄甲氨基-3-乙氧基重氮苯,4873
casNumber,氯化锌、Zinc chloride、7646-85-7.xml,7646-85-7,氯化锌,4869
casNumber,氯化镉、cadmium chloride、10108-64-2.xml,10108-64-2,氯化镉,4855
casNumber,氯化镍、nickeldichloride、7718-54-9.xml,7718-54-9,氯化镍,4863
casNumber,氯四氟乙烷、Chlorotetrafluoroethane、63938-10-3.xml,63938-10-3,氯四氟乙烷,4901
casNumber,氯溴甲烷、Chlorobromomethane、74-97-5.xml,74-97-5,氯溴甲烷,4918
casNumber,氯甲基三甲基硅烷、Chloromethyl trimethylsilane、2344-80-1.xml,2344-80-1,氯甲基三甲基硅烷,4883
casNumber,氯甲基乙醚、chloromethyl ethyl ether、3188-13-4.xml,3188-13-4,氯甲基乙醚,4884
casNumber,氯甲基甲醚、chloromethyl methyl ether、107-30-2.xml,107-30-2,氯甲基甲醚,4882
casNumber,氯甲烷、chloromethane、74-87-3.xml,74-87-3,氯甲烷,4899
casNumber,氯甲酸-2-乙基己酯、2-Ethyl hexyl chloroformate、24468-13-1.xml,24468-13-1,氯甲酸-2-乙基己酯,4885
casNumber,氯甲酸三氯甲酯、Trichloromethyl chloroformate、503-38-8.xml,503-38-8,氯甲酸三氯甲酯,4890
casNumber,氯甲酸乙酯、ethyl chloroformate、541-41-3.xml,541-41-3,氯甲酸乙酯,4893
casNumber,氯甲酸仲丁酯、sec-butyl chloroformate、17462-58-7.xml,17462-58-7,氯甲酸仲丁酯,4898
casNumber,氯甲酸异丁酯、isobutyl chloroformate、543-27-1.xml,543-27-1,氯甲酸异丁酯,4895
casNumber,氯甲酸异丙酯、isopropyl chloroformate、108-23-6.xml,108-23-6,氯甲酸异丙酯,4894
casNumber,氯甲酸戊酯、amyl chloroformate、638-41-5.xml,638-41-5,氯甲酸戊酯,4891
casNumber,氯甲酸正丁酯、n-butyl chloroformate、592-34-7.xml,592-34-7,氯甲酸正丁酯,4897
casNumber,氯甲酸正丙酯、propyl chloroformate、109-61-5.xml,109-61-5,氯甲酸正丙酯,4896
casNumber,氯甲酸氯甲酯、Chloromethyl chloroformate、22128-62-7.xml,22128-62-7,氯甲酸氯甲酯,4889
casNumber,"氯甲酸烯丙基酯[稳定的]、allyl chloroformate,stabilized、2937-50-0.xml",2937-50-0,氯甲酸烯丙基酯[稳定的],4892
casNumber,氯甲酸环丁酯、cyclobutyl chloroformate、81228-87-7.xml,81228-87-7,氯甲酸环丁酯,4887
casNumber,氯甲酸甲酯、methyl chloroformate、79-22-1.xml,79-22-1,氯甲酸甲酯,4888
casNumber,氯甲酸苄酯、Benzyl chloroformate、501-53-1.xml,501-53-1,氯甲酸苄酯,4886
casNumber,氯硝基苯异构体混合物、chloronitrobenzene isomers mixture、25167-93-5.xml,25167-93-5,氯硝基苯异构体混合物,4917
casNumber,氯磺酸、chlorosulfonic acid、7790-94-5.xml,7790-94-5,氯磺酸,4881
casNumber,氯苯、chlorobenzene、108-90-7.xml,108-90-7,氯苯,4839
casNumber,氯苯基三氯硅烷、Chlorophenyl trichlorosilane、26571-79-9.xml,26571-79-9,氯苯基三氯硅烷,4840
casNumber,"氯酸溶液[浓度≤10%]、 chloric acid,aqueous solution,with not more than 10% chloric acid、7790-93-4.xml",7790-93-4,氯酸溶液[浓度≤10%],4910
casNumber,氯酸钙、calcium chlorate、10137-74-3.xml,10137-74-3,氯酸钙,4904
casNumber,"氯酸钠溶液、sodium chlorate,aqueous solution、7775-09-9.xml",7775-09-9,氯酸钠溶液,4909
casNumber,氯酸钡、barium chlorate、13477-00-4.xml,13477-00-4,氯酸钡,4903
casNumber,"氯酸钾溶液、potassium chlorate,aqueous solution 、3811-04-9.xml",3811-04-9,氯酸钾溶液,4906
casNumber,氯酸铊、Thallium chlorate、13453-30-0.xml,13453-30-0,氯酸铊,4913
casNumber,氯酸铜、Cupricchlorate、26506-47-8.xml,26506-47-8,氯酸铜,4914
casNumber,氯酸铯、cesium chlorate、13763-67-2.xml,13763-67-2,氯酸铯,4911
casNumber,氯酸铵、ammonium chlorate、10192-29-7.xml,10192-29-7,氯酸铵,4902
casNumber,氯酸银、Silver chlorate、7783-92-8.xml,7783-92-8,氯酸银,4916
casNumber,氯酸锌、Zinc chlorate、10361-95-2.xml,10361-95-2,氯酸锌,4915
casNumber,氯酸锶、Strontium chlorate、7791-10-8.xml,7791-10-8,氯酸锶,4912
casNumber,氯酸镁、magnesium chlorate、10326-21-3.xml,10326-21-3,氯酸镁,4907
casNumber,氯铂酸、Chloroplatinic acid、16941-12-1.xml,16941-12-1,氯铂酸,4841
casNumber,氯锇酸铵、Ammonium chloroosmate、12125-08-5.xml,12125-08-5,氯锇酸铵,4846
casNumber,氰、Cyanogen、460-19-5.xml,460-19-5,氰,5004
casNumber,氰乙酸丁酯、n-Butyl cyanoacetate、5459-58-5.xml,5459-58-5,氰乙酸丁酯,5035
casNumber,氰化亚金钾、potassium aurocyanide、13967-50-5.xml,13967-50-5,氰化亚金钾,5025
casNumber,氰化亚铜、cuprous cyanide、544-92-3.xml,544-92-3,氰化亚铜,5026
casNumber,氰化亚铜三钠、Sodium copper cyanide、14264-31-4.xml,14264-31-4,氰化亚铜三钠,5028
casNumber,氰化亚铜三钾、potassium copper(Ⅰ)cyanide、13682-73-0.xml,13682-73-0,氰化亚铜三钾,5027
casNumber,氰化氢、hydrogen cyanide、74-90-8.xml,74-90-8,氰化氢,4994
casNumber,氰化汞、mercuric cyanide、592-04-1.xml,592-04-1,氰化汞,5011
casNumber,氰化汞钾、Mercuric potassium cyanide、591-89-9.xml,591-89-9,氰化汞钾,5012
casNumber,氰化溴、cyanogen bromide、506-68-3.xml,506-68-3,氰化溴,5024
casNumber,氰化碘、cyanogen iodide、506-78-5.xml,506-78-5,氰化碘,5008
casNumber,氰化金、gold cyanide、506-65-0.xml,506-65-0,氰化金,5016
casNumber,氰化金钾、potassium tetrakis(cyano-C)aurate、14263-59-3.xml,14263-59-3,氰化金钾,5017
casNumber,氰化钙、calcium cyanide、592-01-8.xml,592-01-8,氰化钙,5009
casNumber,氰化钠、sodium cyanide、143-33-9.xml,143-33-9,氰化钠,5018
casNumber,氰化钡、barium cyanide、542-62-1.xml,542-62-1,氰化钡,5007
casNumber,氰化钴(Ⅱ)、cobaltous cyanide、542-84-7.xml,542-84-7,氰化钴(Ⅱ),5013
casNumber,氰化钴(Ⅲ)、cobalt cyanide (Co(CN)3)、14965-99-2.xml,14965-99-2,氰化钴(Ⅲ),5014
casNumber,氰化钾、potassium cyanide、151-50-8.xml,151-50-8,氰化钾,5015
casNumber,氰化铅、Lead cyanide、592-05-2.xml,592-05-2,氰化铅,5021
casNumber,氰化铜、copper cyanide、14763-77-0.xml,14763-77-0,氰化铜,5022
casNumber,氰化银、silver cyanide、506-64-9.xml,506-64-9,氰化银,5029
casNumber,氰化银钾、Potassium silver cyanide、506-61-6.xml,506-61-6,氰化银钾,5030
casNumber,氰化锌、zinc cyanide、557-21-1.xml,557-21-1,氰化锌,5023
casNumber,氰化镉、cadmium cyanide、542-83-6.xml,542-83-6,氰化镉,5010
casNumber,氰化镍、Nickel cyanide、557-19-7.xml,557-19-7,氰化镍,5019
casNumber,氰化镍钾、nickel potassium cyanide、14220-17-8.xml,14220-17-8,氰化镍钾,5020
casNumber,氰基乙酸、cyanoacetic acid、372-09-8.xml,372-09-8,氰基乙酸,5031
casNumber,氰基乙酸乙酯、Ethyl cyanoacetate、105-56-6.xml,105-56-6,氰基乙酸乙酯,5032
casNumber,氰尿酰氯、Tricyanogen chloride、108-77-0.xml,108-77-0,氰尿酰氯,5034
casNumber,氰尿酸、Cyanuric acid、108-80-5.xml,108-80-5,氰尿酸,5033
casNumber,氰氨化钙[含碳化钙＞0.1%]、calcium cyanamide with more than 0.1% of calcium carbide、156-62-7.xml,156-62-7,氰氨化钙[含碳化钙＞0.1%],5005
casNumber,氰胍甲汞、methylmercuric cyanoguanidine、502-39-6.xml,502-39-6,氰胍甲汞,5006
casNumber,"水合肼[含肼≤64%]、hydrazine hydrate with not more than 64% hydrazine,by mass、10217-52-4.xml",10217-52-4,水合肼[含肼≤64%],5262
casNumber,水杨酰胺、Salicylamide、65-45-2.xml,65-45-2,水杨酰胺,5268
casNumber,水杨酸、Salicylic acid、69-72-7.xml,69-72-7,水杨酸,5264
casNumber,水杨酸化烟碱、nicotine salicylate、29790-52-1.xml,29790-52-1,水杨酸化烟碱,5266
casNumber,水杨酸异戊酯、Isopentyl salicylate、87-20-7.xml,87-20-7,水杨酸异戊酯,5267
casNumber,水杨酸汞、mercury salicylate、5970-32-1.xml,5970-32-1,水杨酸汞,5265
casNumber,水杨醛、salicylaldehyde、90-02-8.xml,90-02-8,水杨醛,5263
casNumber,汞、Mercury、7439-97-6.xml,7439-97-6,汞,4495
casNumber,汽油、Gasoline、86290-81-5.xml,86290-81-5,汽油,4630
casNumber,油酸汞、mercury oleate、1191-80-6.xml,1191-80-6,油酸汞,5791
casNumber,海葱糖甙、Scilliroside、507-60-8.xml,507-60-8,海葱糖甙,4579
casNumber,液化石油气、Liquefied petroleum ges、68476-85-7.xml,68476-85-7,液化石油气,5233
casNumber,溴、bromine、7726-95-6.xml,7726-95-6,溴,5496
casNumber,溴三氟甲烷、Bromotrifluoromethane、75-63-8.xml,75-63-8,溴三氟甲烷,5510
casNumber,溴丙酮、bromopropanone、598-31-2.xml,598-31-2,溴丙酮,5499
casNumber,"溴乙烯[稳定的]、bromoethylene,stabilized、593-60-2.xml",593-60-2,溴乙烯[稳定的],5529
casNumber,溴乙烷、bromoethane、74-96-4.xml,74-96-4,溴乙烷,5528
casNumber,溴乙酰溴、Bromoacetyl bromide、598-21-0.xml,598-21-0,溴乙酰溴,5531
casNumber,溴乙酰苯、bromoacetylbenzene、70-11-1.xml,70-11-1,溴乙酰苯,5530
casNumber,溴乙酸、bromoacetic acid、79-08-3.xml,79-08-3,溴乙酸,5521
casNumber,溴乙酸乙酯、ethyl bromoacetate、105-36-2.xml,105-36-2,溴乙酸乙酯,5524
casNumber,溴乙酸叔丁酯、tert-butyl bromoacetate、5292-43-3.xml,5292-43-3,溴乙酸叔丁酯,5523
casNumber,溴乙酸异丁酯、isobutyl bromoacetate、59956-48-8.xml,59956-48-8,溴乙酸异丁酯,5526
casNumber,溴乙酸异丙酯、Isopropyl bromoacetate、29921-57-1.xml,29921-57-1,溴乙酸异丙酯,5525
casNumber,溴乙酸正丙酯、n-propyl bromoacetate、35223-80-4.xml,35223-80-4,溴乙酸正丙酯,5527
casNumber,溴乙酸甲酯、methyl bromoacetate、96-32-2.xml,96-32-2,溴乙酸甲酯,5522
casNumber,溴代正戊烷、bromopentane、110-53-2.xml,110-53-2,溴代正戊烷,5500
casNumber,溴化丙酰、Propionyl bromide、598-22-1.xml,598-22-1,溴化丙酰,5502
casNumber,溴化乙酰、Acetyl bromide、506-96-7.xml,506-96-7,溴化乙酰,5508
casNumber,溴化亚汞、mercurous bromide、10031-18-2.xml,10031-18-2,溴化亚汞,5506
casNumber,溴化亚铊、thallium bromide、7789-40-4.xml,7789-40-4,溴化亚铊,5507
casNumber,溴化汞、Mercury bromide、7789-47-1.xml,7789-47-1,溴化汞,5503
casNumber,溴化环戊烷、bromocyclopentane、137-43-9.xml,137-43-9,溴化环戊烷,5504
casNumber,溴化硒、selenium bromide、7789-52-8.xml,7789-52-8,溴化硒,5505
casNumber,溴化苄、benzyl bromide、100-39-0.xml,100-39-0,溴化苄,5501
casNumber,溴甲烷、bromomethane、74-83-9.xml,74-83-9,溴甲烷,5509
casNumber,溴苯、bromobenzene、108-86-1.xml,108-86-1,溴苯,5497
casNumber,溴苯乙腈、bromophenyl acetonitrile、5798-79-8.xml,5798-79-8,溴苯乙腈,5498
casNumber,溴酸、bromic acid、7789-31-3.xml,7789-31-3,溴酸,5511
casNumber,溴酸钠、sodium bromate、7789-38-0.xml,7789-38-0,溴酸钠,5516
casNumber,溴酸钡、barium bromate、13967-90-3.xml,13967-90-3,溴酸钡,5512
casNumber,溴酸钾、potassium bromate、7758-01-2.xml,7758-01-2,溴酸钾,5514
casNumber,溴酸铅、lead bromate、34018-28-5.xml,34018-28-5,溴酸铅,5517
casNumber,溴酸银、silver bromate、7783-89-3.xml,7783-89-3,溴酸银,5520
casNumber,溴酸锌、zinc bromate、14519-07-4.xml,14519-07-4,溴酸锌,5519
casNumber,溴酸锶、strontium bromate、14519-18-7.xml,14519-18-7,溴酸锶,5518
casNumber,溴酸镁、magnesium bromate、7789-36-8.xml,7789-36-8,溴酸镁,5515
casNumber,溴酸镉、cadmium bromate、14518-94-6.xml,14518-94-6,溴酸镉,5513
casNumber,烟碱氯化氢、nicotine hydrochloride、2820-51-1.xml,2820-51-1,烟碱氯化氢,5591
casNumber,"烯丙基三氯硅烷[稳定的]、allyltrichlorosilane,stabilized、107-37-9.xml",107-37-9,烯丙基三氯硅烷[稳定的],5413
casNumber,烯丙基缩水甘油醚、Allyl glycidyl ether、106-92-3.xml,106-92-3,烯丙基缩水甘油醚,5414
casNumber,焦砷酸、pyroarsenic acid、13453-15-1.xml,13453-15-1,焦砷酸,4686
casNumber,焦硫酸汞、mercury pyrosulfate、1537199-53-3.xml,1537199-53-3,焦硫酸汞,4685
casNumber,焦磷酸钠、Pyrophosphoric acid，tetrasodiumsalt、7722-88-5.xml,7722-88-5,焦磷酸钠,4684
casNumber,煤油、lamp oil、8008-20-6.xml,8008-20-6,煤油,4940
casNumber,"煤焦沥青、pitch,coal tar,high-temp、65996-93-2.xml",65996-93-2,煤焦沥青,4938
casNumber,煤焦油、tar oil、8007-45-2.xml,8007-45-2,煤焦油,4939
casNumber,煤焦酚、coal tar phenol、65996-83-0.xml,65996-83-0,煤焦酚,4937
casNumber,环丁烷、cyclobutane、287-23-0.xml,287-23-0,环丁烷,4588
casNumber,"环三亚甲基三硝胺[减敏的]、cyclotrimethylenetrinitramine,desensitizedhexogencyclonite、121-82-4.xml",121-82-4,环三亚甲基三硝胺[减敏的],4600
casNumber,环丙基甲醇、Cyclopropyl carbinol、2516-33-8.xml,2516-33-8,环丙基甲醇,4586
casNumber,环丙烷、cyclopropane、75-19-4.xml,75-19-4,环丙烷,4587
casNumber,环四亚甲基四硝胺[减敏的]、cyclotetramethylenetetranitramine desensitized、2691-41-0.xml,2691-41-0,环四亚甲基四硝胺[减敏的],4601
casNumber,环己二胺、hexamethylene diamine1、694-83-7.xml,694-83-7,环己二胺,4593
casNumber,环己基异丁烷、cyclohexylisobutane、1678-98-4.xml,1678-98-4,环己基异丁烷,4595
casNumber,环己基硫醇、cyclohexyl mercaptan、1569-69-3.xml,1569-69-3,环己基硫醇,4594
casNumber,环己烯、cyclohexene、110-83-8.xml,110-83-8,环己烯,4598
casNumber,环己烯基三氯硅烷、Cyclohexenyl trichlorosilane、10137-69-6.xml,10137-69-6,环己烯基三氯硅烷,4599
casNumber,环己烷、cyclohexane、110-82-7.xml,110-82-7,环己烷,4597
casNumber,环己胺、cyclohexylamine、108-91-8.xml,108-91-8,环己胺,4592
casNumber,环己酮、cyclohexanone、108-94-1.xml,108-94-1,环己酮,4596
casNumber,环庚烯、cycloheptene、628-92-2.xml,628-92-2,环庚烯,4591
casNumber,环庚烷、cycloheptane、291-64-5.xml,291-64-5,环庚烷,4590
casNumber,环庚酮、cycloheptanone、502-42-1.xml,502-42-1,环庚酮,4589
casNumber,环戊烯、cyclopentene、142-29-0.xml,142-29-0,环戊烯,4608
casNumber,环戊烷、cyclopentane、287-92-3.xml,287-92-3,环戊烷,4607
casNumber,环戊胺、cyclopentylamine、1003-03-8.xml,1003-03-8,环戊胺,4604
casNumber,环戊酮、cyclopentanone、120-92-3.xml,120-92-3,环戊酮,4606
casNumber,环戊醇、cyclopentanol、96-41-3.xml,96-41-3,环戊醇,4605
casNumber,环氧乙烷、epoxyethane、75-21-8.xml,75-21-8,环氧乙烷,4612
casNumber,环氧树脂、epoxy resin、24969-06-0.xml,24969-06-0,环氧树脂,4611
casNumber,"环烷酸钴[粉状的]、cobalt naphthenate,powder、61789-51-3.xml",61789-51-3,环烷酸钴[粉状的],4602
casNumber,环烷酸锌、Zinc naphthenate、12001-85-3.xml,12001-85-3,环烷酸锌,4603
casNumber,环辛烯、cyclooctene、931-87-3.xml,931-87-3,环辛烯,4610
casNumber,环辛烷、cyclooctane、292-64-8.xml,292-64-8,环辛烷,4609
casNumber,琥珀酸乙酯、Diethyl succinate、123-25-1.xml,123-25-1,琥珀酸乙酯,4584
casNumber,甘醇、Ethylene glycol、107-21-1.xml,107-21-1,甘醇,4468
casNumber,"甘露糖醇六硝酸酯[湿的,按质量含水或乙醇和水的混合物不低于40％]、mannitol hexanitrate, wettedwith not less than 40% water, ormixture of alcohol and water, bymass、15825-70-4.xml",15825-70-4,"甘露糖醇六硝酸酯[湿的,按质量含水或乙醇和水的混合物不低于40％]",4469
casNumber,甲乙醚、methyl ethyl ether、540-67-0.xml,540-67-0,甲乙醚,4672
casNumber,甲基三乙氧基硅烷、Methyltriethoxysilane、2031-67-6.xml,2031-67-6,甲基三乙氧基硅烷,4649
casNumber,甲基三氯硅烷、methyltrichlorosilane、75-79-6.xml,75-79-6,甲基三氯硅烷,4648
casNumber,甲基丙烯酰胺、Methacrylamide、79-39-0.xml,79-39-0,甲基丙烯酰胺,4638
casNumber,"甲基丙烯酸[稳定的]、methacrylic acid,stabilized、79-41-4.xml",79-41-4,甲基丙烯酸[稳定的],4631
casNumber,"甲基丙烯酸乙酯[稳定的]、ethyl methacrylate,stabilized、97-63-2.xml",97-63-2,甲基丙烯酸乙酯[稳定的],4635
casNumber,"甲基丙烯酸异丁酯[稳定的]、isobutyl methacrylate,stabilized、97-86-9.xml",97-86-9,甲基丙烯酸异丁酯[稳定的],4636
casNumber,"甲基丙烯酸正丁酯[稳定的]、n-butyl methacrylate,stabilized、97-88-1.xml",97-88-1,甲基丙烯酸正丁酯[稳定的],4637
casNumber,甲基丙烯酸烯丙酯、allyl methacrylate、96-05-9.xml,96-05-9,甲基丙烯酸烯丙酯,4634
casNumber,"甲基丙烯酸甲酯[稳定的]、methyl methacrylate,stabilized、80-62-6.xml",80-62-6,甲基丙烯酸甲酯[稳定的],4632
casNumber,"甲基乙烯醚[稳定的]、methyl vinyl ether,stabilized、107-25-5.xml",107-25-5,甲基乙烯醚[稳定的],4654
casNumber,甲基二氯硅烷、methyldichlorosilane、75-54-7.xml,75-54-7,甲基二氯硅烷,4640
casNumber,甲基叔丁基甲酮、tert-butyl methyl ketone、75-97-8.xml,75-97-8,甲基叔丁基甲酮,4650
casNumber,甲基叔丁基醚、methyl-tert-butyl ether、1634-04-4.xml,1634-04-4,甲基叔丁基醚,4651
casNumber,甲基异丙基苯、methyl isopropylbenzene、99-87-6.xml,99-87-6,甲基异丙基苯,4655
casNumber,甲基异丙基醚、Methyl isopropyl ether、598-53-8.xml,598-53-8,甲基异丙基醚,4656
casNumber,甲基异丙烯基醚、Methyl isopropenyl ether、116-11-0.xml,116-11-0,甲基异丙烯基醚,4657
casNumber,"甲基异丙烯甲酮[稳定的]、methyl isopropenyl ketone,stabilized、814-78-8.xml",814-78-8,甲基异丙烯甲酮[稳定的],4658
casNumber,甲基戊二烯、methylpentadiene、54363-49-4.xml,54363-49-4,甲基戊二烯,4652
casNumber,甲基正丁基醚、n-butyl methyl ether、628-28-4.xml,628-28-4,甲基正丁基醚,4659
casNumber,甲基氯硅烷、methylchlorosilane、993-00-0.xml,993-00-0,甲基氯硅烷,4647
casNumber,甲基汞、Methyl mercury、22967-92-6.xml,22967-92-6,甲基汞,4641
casNumber,甲基溴化镁[浸在乙醚中]、Methyl magnesium bromide(inethyl ether)、75-16-1.xml,75-16-1,甲基溴化镁[浸在乙醚中],4653
casNumber,甲基狄戈辛、Methyldigoxin、30685-43-9.xml,30685-43-9,甲基狄戈辛,4639
casNumber,甲基环己烷、methylcyclohexane、108-87-2.xml,108-87-2,甲基环己烷,4644
casNumber,甲基环己酮、methyl cyclohexanone、1331-22-2.xml,1331-22-2,甲基环己酮,4643
casNumber,甲基环己醇、methyl cyclohexanol、25639-42-3.xml,25639-42-3,甲基环己醇,4642
casNumber,甲基环戊二烯、methylcyclopentadiene、26519-91-5.xml,26519-91-5,甲基环戊二烯,4645
casNumber,甲基环戊烷、methylcyclopentane、96-37-7.xml,96-37-7,甲基环戊烷,4646
casNumber,甲酸乙烯酯、Vinyl formate、692-45-5.xml,692-45-5,甲酸乙烯酯,4664
casNumber,甲酸异丁酯、isobutyl formate、542-55-2.xml,542-55-2,甲酸异丁酯,4666
casNumber,甲酸异丙酯、Isopropyl formate、625-55-8.xml,625-55-8,甲酸异丙酯,4665
casNumber,甲酸异戊酯、isoamyl formate、110-45-2.xml,110-45-2,甲酸异戊酯,4667
casNumber,甲酸正丁酯、n-butyl formate、592-84-7.xml,592-84-7,甲酸正丁酯,4669
casNumber,甲酸正丙酯、n-propyl formate、110-74-7.xml,110-74-7,甲酸正丙酯,4668
casNumber,甲酸正己酯、n-hexyl formate、629-33-4.xml,629-33-4,甲酸正己酯,4670
casNumber,甲酸正戊酯、n-amyl formate、638-49-3.xml,638-49-3,甲酸正戊酯,4671
casNumber,甲酸烯丙酯、Allyl formate、1838-59-1.xml,1838-59-1,甲酸烯丙酯,4663
casNumber,甲酸环己酯、Cyclohexyl formate、4351-54-6.xml,4351-54-6,甲酸环己酯,4662
casNumber,甲酸苄酯、Benzyl formate、104-57-4.xml,104-57-4,甲酸苄酯,4661
casNumber,甲醇、methyl alcohol、67-56-1.xml,67-56-1,甲醇,4627
casNumber,甲醇钠、Sodium methoxide、124-41-4.xml,124-41-4,甲醇钠,4629
casNumber,甲醇钾、potassium methanolate、865-33-8.xml,865-33-8,甲醇钾,4628
casNumber,甲醛溶液、formaldehyde solution、50-00-0.xml,50-00-0,甲醛溶液,4660
casNumber,癸二酰氯、Sebacoyl Chloride、111-19-3.xml,111-19-3,癸二酰氯,4510
casNumber,白磷、phosphorus white、12185-10-3.xml,12185-10-3,白磷,4033
casNumber,盐酸-1-萘乙二胺、N-(1-naphthyl)ethylenediamine dihydrochloride、1465-25-4.xml,1465-25-4,盐酸-1-萘乙二胺,5593
casNumber,盐酸-1-萘胺、1-naphthylamine hydrochloride、552-46-5.xml,552-46-5,盐酸-1-萘胺,5592
casNumber,盐酸-2-氨基酚、2-aminophenol hydrochloride、51-19-4.xml,51-19-4,盐酸-2-氨基酚,5594
casNumber,盐酸-2-萘胺、2-naphthylamine hydrochloride、612-52-2.xml,612-52-2,盐酸-2-萘胺,5595
casNumber,"盐酸-3,3'-二氨基联苯胺、3,3’-diaminobenzidine hydrochloride、7411-49-6.xml",7411-49-6,"盐酸-3,3'-二氨基联苯胺",5596
casNumber,"盐酸-3,3'-二氯联苯胺、3,3'-dichlorobenzidine hydrochloride、612-83-9.xml",612-83-9,"盐酸-3,3'-二氯联苯胺",5599
casNumber,"盐酸-3,3'-二甲基-4,4'-二氨基联苯、3,3'-dimethyl-4,4'-diamino biphenyl dihydrochloride、612-82-8.xml",612-82-8,"盐酸-3,3'-二甲基-4,4'-二氨基联苯",5597
casNumber,"盐酸-3,3'-二甲氧基-4,4'-二氨基联苯、3,3’-dimethoxy-4,4’-diaminodiphenyl dihydrochloride、20325-40-0.xml",20325-40-0,"盐酸-3,3'-二甲氧基-4,4'-二氨基联苯",5598
casNumber,盐酸-3-氯苯胺、3-chloroaniline hydrochloride、141-85-5.xml,141-85-5,盐酸-3-氯苯胺,5600
casNumber,"盐酸-4,4'-二氨基联苯、4,4'-diaminodiphenyl dihydrochloride、531-85-1.xml",531-85-1,"盐酸-4,4'-二氨基联苯",5601
casNumber,"盐酸-4-氨基-N,N-二乙基苯胺、4-Amino-N，N-diethylaniline dihydrochtoride、16713-15-8.xml",16713-15-8,"盐酸-4-氨基-N,N-二乙基苯胺",5602
casNumber,盐酸-4-氨基酚、4-aminophenol hydrochloride、51-78-5.xml,51-78-5,盐酸-4-氨基酚,5603
casNumber,盐酸-4-甲苯胺、Benzenamine-4-methyl-hydrochloride 、540-23-8.xml,540-23-8,盐酸-4-甲苯胺,5604
casNumber,盐酸、hydrochloric acid、7647-01-0.xml,7647-01-0,盐酸,4865
casNumber,"盐酸吐根碱、 emetine,dihydrochloride、316-42-7.xml",316-42-7,盐酸吐根碱,5611
casNumber,"盐酸对苯二胺、benzene-1,4-diamine dihydrochloride、624-18-0.xml",624-18-0,盐酸对苯二胺,5607
casNumber,盐酸苯肼、phenylhydrazine hydrochloride、27140-08-5.xml,27140-08-5,盐酸苯肼,5606
casNumber,盐酸苯胺、Aniline hydrochloride、142-04-1.xml,142-04-1,盐酸苯胺,5605
casNumber,盐酸邻苯二胺、o-phenylenediamine dihydrochloride、615-28-1.xml,615-28-1,盐酸邻苯二胺,5609
casNumber,盐酸间苯二胺、m-phenylenediamine dihydrochloride、541-69-5.xml,541-69-5,盐酸间苯二胺,5608
casNumber,盐酸马钱子碱、brucine hydrochloride、5786-96-9.xml,5786-96-9,盐酸马钱子碱,5610
casNumber,"短链氯化石蜡（C10-13）、alkanes, C10-13, chloro、85535-84-8.xml",85535-84-8,短链氯化石蜡（C10-13）,4213
casNumber,矮壮素、Chlormequat、999-81-5.xml,999-81-5,矮壮素,4013
casNumber,石棉[含阳起石石棉、铁石棉、透闪石石棉、直闪石石棉、青石棉]、Asbestos、1332-21-4.xml,1332-21-4,石棉[含阳起石石棉、铁石棉、透闪石石棉、直闪石石棉、青石棉],5230
casNumber,石油原油、Petroleum、8002-05-9.xml,8002-05-9,石油原油,5234
casNumber,石油醚、Petroleum ether、8032-32-4.xml,8032-32-4,石油醚,5232
casNumber,石脑油、Crude oil、8030-30-6.xml,8030-30-6,石脑油,5231
casNumber,石蜡、Paraffin wax、8002-74-2.xml,8002-74-2,石蜡,5229
casNumber,砷、arsenic、7440-38-2.xml,7440-38-2,砷,5191
casNumber,砷化氢、arsenic hydride、7784-42-1.xml,7784-42-1,砷化氢,5194
casNumber,砷化汞、mercury arsenide、749262-24-6.xml,749262-24-6,砷化汞,5192
casNumber,砷化锌、zinc arsenide、12006-40-5.xml,12006-40-5,砷化锌,5195
casNumber,砷化镓、gallium arsenide、1303-00-0.xml,1303-00-0,砷化镓,5193
casNumber,砷酸、arsenic acid、7778-39-4.xml,7778-39-4,砷酸,5196
casNumber,砷酸二氢钠、sodium arsenate monobasic、10103-60-3.xml,10103-60-3,砷酸二氢钠,5200
casNumber,砷酸亚铁、ferrous arsenate、10102-50-8.xml,10102-50-8,砷酸亚铁,5212
casNumber,砷酸氢二钠、disodium hydrogen arsenate、7778-43-0.xml,7778-43-0,砷酸氢二钠,5207
casNumber,砷酸氢二铵、diammonium hydrogen arsenate、7784-44-3.xml,7784-44-3,砷酸氢二铵,5206
casNumber,砷酸汞、Mercuric arsenate、7784-37-4.xml,7784-37-4,砷酸汞,5202
casNumber,砷酸钙、calcium arsenate、7778-44-1.xml,7778-44-1,砷酸钙,5201
casNumber,砷酸钠、sodium arsenate tribasic、13464-38-5.xml,13464-38-5,砷酸钠,5204
casNumber,砷酸钡、barium arsenate、13477-04-8.xml,13477-04-8,砷酸钡,5198
casNumber,砷酸钾、potassium arsenate、7784-41-0.xml,7784-41-0,砷酸钾,5199
casNumber,砷酸铁、Ferric arsenate、10102-49-5.xml,10102-49-5,砷酸铁,5209
casNumber,砷酸铅、lead arsenate、3687-31-8.xml,3687-31-8,砷酸铅,5205
casNumber,砷酸铜、copper(Ⅱ) arsenite、10103-61-4.xml,10103-61-4,砷酸铜,5210
casNumber,砷酸铵、ammonium arsenate、24719-13-9.xml,24719-13-9,砷酸铵,5197
casNumber,砷酸银、silver arsenate、13510-44-6.xml,13510-44-6,砷酸银,5213
casNumber,砷酸锌、Zinc arsenate、1303-39-5.xml,1303-39-5,砷酸锌,5211
casNumber,砷酸锑、antimony arsenate、28980-47-4.xml,28980-47-4,砷酸锑,5208
casNumber,砷酸镁、Magnesium arsenate、10103-50-1.xml,10103-50-1,砷酸镁,5203
casNumber,硅化钙、Calcium silicide、12013-55-7.xml,12013-55-7,硅化钙,4499
casNumber,硅化镁、magnesium silicide、22831-39-6.xml,22831-39-6,硅化镁,4500
casNumber,硅化镁、magnesium silicide、39404-03-0.xml,39404-03-0,硅化镁,4501
casNumber,"硅粉[非晶形的]、silicon powder,amorphous、7440-21-3.xml",7440-21-3,硅粉[非晶形的],4497
casNumber,硅酸四乙酯、ethyl silicate、78-10-4.xml,78-10-4,硅酸四乙酯,4507
casNumber,硅酸铅、Lead silicate、10099-76-0.xml,10099-76-0,硅酸铅,4505
casNumber,硅酸铅、Lead silicate、11120-22-2.xml,11120-22-2,硅酸铅,4506
casNumber,硅钙、calcium silicon、12013-56-8.xml,12013-56-8,硅钙,4498
casNumber,硅铁铝[粉末状的]、aluminium ferrosilicon powder、12003-41-7.xml,12003-41-7,硅铁铝[粉末状的],4509
casNumber,硅铁锂、lithium ferrosilicon、64082-35-5.xml,64082-35-5,硅铁锂,4508
casNumber,"硅铝粉[无涂层的]、aluminium silicon powder,uncoated、57485-31-1.xml",57485-31-1,硅铝粉[无涂层的],4503
casNumber,硅锂、Lithium silicon、68848-64-6.xml,68848-64-6,硅锂,4502
casNumber,硅锰钙、calcium manganese silicon、12205-44-6.xml,12205-44-6,硅锰钙,4504
casNumber,硒、selenium、7782-49-2.xml,7782-49-2,硒,5401
casNumber,"硒化氢[无水]、hydrogen selenide,anhydrous、7783-07-5.xml",7783-07-5,硒化氢[无水],5404
casNumber,硒化铁、iron selenide、1310-32-3.xml,1310-32-3,硒化铁,5405
casNumber,硒化铅、lead selenide、12069-00-0.xml,12069-00-0,硒化铅,5403
casNumber,硒化锌、Zinc selenide、1315-09-9.xml,1315-09-9,硒化锌,5406
casNumber,硒化镉、cadmium selenide、1306-24-7.xml,1306-24-7,硒化镉,5402
casNumber,硒脲、selenium urea、630-10-4.xml,630-10-4,硒脲,5407
casNumber,硒酸钠、sodium selenate、13410-01-0.xml,13410-01-0,硒酸钠,5411
casNumber,硒酸钡、barium selenate、7787-41-9.xml,7787-41-9,硒酸钡,5409
casNumber,硒酸钾、Potassium selenate、7790-59-2.xml,7790-59-2,硒酸钾,5410
casNumber,硒酸铜、cupric selenate、15123-69-0.xml,15123-69-0,硒酸铜,5412
casNumber,硝化淀粉、nitrostarch、9056-38-6.xml,9056-38-6,硝化淀粉,5416
casNumber,"硝化甘油[按质量含有不低于40%不挥发、不溶于水的减敏剂]、nitroglycerin,desensitized with not less than40% non-volatile water-insolublephlegmatizer,by mass、55-63-0.xml",55-63-0,硝化甘油[按质量含有不低于40%不挥发、不溶于水的减敏剂],5417
casNumber,"硝化纤维塑料[板、片、棒、管、卷等状,不包括碎屑]、celluloid in block, rods, rolls, sheets, tubes, etc., except scrap、8050-88-2.xml",8050-88-2,"硝化纤维塑料[板、片、棒、管、卷等状,不包括碎屑]",5420
casNumber,"硝化纤维素[含氮≤12.6%,含乙醇≥25%]、nitrocellulose with alcohol(not less than 25% alcohol,by mass,and not more than 12.6% nitrogen,by dry mass)、9004-70-0.xml",9004-70-0,"硝化纤维素[含氮≤12.6%,含乙醇≥25%]",5419
casNumber,硝化酸混合物、nitrating acid mixture、51602-38-1.xml,51602-38-1,硝化酸混合物,5418
casNumber,硝基三唑酮、Nitrotriazolone、932-64-9.xml,932-64-9,硝基三唑酮,5428
casNumber,硝基三氟甲苯、nitrobenzotrifluoride、98-46-4.xml,98-46-4,硝基三氟甲苯,5427
casNumber,硝基乙烷、nitroethane、79-24-3.xml,79-24-3,硝基乙烷,5430
casNumber,硝基甲烷、nitromethane、75-52-5.xml,75-52-5,硝基甲烷,5424
casNumber,硝基盐酸、nitrohydrochloric acid、8007-56-5.xml,8007-56-5,硝基盐酸,5429
casNumber,硝基胍、nitroguanidine、556-88-7.xml,556-88-7,硝基胍,5423
casNumber,硝基脲、nitro urea、556-89-8.xml,556-89-8,硝基脲,5426
casNumber,硝基苊、5-nitroacenaphthene、602-87-9.xml,602-87-9,硝基苊,5422
casNumber,硝基苯、nitrobenzene、98-95-3.xml,98-95-3,硝基苯,5421
casNumber,硝基马钱子碱、Cacotheline、561-20-6.xml,561-20-6,硝基马钱子碱,5425
casNumber,硝酸、nitric acid、7697-37-2.xml,7697-37-2,硝酸,5431
casNumber,硝酸乙酯、ethyl nitrate、625-58-1.xml,625-58-1,硝酸乙酯,5476
casNumber,硝酸亚汞、mercurous nitrate、7782-86-7.xml,7782-86-7,硝酸亚汞,5474
casNumber,硝酸异丙酯、isopropyl nitrate、1712-64-7.xml,1712-64-7,硝酸异丙酯,5478
casNumber,硝酸异戊酯、isoamyl nitrate、543-87-3.xml,543-87-3,硝酸异戊酯,5479
casNumber,硝酸正丁酯、n-Butyl nitrate、928-45-0.xml,928-45-0,硝酸正丁酯,5485
casNumber,硝酸正丙酯、n-propyl nitrate、627-13-4.xml,627-13-4,硝酸正丙酯,5484
casNumber,硝酸正戊酯、n-amyl nitrate、1002-16-0.xml,1002-16-0,硝酸正戊酯,5486
casNumber,硝酸氧锆、zirconium oxynitrate、13826-66-9.xml,13826-66-9,硝酸氧锆,5475
casNumber,硝酸汞、mercuric nitrate、10045-94-0.xml,10045-94-0,硝酸汞,5444
casNumber,硝酸甲胺、methylamine nitrate、22113-87-7.xml,22113-87-7,硝酸甲胺,5447
casNumber,硝酸羟胺、Hydroxylamine nitrate、13465-08-2.xml,13465-08-2,硝酸羟胺,5464
casNumber,硝酸胍、guanidine nitrate、506-93-4.xml,506-93-4,硝酸胍,5446
casNumber,硝酸脲、urea nitrate、124-47-0.xml,124-47-0,硝酸脲,5457
casNumber,硝酸苯汞、Phenyl mercuric nitrate、55-68-5.xml,55-68-5,硝酸苯汞,5436
casNumber,硝酸苯胺、aniline nitrate、542-15-4.xml,542-15-4,硝酸苯胺,5435
casNumber,硝酸重氮苯、diazobenzene nitrate、619-97-6.xml,619-97-6,硝酸重氮苯,5487
casNumber,硝酸钇、Yttrium nitrate、13494-98-9.xml,13494-98-9,硝酸钇,5477
casNumber,硝酸钐、samarium nitrate、13759-83-6.xml,13759-83-6,硝酸钐,5466
casNumber,硝酸钕、neodymium nitrate、16454-60-7.xml,16454-60-7,硝酸钕,5459
casNumber,硝酸钕镨、didymium nitrate、134191-62-1.xml,134191-62-1,硝酸钕镨,5460
casNumber,硝酸钙、calcium nitrate、10124-37-5.xml,10124-37-5,硝酸钙,5440
casNumber,硝酸钠、sodium nitrate、7631-99-4.xml,7631-99-4,硝酸钠,5456
casNumber,硝酸钡、barium nitrate、10022-31-8.xml,10022-31-8,硝酸钡,5434
casNumber,硝酸钯、palladium nitrate、10102-05-3.xml,10102-05-3,硝酸钯,5433
casNumber,硝酸钴、cobaltous nitrate、10141-05-6.xml,10141-05-6,硝酸钴,5445
casNumber,硝酸钾、potassium nitrate、7757-79-1.xml,7757-79-1,硝酸钾,5448
casNumber,硝酸铁、ferric nitrate、10421-48-4.xml,10421-48-4,硝酸铁,5471
casNumber,硝酸铅、lead nitrate、10099-74-8.xml,10099-74-8,硝酸铅,5463
productName,硝酸铈、cerium nitrate、10294-41-4.xml,10294-41-4,硝酸铈,5467
casNumber,硝酸铈铵、Ammonium ceric nitrate、16774-21-3.xml,16774-21-3,硝酸铈铵,5468
casNumber,硝酸铊、Thallium nitrate、10102-45-1.xml,10102-45-1,硝酸铊,5470
productName,硝酸铋、bismuth nitrate、10035-06-0.xml,10035-06-0,硝酸铋,5437
casNumber,硝酸铍、beryllium nitrate、13597-99-4.xml,13597-99-4,硝酸铍,5461
casNumber,硝酸铑、rhodium nitrate、10139-58-9.xml,10139-58-9,硝酸铑,5450
casNumber,硝酸铒、erbium nitrate、10168-80-6.xml,10168-80-6,硝酸铒,5439
casNumber,硝酸铜、Cupric nitrate、10031-43-3.xml,10031-43-3,硝酸铜,5472
casNumber,硝酸铝、aluminium nitrate、7784-27-2.xml,7784-27-2,硝酸铝,5453
casNumber,硝酸铟、Indium nitrate、13770-61-1.xml,13770-61-1,硝酸铟,5482
casNumber,硝酸铬、Chromic nitrate、13548-38-4.xml,13548-38-4,硝酸铬,5443
casNumber,硝酸铯、cesium nitrate、7789-18-6.xml,7789-18-6,硝酸铯,5465
casNumber,"硝酸铵[含可燃物≤0.2%]、ammonium nitrate,with not more than 0.2% total combustible material、6484-52-2.xml",6484-52-2,硝酸铵[含可燃物≤0.2%],5432
casNumber,硝酸银、silver nitrate、7761-88-8.xml,7761-88-8,硝酸银,5483
casNumber,硝酸锂、lithium nitrate、7790-69-4.xml,7790-69-4,硝酸锂,5451
productName,硝酸锆、zirconium nitrate、12372-57-5.xml,12372-57-5,硝酸锆,5441
casNumber,硝酸锌、zinc nitrate、7779-88-6.xml,7779-88-6,硝酸锌,5473
casNumber,硝酸锰、manganous nitrate、20694-39-7.xml,20694-39-7,硝酸锰,5455
casNumber,硝酸锶、Strontium nitrate、10042-76-9.xml,10042-76-9,硝酸锶,5469
casNumber,硝酸镁、magnesium nitrate、13446-18-9.xml,13446-18-9,硝酸镁,5454
casNumber,硝酸镉、cadmium nitrate、10325-94-7.xml,10325-94-7,硝酸镉,5442
casNumber,硝酸镍、nickel nitrate、13478-00-7.xml,13478-00-7,硝酸镍,5458
casNumber,硝酸镝、dysprosium nitrate、10143-38-1.xml,10143-38-1,硝酸镝,5438
casNumber,硝酸镥、lutetium nitrate、10099-67-9.xml,10099-67-9,硝酸镥,5452
casNumber,硝酸镧、lanthanum nitrate、10099-59-9.xml,10099-59-9,硝酸镧,5449
casNumber,硝酸镨、praseodymium nitrate、10361-80-5.xml,10361-80-5,硝酸镨,5462
casNumber,硝酸镱、ytterbium nitrate、13768-67-7.xml,13768-67-7,硝酸镱,5480
casNumber,硝酸镱、ytterbium nitrate、35725-34-9.xml,35725-34-9,硝酸镱,5481
casNumber,硫代乙酸、thioacetic acid、507-09-5.xml,507-09-5,硫代乙酸,4756
casNumber,硫代异氰酸甲酯、Methyl isothiocyanate、556-61-6.xml,556-61-6,硫代异氰酸甲酯,4757
casNumber,硫代氯甲酸乙酯、Ethyl chlorothioformate、2941-64-2.xml,2941-64-2,硫代氯甲酸乙酯,4755
casNumber,硫代甲酰胺、thioformamide、115-08-2.xml,115-08-2,硫代甲酰胺,4754
casNumber,硫化氢、hydrogen sulfide、7783-06-4.xml,7783-06-4,硫化氢,4765
casNumber,硫化汞、mercury sulfide、1344-48-5.xml,1344-48-5,硫化汞,4761
casNumber,硫化钠、sodium sulfide、1313-82-2.xml,1313-82-2,硫化钠,4764
casNumber,硫化钡、barium sulfide、21109-95-5.xml,21109-95-5,硫化钡,4759
casNumber,硫化钼、Molybdenum(Ⅳ)sulfide、1317-33-5.xml,1317-33-5,硫化钼,4763
casNumber,硫化钾、potassium sulfide、1312-73-8.xml,1312-73-8,硫化钾,4762
casNumber,硫化铁、Iron sulfide、1317-37-9.xml,1317-37-9,硫化铁,4766
casNumber,硫化铵溶液、ammonium sulphide solution、12135-76-1.xml,12135-76-1,硫化铵溶液,4758
casNumber,硫化镉、Cadmium sulfide、1306-23-6.xml,1306-23-6,硫化镉,4760
casNumber,硫氢化钙、calcium hydrosulfide、12133-28-7.xml,12133-28-7,硫氢化钙,4768
casNumber,硫氢化钠、Sodium hydrosulfide、16721-80-5.xml,16721-80-5,硫氢化钠,4769
casNumber,硫氰化汞、Mercuric thiocyanate、592-85-8.xml,592-85-8,硫氰化汞,4770
casNumber,硫氰酸乙酯、ethyl thiocyanate、542-90-5.xml,542-90-5,硫氰酸乙酯,4776
casNumber,硫氰酸汞钾、mercuric potassium thiocyanate、14099-12-8.xml,14099-12-8,硫氰酸汞钾,4774
casNumber,硫氰酸汞铵、mercuric ammonium thiocyanate、20564-21-0.xml,20564-21-0,硫氰酸汞铵,4773
casNumber,硫氰酸甲酯、methyl thiocyanate、556-64-9.xml,556-64-9,硫氰酸甲酯,4775
casNumber,硫氰酸苄、benzyl thiocyanate、3012-37-1.xml,3012-37-1,硫氰酸苄,4771
casNumber,硫氰酸钙、Calcium thiocyanate、2092-16-2.xml,2092-16-2,硫氰酸钙,4772
casNumber,硫磺、sulfur、7704-34-9.xml,7704-34-9,硫磺,4767
casNumber,"硫酸-2,5-二乙氧基-4-(4-吗啉基)-重氮苯、2,5-diethoxy-4-(4-morpholinyl)-benzenediazonium sulphate、32178-39-5.xml",32178-39-5,"硫酸-2,5-二乙氧基-4-(4-吗啉基)-重氮苯",4779
casNumber,"硫酸-2,5-二氨基甲苯、sulfuric acid-2,5-diamino toluene、615-50-9.xml",615-50-9,"硫酸-2,5-二氨基甲苯",4778
casNumber,"硫酸-4,4'-二氨基联苯、4,4’-diaminodiphenyl sulfate、531-86-2.xml",531-86-2,"硫酸-4,4'-二氨基联苯",4780
casNumber,"硫酸-4-氨基-N,N-二甲基苯胺、4-amino-N,N-dimethylaniline sulfate、536-47-0.xml",536-47-0,"硫酸-4-氨基-N,N-二甲基苯胺",4781
casNumber,硫酸、sulfuric acid、7664-93-9.xml,7664-93-9,硫酸,4777
casNumber,硫酸三乙基锡、Triethyl tin sulfate、57-52-3.xml,57-52-3,硫酸三乙基锡,4799
casNumber,硫酸二乙酯、ethyl sulfate、64-67-5.xml,64-67-5,硫酸二乙酯,4786
casNumber,硫酸二甲酯、methyl sulfate、77-78-1.xml,77-78-1,硫酸二甲酯,4785
casNumber,硫酸亚汞、mercurous sulfate、7783-36-0.xml,7783-36-0,硫酸亚汞,4800
casNumber,硫酸对苯二胺、p-phenylene diamine sulfate、16245-77-5.xml,16245-77-5,硫酸对苯二胺,4784
casNumber,硫酸氢钠、Sodium bisulfate、7681-38-1.xml,7681-38-1,硫酸氢钠,4798
casNumber,硫酸氢钾、Potassium bisulfate、7646-93-7.xml,7646-93-7,硫酸氢钾,4797
casNumber,硫酸氧钒、vanadyl sulfate、27774-13-6.xml,27774-13-6,硫酸氧钒,4801
casNumber,硫酸汞、mercury sulphate、7783-35-9.xml,7783-35-9,硫酸汞,4788
casNumber,硫酸羟胺、Hydroxylamine sulfate、10039-54-0.xml,10039-54-0,硫酸羟胺,4796
casNumber,硫酸苯肼、phenylhydrazine sulfate、2545-79-1.xml,2545-79-1,硫酸苯肼,4783
casNumber,硫酸苯胺、aniline sulfate、542-16-5.xml,542-16-5,硫酸苯胺,4782
casNumber,硫酸钴、cobalt sulphate、10124-43-3.xml,10124-43-3,硫酸钴,4789
casNumber,"硫酸铅[含游离酸＞3%]、lead sulphate,with more than 3％ free acid、7446-14-2.xml",7446-14-2,硫酸铅[含游离酸＞3%],4795
casNumber,硫酸铍、beryllium sulfate、13510-49-1.xml,13510-49-1,硫酸铍,4793
casNumber,硫酸铍钾、beryllium potassium sulfate、53684-48-3.xml,53684-48-3,硫酸铍钾,4794
casNumber,硫酸镉、Cadmium sulfate、10124-36-4.xml,10124-36-4,硫酸镉,4787
casNumber,硫酸镍、Nickel sulfate、7786-81-4.xml,7786-81-4,硫酸镍,4792
casNumber,硫酸间苯二胺、m-phenylene diamine sulfate、541-70-8.xml,541-70-8,硫酸间苯二胺,4790
casNumber,硫酸马钱子碱、brucine sulfate、4845-99-2.xml,4845-99-2,硫酸马钱子碱,4791
casNumber,硫钡合剂、Barium polysulfide、50864-67-0.xml,50864-67-0,硫钡合剂,4753
casNumber,硬脂腈、Octadecanonitrile、638-65-3.xml,638-65-3,硬脂腈,5789
casNumber,硬脂酸、Octadecanoic acid、57-11-4.xml,57-11-4,硬脂酸,5790
casNumber,硼氢化钠、Sodium borohydride、16940-66-2.xml,16940-66-2,硼氢化钠,4959
casNumber,硼氢化钾、Potassium borohydride、13762-51-1.xml,13762-51-1,硼氢化钾,4956
casNumber,硼氢化铝、Aluminum borohydride、16962-07-5.xml,16962-07-5,硼氢化铝,4958
casNumber,硼氢化锂、Lithium borohydride、16949-15-8.xml,16949-15-8,硼氢化锂,4957
casNumber,硼酸、Boric acid、10043-35-3.xml,10043-35-3,硼酸,4960
casNumber,硼酸三乙酯、ethyl borate、150-46-9.xml,150-46-9,硼酸三乙酯,4962
casNumber,硼酸三异丙酯、Triisopropyl borate、5419-55-6.xml,5419-55-6,硼酸三异丙酯,4963
casNumber,硼酸三甲酯、Trimethyl borate、121-43-7.xml,121-43-7,硼酸三甲酯,4961
casNumber,碘乙烷、iodoethane、75-03-6.xml,75-03-6,碘乙烷,4177
casNumber,碘乙酸、iodoacetic acid、64-69-7.xml,64-69-7,碘乙酸,4175
casNumber,碘乙酸乙酯、Ethyl iodoacetate、623-48-3.xml,623-48-3,碘乙酸乙酯,4176
casNumber,碘化乙酰、Acetyl iodide、507-02-8.xml,507-02-8,碘化乙酰,4158
casNumber,碘化亚汞、mercurous iodide、15385-57-6.xml,15385-57-6,碘化亚汞,4156
casNumber,碘化亚铊、thallium iodide、7790-30-9.xml,7790-30-9,碘化亚铊,4157
casNumber,碘化钾汞、Mercury potassium iodide、7783-33-7.xml,7783-33-7,碘化钾汞,4154
casNumber,碘甲烷、iodomethane、74-88-4.xml,74-88-4,碘甲烷,4159
casNumber,碘酸、iodic acid、7782-68-5.xml,7782-68-5,碘酸,4160
casNumber,碘酸钙、calcium iodate、7789-80-2.xml,7789-80-2,碘酸钙,4163
casNumber,碘酸钠、sodium iodate、7681-55-2.xml,7681-55-2,碘酸钠,4169
casNumber,碘酸钡、barium iodate、10567-69-8.xml,10567-69-8,碘酸钡,4162
casNumber,碘酸钾、potassium iodate、7758-05-6.xml,7758-05-6,碘酸钾,4165
casNumber,碘酸钾合一碘酸、potassium biiodate、13455-24-8.xml,13455-24-8,碘酸钾合一碘酸,4166
casNumber,碘酸铁、ferric iodate、29515-61-5.xml,29515-61-5,碘酸铁,4172
casNumber,碘酸铅、lead iodate、25659-31-8.xml,25659-31-8,碘酸铅,4170
casNumber,碘酸铵、ammonium iodate、13446-09-8.xml,13446-09-8,碘酸铵,4161
casNumber,碘酸银、silver iodate、7783-97-3.xml,7783-97-3,碘酸银,4174
casNumber,碘酸锂、lithium iodate、13765-03-2.xml,13765-03-2,碘酸锂,4167
casNumber,碘酸锌、zinc iodate、7790-37-6.xml,7790-37-6,碘酸锌,4173
casNumber,碘酸锰、manganese iodate、25659-29-4.xml,25659-29-4,碘酸锰,4168
casNumber,碘酸锶、strontium iodate、13470-01-4.xml,13470-01-4,碘酸锶,4171
casNumber,碘酸镉、cadmium iodate、7790-81-0.xml,7790-81-0,碘酸镉,4164
casNumber,碲、tellurium、13494-80-9.xml,13494-80-9,碲,4152
casNumber,碲化镉、cadmium telluride、1306-25-8.xml,1306-25-8,碲化镉,4153
casNumber,碳化钙、calcium carbide、75-20-7.xml,75-20-7,碳化钙,5333
casNumber,碳化铝、aluminium carbide、1299-86-1.xml,1299-86-1,碳化铝,5334
casNumber,碳酰氯、Phosgene、75-44-5.xml,75-44-5,碳酰氯,5343
casNumber,碳酸丙二醇酯、Propylene carbonate、108-32-7.xml,108-32-7,碳酸丙二醇酯,5336
casNumber,碳酸乙丁酯、ethyl butyl carbonate、30714-78-4.xml,30714-78-4,碳酸乙丁酯,5342
casNumber,碳酸二丙酯、dipropyl carbonate、623-96-1.xml,623-96-1,碳酸二丙酯,5337
casNumber,碳酸二乙酯、diethyl carbonate、105-58-8.xml,105-58-8,碳酸二乙酯,5339
casNumber,碳酸二甲酯、dimethyl carbonate、616-38-6.xml,616-38-6,碳酸二甲酯,5338
casNumber,碳酸亚铊、Thallium carbonate、6533-73-9.xml,6533-73-9,碳酸亚铊,5341
casNumber,碳酸钡、barium carbonate、513-77-9.xml,513-77-9,碳酸钡,5335
casNumber,碳酸铍、Beryllium carbonate、13106-47-3.xml,13106-47-3,碳酸铍,5340
casNumber,磷化氢、hydrogen phosphide、7803-51-2.xml,7803-51-2,磷化氢,4745
casNumber,磷化钙、calcium phosphide、1305-99-3.xml,1305-99-3,磷化钙,4740
casNumber,磷化钠、Sodium phosphide、12058-85-4.xml,12058-85-4,磷化钠,4744
casNumber,磷化钾、Potassium phosphide、20770-41-6.xml,20770-41-6,磷化钾,4741
casNumber,磷化铝、Aluminium phosphide、20859-73-8.xml,20859-73-8,磷化铝,4742
casNumber,磷化锌、Zinc phosphide、1314-84-7.xml,1314-84-7,磷化锌,4748
casNumber,磷化锡、Tin phosphide、25324-56-5.xml,25324-56-5,磷化锡,4747
casNumber,磷化锶、Strontium phosphide、12504-13-1.xml,12504-13-1,磷化锶,4746
casNumber,磷化镁、Magnesium phosphide、12057-74-8.xml,12057-74-8,磷化镁,4743
casNumber,磷酸三甲苯酯、tricresyl phosphate、1330-78-5.xml,1330-78-5,磷酸三甲苯酯,4750
casNumber,磷酸二乙基汞、ethylmercury phosphate、2235-25-8.xml,2235-25-8,磷酸二乙基汞,4749
casNumber,磷酸亚铊、thallium (Ⅰ) o-phosphate、13453-41-3.xml,13453-41-3,磷酸亚铊,4751
casNumber,精蒽、anthracene、120-12-7.xml,120-12-7,精蒽,4699
casNumber,糠胺、furfurylamine、617-89-0.xml,617-89-0,糠胺,4707
casNumber,糠醛、Furfural、98-01-1.xml,98-01-1,糠醛,4708
casNumber,红磷、phosphorus red、7723-14-0.xml,7723-14-0,红磷,4582
casNumber,羟基乙硫醚、Hydroxy ethyl sulfide、110-77-0.xml,110-77-0,羟基乙硫醚,4978
casNumber,羟基乙腈、2-hydroxyacetonitrile、107-16-4.xml,107-16-4,羟基乙腈,4977
casNumber,羟基甲基汞、methyl mercuric hydroxide、1184-57-2.xml,1184-57-2,羟基甲基汞,4976
casNumber,羟间唑啉(盐酸盐)、oxymetazoline hydrochloride、2315-02-8.xml,2315-02-8,羟间唑啉(盐酸盐),4979
casNumber,羰基氟、carbonyl fluoride、353-50-4.xml,353-50-4,羰基氟,5344
casNumber,羰基硫、carbonyl sulphide、463-58-1.xml,463-58-1,羰基硫,5345
casNumber,羰基镍、Nickel carbonyl、13463-39-3.xml,13463-39-3,羰基镍,5346
casNumber,联三苯、p-terphenyl、92-94-4.xml,92-94-4,联三苯,4722
casNumber,"联十六烷基过氧重碳酸酯[含量≤42%,在水中稳定弥散]、dicetyl peroxydicarbonate (not more than 42% as a stable dispersion in water)、26322-14-5.xml",26322-14-5,"联十六烷基过氧重碳酸酯[含量≤42%,在水中稳定弥散]",4723
casNumber,联苯、Biphenyl、92-52-4.xml,92-52-4,联苯,4721
casNumber,聚乙烯聚胺、polyethylene polyamine、29320-38-5.xml,29320-38-5,聚乙烯聚胺,4705
casNumber,聚乙醛、polymerized acetaldehyde、9002-91-9.xml,9002-91-9,聚乙醛,4704
casNumber,"聚苯乙烯珠体[可发性的]、polystyrene beads,expandable、9003-53-6.xml",9003-53-6,聚苯乙烯珠体[可发性的],4703
casNumber,肥酸、Hexanedioic acid、42331-63-5.xml,42331-63-5,肥酸,4411
casNumber,肥酸丁酯、Dibutyl adipate、105-99-7.xml,105-99-7,肥酸丁酯,4412
casNumber,肥酸乙酯、Diethyl adipate、141-28-6.xml,141-28-6,肥酸乙酯,4413
casNumber,胡萝卜酸乙酯、Diethyl malonate、105-53-3.xml,105-53-3,胡萝卜酸乙酯,4583
casNumber,胶酸二乙酯、Diethyl glutarate、818-38-2.xml,818-38-2,胶酸二乙酯,4683
casNumber,"脒基亚硝氨基脒基四氮烯[湿的,按质量含水或乙醇和水的混合物不低于30％]、guanyl nitrosaminoguanyltetrazene,wetted with not less than 30％ water,or mixture of alcohol and water,bymass、109-27-3.xml",109-27-3,"脒基亚硝氨基脒基四氮烯[湿的,按质量含水或乙醇和水的混合物不低于30％]",4943
casNumber,腰果壳油、cashew nut shell oil、8007-24-7.xml,8007-24-7,腰果壳油,5632
casNumber,膦酸、phosphorous acid、10294-56-1.xml,10294-56-1,膦酸,4752
casNumber,芥子气、Dichlorodiethyl sulfide、505-60-2.xml,505-60-2,芥子气,4688
casNumber,花青甙、cyanine、581-64-6.xml,581-64-6,花青甙,4585
casNumber,苄硫醇、benzyl mercaptan、100-53-8.xml,100-53-8,苄硫醇,4081
casNumber,苄胺、Benzylamine、100-46-9.xml,100-46-9,苄胺,4080
casNumber,苊、acenaphthene、83-32-9.xml,83-32-9,苊,4241
casNumber,"苦味酸甲酯、2,4,6-trinitroanisole、606-35-9.xml",606-35-9,苦味酸甲酯,4712
casNumber,苯、benzene、71-43-2.xml,71-43-2,苯,4035
casNumber,苯乙炔、phenylacetylene、536-74-3.xml,536-74-3,苯乙炔,4074
casNumber,"苯乙烯[稳定的]、styrene,stabilized、100-42-5.xml",100-42-5,苯乙烯[稳定的],4075
casNumber,苯乙腈、phenylacetonitrile、140-29-4.xml,140-29-4,苯乙腈,4073
casNumber,苯乙酰氯、phenylacetyl chloride、103-80-0.xml,103-80-0,苯乙酰氯,4076
casNumber,苯乙醇腈、Benzaldehyde cyanohydrin、532-28-5.xml,532-28-5,苯乙醇腈,4072
casNumber,苯代丁腈、4-Phenyl butyronitrile、2046-18-6.xml,2046-18-6,苯代丁腈,4043
casNumber,苯代丙腈、3-Phenyl propionitrile、645-59-0.xml,645-59-0,苯代丙腈,4042
casNumber,苯佐卡因、Ethyl p-aminobenzoate、94-09-7.xml,94-09-7,苯佐卡因,4077
casNumber,苯四甲酸酐、Pyromellitic dianhydride、89-32-7.xml,89-32-7,苯四甲酸酐,4070
casNumber,苯基三氯硅烷、phenyltrichlorosilane、98-13-5.xml,98-13-5,苯基三氯硅烷,4055
casNumber,苯基二氯硅烷、phenyl dichloro silane、1631-84-1.xml,1631-84-1,苯基二氯硅烷,4052
casNumber,苯基氢氧化汞、phenylmercury hydroxide、100-57-2.xml,100-57-2,苯基氢氧化汞,4054
casNumber,苯基氧氯化膦、Benzene phosphorus oxychloride、824-72-6.xml,824-72-6,苯基氧氯化膦,4057
casNumber,苯基溴化镁[浸在乙醚中的]、phenyl magnesium bromide(in ethyl ether)、100-58-3.xml,100-58-3,苯基溴化镁[浸在乙醚中的],4056
casNumber,苯基硫醇、phenyl mercaptan、108-98-5.xml,108-98-5,苯基硫醇,4053
casNumber,苯并三唑、Benzotriazole、95-14-7.xml,95-14-7,苯并三唑,4040
casNumber,苯并呋喃、Coumarone、271-89-6.xml,271-89-6,苯并呋喃,4039
casNumber,苯并蒽、Benzanthracene、56-55-3.xml,56-55-3,苯并蒽,4037
casNumber,苯并蒽酮、Benzanthrone、82-05-3.xml,82-05-3,苯并蒽酮,4038
casNumber,苯氧基乙酸、phenoxyacetic acid、122-59-8.xml,122-59-8,苯氧基乙酸,4071
casNumber,苯甲腈、benzonitrile、100-47-0.xml,100-47-0,苯甲腈,4058
casNumber,苯甲酰氯、benzoyl chloride、98-88-4.xml,98-88-4,苯甲酰氯,4062
casNumber,苯甲酸汞、Mercury benzoate、583-15-3.xml,583-15-3,苯甲酸汞,4060
casNumber,苯甲酸甲酯、methyl benzoate、93-58-3.xml,93-58-3,苯甲酸甲酯,4061
casNumber,苯甲醚、anisole、100-66-3.xml,100-66-3,苯甲醚,4059
casNumber,苯硫代二氯化膦、phenylphosphorus thiodichloride、3497-00-5.xml,3497-00-5,苯硫代二氯化膦,4066
casNumber,苯磺酰氯、benzenesulfonyl chloride、98-09-9.xml,98-09-9,苯磺酰氯,4051
casNumber,苯磺酰肼、benzenesulfonylhydrazine、80-17-1.xml,80-17-1,苯磺酰肼,4050
casNumber,苯磺酸、benzenesulfonic acid、98-11-3.xml,98-11-3,苯磺酸,4048
casNumber,苯磺酸钠、sodium benzene sulfonate、3198-32-1.xml,3198-32-1,苯磺酸钠,4049
casNumber,苯肼、phenylhydrazine、100-63-0.xml,100-63-0,苯肼,4063
casNumber,苯胂化二氯、Phenylarsine dichloride、696-28-6.xml,696-28-6,苯胂化二氯,4067
casNumber,苯胂化氧、Phenylarsine oxide、637-03-6.xml,637-03-6,苯胂化氧,4068
casNumber,苯胂酸、benzenearsonic acid、98-05-5.xml,98-05-5,苯胂酸,4069
casNumber,苯胩化二氯、Phenyl carbylamine dichloride、622-44-6.xml,622-44-6,苯胩化二氯,4064
casNumber,苯胺、aniline、62-53-3.xml,62-53-3,苯胺,4036
casNumber,苯达松、Bentazon、25057-89-0.xml,25057-89-0,苯达松,4041
casNumber,苯酚、phenol、108-95-2.xml,108-95-2,苯酚,4044
casNumber,苯酚磺酸、phenolsulfonic acid、1333-39-7.xml,1333-39-7,苯酚磺酸,4045
casNumber,苯酚钠、sodium phenolate、139-02-6.xml,139-02-6,苯酚钠,4046
casNumber,苯醌、benzoquinone、106-51-4.xml,106-51-4,苯醌,4065
casNumber,草克乐、Chlorothiamide、1918-13-4.xml,1918-13-4,草克乐,4128
casNumber,"草酸-4-氨基-N,N-二甲基苯胺、4-amino-N,N-dimethylaniline oxalate、24631-29-6.xml",24631-29-6,"草酸-4-氨基-N,N-二甲基苯胺",4130
casNumber,草酸、Ethanedioic acid、144-62-7.xml,144-62-7,草酸,4129
casNumber,草酸汞、mercuric oxalate、3444-13-1.xml,3444-13-1,草酸汞,4131
casNumber,莰烯、camphene、79-92-5.xml,79-92-5,莰烯,4706
casNumber,萘、naphthalene、91-20-3.xml,91-20-3,萘,4949
casNumber,萘满、Tetrahydronaphthalene、119-64-2.xml,119-64-2,萘满,4951
casNumber,萘磺汞、Hydrargaphen、14235-86-0.xml,14235-86-0,萘磺汞,4950
casNumber,萜品油烯、Terpinolene、586-62-9.xml,586-62-9,萜品油烯,5351
casNumber,萜烃、terpene hydrocarbons、63394-00-3.xml,63394-00-3,萜烃,5352
casNumber,萤蒽、Fluoranthene、206-44-0.xml,206-44-0,萤蒽,5788
casNumber,葡萄糖酸汞、mercury gluconate、63937-14-4.xml,63937-14-4,葡萄糖酸汞,4972
casNumber,蜗螺净、Triphenomorph、1420-06-0.xml,1420-06-0,蜗螺净,5357
casNumber,西维因粉剂、Sevin powder、63-25-2.xml,63-25-2,西维因粉剂,5400
casNumber,赭曲毒素A、ochratoxin A、303-47-9.xml,303-47-9,赭曲毒素A,5803
casNumber,赭曲毒素、ochratoxin、37203-43-3.xml,37203-43-3,赭曲毒素,5802
casNumber,超氧化钠、sodium superoxide、12034-12-7.xml,12034-12-7,超氧化钠,4133
casNumber,超氧化钾、potassium superoxide、12030-88-5.xml,12030-88-5,超氧化钾,4132
casNumber,辛二烯、octadiene、3710-30-3.xml,3710-30-3,辛二烯,5489
casNumber,辛二腈、Suberonitrile、629-40-3.xml,629-40-3,辛二腈,5488
casNumber,辛基三氯硅烷、Octyl trichlorosilane、5283-66-9.xml,5283-66-9,辛基三氯硅烷,5491
casNumber,辛基苯酚、octylphenol、27193-28-8.xml,27193-28-8,辛基苯酚,5490
casNumber,辛酰氯、Octanoyl chloride、111-64-8.xml,111-64-8,辛酰氯,5494
casNumber,辛酸亚锡、Stannous octanoate、301-10-0.xml,301-10-0,辛酸亚锡,5493
casNumber,辛醛、octanal、124-13-0.xml,124-13-0,辛醛,5492
casNumber,"过乙酸[含量≤16%,含水≥39%,含乙酸≥ 15%,含过氧化氢≤24%,含有稳定剂]、79-21-0.xml",79-21-0,"过乙酸[含量≤16%,含水≥39%,含乙酸≥ 15%,含过氧化氢≤24%,含有稳定剂]",4577
casNumber,"过乙酸叔丁酯[52%＜含量≤77%,含A型稀释剂≥23%]、tert-butyl peroxy acetate (more than 52% but not more than 77%, and diluent type A not less than 23%)、107-71-1.xml",107-71-1,"过乙酸叔丁酯[52%＜含量≤77%,含A型稀释剂≥23%]",4578
casNumber,过二硫酸钾、potassium persulfate、7727-21-1.xml,7727-21-1,过二硫酸钾,4512
casNumber,过二硫酸铵、ammonium persulfate、7727-54-0.xml,7727-54-0,过二硫酸铵,4511
casNumber,过二碳酸二-(2-乙基己)酯、Di-(2-ethylhexyl) peroxydicarbonate、16111-62-9.xml,16111-62-9,过二碳酸二-(2-乙基己)酯,4513
casNumber,"过二碳酸二-(2-乙氧乙)酯[含量≤52%,含B型稀释剂≥48%]、di-(2-ethoxyethyl) peroxydicarbonate (not more than 52%, and diluent type B not less than 48%)、52373-74-7.xml",52373-74-7,"过二碳酸二-(2-乙氧乙)酯[含量≤52%,含B型稀释剂≥48%]",4514
casNumber,"过二碳酸二-(3-甲氧丁)酯[含量≤52%,含B型稀释剂≥48%]、di-(3-methoxybutyl)peroxydicarbonate (not more than 52%, and diluent type B not less than 48%)、52238-68-3.xml",52238-68-3,"过二碳酸二-(3-甲氧丁)酯[含量≤52%,含B型稀释剂≥48%]",4515
casNumber,过二碳酸钠、disodium peroxydicarbonate、3313-92-6.xml,3313-92-6,过二碳酸钠,4516
casNumber,"过新庚酸-1,1-二甲基-3-羟丁酯[含量≤52%,含A型稀释剂≥48%]、1,1-dimethyl-3-hydroxybutyl peroxyneoheptanoate (not more than 52%,and diluent type A not less than 48%)、110972-57-1.xml",110972-57-1,"过新庚酸-1,1-二甲基-3-羟丁酯[含量≤52%,含A型稀释剂≥48%]",4521
casNumber,"过新庚酸枯酯[含量≤77%,含A型稀释剂≥23%]、cumyl peroxyneoheptanoate (not more than 77%, and diluent type A not less than 23%)、104852-44-0.xml",104852-44-0,"过新庚酸枯酯[含量≤77%,含A型稀释剂≥23%]",4522
casNumber,"过氧-3,5,5-三甲基己酸叔丁酯[32%＜含量≤100%]、tert-butylperoxy-3,5,5-trimethylhexanoate (more than 32%)、13122-18-4.xml",13122-18-4,"过氧-3,5,5-三甲基己酸叔丁酯[32%＜含量≤100%]",4524
casNumber,"过氧丁烯酸叔丁酯[含量≤77%,含A型稀释剂≥23%]、tert-butyl peroxycrotonate (not more than 77%,and diluent type A not less than 23%)、23474-91-1.xml",23474-91-1,"过氧丁烯酸叔丁酯[含量≤77%,含A型稀释剂≥23%]",4526
casNumber,"过氧化丙酰[含量≤27%,含B型稀释剂≥73%]、dipropionyl peroxide (not more than 27%, and diluent type B not less than 73%)、3248-28-0.xml",3248-28-0,"过氧化丙酰[含量≤27%,含B型稀释剂≥73%]",4529
casNumber,"过氧化乙酰丙酮[在溶液中,含量≤42%,含水≥8%,含A型稀释剂≥48%,含有效氧≤4.7%]、37187-22-7.xml",37187-22-7,"过氧化乙酰丙酮[在溶液中,含量≤42%,含水≥8%,含A型稀释剂≥48%,含有效氧≤4.7%]",4569
casNumber,过氧化乙酰苯甲酰[在溶液中含量≤45%]、acetyl benzoyl peroxide (not more than 90% in solution)、644-31-5.xml,644-31-5,过氧化乙酰苯甲酰[在溶液中含量≤45%],4568
casNumber,"过氧化二-(2,4-二氯苯甲酰)[糊状物,含量≤52%]、di-(2,4-dichlorobenzoyl)peroxide (not more than 52% as a paste)、133-14-2.xml",133-14-2,"过氧化二-(2,4-二氯苯甲酰)[糊状物,含量≤52%]",4530
casNumber,过氧化二-(4-氯苯甲酰)[含量≤77%]、di-4-chlorobenzoyl peroxide (not more than 77%)、94-17-7.xml,94-17-7,过氧化二-(4-氯苯甲酰)[含量≤77%],4531
casNumber,过氧化二乙酰、acetyl peroxide solution、110-22-5.xml,110-22-5,过氧化二乙酰,4539
casNumber,"过氧化二异丁酰[含量≤32%,含B型稀释剂≥68%]、diisobutyryl peroxide (not more than 32%, and diluent type B not less than 68%)、3437-84-1.xml",3437-84-1,"过氧化二异丁酰[含量≤32%,含B型稀释剂≥68%]",4541
casNumber,"过氧化二异丙苯[52%＜含量≤100%]、bis(α,α-dimethylbenzyl)peroxide (more than 52%)、80-43-3.xml",80-43-3,过氧化二异丙苯[52%＜含量≤100%],4540
casNumber,过氧化二异壬酰[含量≤100%]、di-n-octanoyl peroxide(not more than 100%)、3851-87-4.xml,3851-87-4,过氧化二异壬酰[含量≤100%],3353
casNumber,过氧化二月桂酰[含量≤100%]、diisopropylbenzene dihydroperoxede (not more than 100%)、105-74-8.xml,105-74-8,过氧化二月桂酰[含量≤100%],4542
casNumber,过氧化二正辛酰[含量≤100%]、di-n-octanoyl peroxide (not more than 100%)、762-16-3.xml,762-16-3,过氧化二正辛酰[含量≤100%],4543
casNumber,过氧化二琥珀酸[72%＜含量≤100%]、disuccinic acid peroxide (more than 72%)、123-23-9.xml,123-23-9,过氧化二琥珀酸[72%＜含量≤100%],4534
casNumber,过氧化二癸酰[含量≤100%]、didecanoyl peroxide (not more than 100%)、762-12-9.xml,762-12-9,过氧化二癸酰[含量≤100%],4533
casNumber,"过氧化二碳酸二(十八烷基)酯[含量≤87%,含有十八烷醇]、distearyl peroxydicarbonate(not more than 87%,with stearyl alcohol)、52326-66-6.xml",52326-66-6,"过氧化二碳酸二(十八烷基)酯[含量≤87%,含有十八烷醇]",4535
casNumber,过氧化二碳酸二乙酯、Diethyl peroxydicarbonate、14666-78-5.xml,14666-78-5,过氧化二碳酸二乙酯,4537
casNumber,过氧化二碳酸二异丙酯、Diisopropyl peroxydicarbonate、105-64-6.xml,105-64-6,过氧化二碳酸二异丙酯,4538
casNumber,"过氧化二碳酸二苯甲酯[含量≤87%,含水]、diphenylmethyl peroxydicarbonate(not more than 87% with water)、2144-45-8.xml",2144-45-8,"过氧化二碳酸二苯甲酯[含量≤87%,含水]",4536
casNumber,"过氧化双丙酮醇[含量≤57%,含 B型稀释剂≥26%,含水≥8%]、diacetone alcohol peroxides (not more than 57%, and diluent type B not less than 26%, and water not less than 8%)、54693-46-8.xml",54693-46-8,"过氧化双丙酮醇[含量≤57%,含 B型稀释剂≥26%,含水≥8%]",4563
casNumber,过氧化叔丁基异丙基苯[42%＜含量≤100%]、tert-butyl cumyl peroxide(more than 42%)、3457-61-2.xml,3457-61-2,过氧化叔丁基异丙基苯[42%＜含量≤100%],4562
casNumber,过氧化叔丁醇、tert-butyl hydroperoxide、75-91-2.xml,75-91-2,过氧化叔丁醇,4559
casNumber,"过氧化异丁基甲基甲酮[在溶液中,含量≤62%,含A型稀释剂≥19%,含甲基异丁基酮]、37206-20-5.xml",37206-20-5,"过氧化异丁基甲基甲酮[在溶液中,含量≤62%,含A型稀释剂≥19%,含甲基异丁基酮]",4570
casNumber,"过氧化新庚酸叔丁酯[含量≤42%,在水中稳定弥散]、tert-butyl peroxyneoheptanoate (not more than 42% as a stable dispersion in water)、26748-38-9.xml",26748-38-9,"过氧化新庚酸叔丁酯[含量≤42%,在水中稳定弥散]",4567
casNumber,过氧化月桂酸[含量≤100%]、peroxylauric acid (not more than 100%)、2388-12-7.xml,2388-12-7,过氧化月桂酸[含量≤100%],4571
casNumber,"过氧化氢二叔丁基异丙基苯[42%＜含量≤100%,惰性固体含量≤57%]、di-t-butyl peroxide cumene (more than 42%, and inert solid not less than 57%)、25155-25-3.xml",25155-25-3,"过氧化氢二叔丁基异丙基苯[42%＜含量≤100%,惰性固体含量≤57%]",4557
casNumber,过氧化氢四氢化萘、tetrahydronaphthyl hydroperoxide、771-29-9.xml,771-29-9,过氧化氢四氢化萘,4560
casNumber,过氧化氢对孟烷、p-menthane hydroperoxide、80-47-7.xml,80-47-7,过氧化氢对孟烷,4556
casNumber,"过氧化氢异丙苯[90%＜含量≤98%,含A型稀释剂≤10%]、cumyl hydroperoxide (more than 90% but not more than 98%, and diluent type A not more than 10%)、80-15-9.xml",80-15-9,"过氧化氢异丙苯[90%＜含量≤98%,含A型稀释剂≤10%]",4561
casNumber,过氧化氢溶液、hydrogen peroxide、7722-84-1.xml,7722-84-1,过氧化氢溶液,4558
casNumber,过氧化氢苯甲酰、Perbenzoic acid、93-59-4.xml,93-59-4,过氧化氢苯甲酰,4555
casNumber,过氧化环己酮、cyclohexanone peroxide、78-18-2.xml,78-18-2,过氧化环己酮,4545
casNumber,"过氧化甲基乙基酮[有效氧含量≤8.2%,含A型稀释剂≥60%]、methyl ethyl ketone peroxide (available oxygen not more than 8.2%, and diluent type A not less than 60%)、1338-23-4.xml",1338-23-4,"过氧化甲基乙基酮[有效氧含量≤8.2%,含A型稀释剂≥60%]",4547
casNumber,"过氧化甲基异丁基酮[含量≤62%,含A型稀释剂≥19%]、methyl isobutyl ketone peroxide (not more than 62%, and diluent type A not less than 19%)、28056-59-9.xml",28056-59-9,"过氧化甲基异丁基酮[含量≤62%,含A型稀释剂≥19%]",4549
casNumber,"过氧化甲基异丙酮[活性氧含量≤6.7%,含A型稀释剂≥70%]、methyl isopropyl ketone peroxide (active oxygen not more than 6.7%, and diluent type A not less than 70%)、182893-11-4.xml",182893-11-4,"过氧化甲基异丙酮[活性氧含量≤6.7%,含A型稀释剂≥70%]",4548
casNumber,"过氧化甲基环己酮[含量≤67%,含B型稀释剂≤33%]、methylcyclohexanone peroxide (not more than 67%, and diluent type B not less than 33%)、11118-65-3.xml",11118-65-3,"过氧化甲基环己酮[含量≤67%,含B型稀释剂≤33%]",4546
casNumber,过氧化碳酸钠水合物、sodium carbonate peroxyhydrate、15630-89-4.xml,15630-89-4,过氧化碳酸钠水合物,4565
casNumber,过氧化苯甲酰、benzoyl peroxide、94-36-0.xml,94-36-0,过氧化苯甲酰,4532
casNumber,过氧化苯甲酸叔戊酯[含量≤100%]、tert-amyl peroxybenzoate (not more than 100%)、4511-39-1.xml,4511-39-1,过氧化苯甲酸叔戊酯[含量≤100%],4528
casNumber,过氧化邻苯二甲酸叔丁酯、tert-butyl monoperoxy phthalate、15042-77-0.xml,15042-77-0,过氧化邻苯二甲酸叔丁酯,4552
casNumber,过氧化钙、calcium peroxide、1305-79-9.xml,1305-79-9,过氧化钙,4544
casNumber,过氧化钠、sodium peroxide、1313-60-6.xml,1313-60-6,过氧化钠,4554
casNumber,过氧化钡、barium peroxide、1304-29-6.xml,1304-29-6,过氧化钡,4527
casNumber,过氧化钾、potassium peroxide、17014-71-0.xml,17014-71-0,过氧化钾,4550
casNumber,过氧化锂、Lithium peroxide、12031-80-0.xml,12031-80-0,过氧化锂,4551
casNumber,过氧化锌、zinc peroxide、1314-22-3.xml,1314-22-3,过氧化锌,4566
casNumber,过氧化锶、strontium peroxide、1314-18-7.xml,1314-18-7,过氧化锶,4564
casNumber,过氧化镁、Magnesium peroxide、1335-26-8.xml,1335-26-8,过氧化镁,4553
casNumber,"过氧异丙基碳酸叔丁酯[含量≤77%,含A型稀释剂≥23%]、tert-butylperoxy isopropylcarbonate (not more than 77%, and diluent type A not less than 23%)、2372-21-6.xml",2372-21-6,"过氧异丙基碳酸叔丁酯[含量≤77%,含A型稀释剂≥23%]",4574
casNumber,"过氧新戊酸枯酯[含量≤77%,含B型稀释剂≥23%]、cumyl peroxypivalate (not more than 77%, and diluent type B not less than 23%)、23383-59-7.xml",23383-59-7,"过氧新戊酸枯酯[含量≤77%,含B型稀释剂≥23%]",4573
casNumber,"过氧新癸酸枯酯[含量≤52%,在水中稳定弥散]、cumyl peroxyneodecanoate (not more than 52% as a stable dispersion in water)、26748-47-0.xml",26748-47-0,"过氧新癸酸枯酯[含量≤52%,在水中稳定弥散]",4572
casNumber,"过氧苯甲酸叔丁酯[52%＜含量≤77%,含A型稀释剂≥23%] 、tert-butyl peroxybenzoate (more than 52% but not more than 77%,and diluent type A not less than 23%) 、614-45-9.xml",614-45-9,"过氧苯甲酸叔丁酯[52%＜含量≤77%,含A型稀释剂≥23%]",4525
casNumber,过氧重碳酸二仲丁酯[52%＜含量＜100%]、di-sec-butyl peroxydicarbonate (more than 52%)、19910-65-7.xml,19910-65-7,过氧重碳酸二仲丁酯[52%＜含量＜100%],4576
casNumber,过氧重碳酸二环己酯[91%＜含量≤100%]、dicyclohexyl peroxydicarbonate (more than 91%)、1561-49-5.xml,1561-49-5,过氧重碳酸二环己酯[91%＜含量≤100%],4575
casNumber,过氯酰氟、Perchloryl fluoride、7616-94-6.xml,7616-94-6,过氯酰氟,4519
casNumber,过甲酸、performic acid、107-32-4.xml,107-32-4,过甲酸,4517
casNumber,过硫酸钠、sodium persulfate、7775-27-1.xml,7775-27-1,过硫酸钠,4518
productName,过硼酸钠、Sodium perborate、11138-47-9.xml,11138-47-9,过硼酸钠,4520
casNumber,过硼酸钠、Sodium perborate、15120-21-5.xml,15120-21-5,过硼酸钠,4520
productName,过硼酸钠、Sodium perborate、7632-04-4.xml,7632-04-4,过硼酸钠,4520
casNumber,连二亚硫酸钙、calcium dithionite、15512-36-4.xml,15512-36-4,连二亚硫酸钙,4717
casNumber,连二亚硫酸钠、sodium hyposulfite、7775-14-6.xml,7775-14-6,连二亚硫酸钠,4719
casNumber,连二亚硫酸钾、potassium dithionite、14293-73-3.xml,14293-73-3,连二亚硫酸钾,4718
casNumber,连二亚硫酸锌、zinc dithionite、7779-86-4.xml,7779-86-4,连二亚硫酸锌,4720
casNumber,迭氮银、Silver azide、13863-88-2.xml,13863-88-2,迭氮银,4178
casNumber,迷迭香油、Rosemary oil、8000-25-7.xml,8000-25-7,迷迭香油,4942
casNumber,邻异丙基苯酚、O-Isopropylphenol、88-69-7.xml,88-69-7,邻异丙基苯酚,4739
casNumber,邻氨基苯硫酚、o-Aminobenzenethiol、137-07-5.xml,137-07-5,邻氨基苯硫酚,4725
casNumber,邻氯苯甲酸、o-Chlorobenzoic acid、118-91-2.xml,118-91-2,邻氯苯甲酸,4734
casNumber,邻甲基环己酮、o-Methylcyclohexanone、583-60-8.xml,583-60-8,邻甲基环己酮,4733
casNumber,邻甲基环己醇、O-Methylcyclohexanol、583-59-5.xml,583-59-5,邻甲基环己醇,4732
casNumber,邻甲苯磺酰氯、o-toluene sulfonyl chloride、133-59-5.xml,133-59-5,邻甲苯磺酰氯,4731
casNumber,邻硝基乙苯、o-nitroethylbenzene、612-22-6.xml,612-22-6,邻硝基乙苯,4738
casNumber,邻硝基苯甲酸、o-Nitrobenzoic acid、552-16-9.xml,552-16-9,邻硝基苯甲酸,4737
casNumber,邻硝基苯磺酸、o-nitrobenzenesulphonic acid、80-82-0.xml,80-82-0,邻硝基苯磺酸,4736
casNumber,邻硝基苯酚钾、potassium o-nitrophenolate、824-38-4.xml,824-38-4,邻硝基苯酚钾,4735
casNumber,邻苯二甲酰亚胺、o-Phthalimide、85-41-6.xml,85-41-6,邻苯二甲酰亚胺,4730
casNumber,邻苯二甲酰氯、o-phthaloyl chloride、88-95-9.xml,88-95-9,邻苯二甲酰氯,4729
casNumber,邻苯二甲酸二异丁酯、diisobutyl phthalate、84-69-5.xml,84-69-5,邻苯二甲酸二异丁酯,4727
casNumber,邻苯二甲酸苯胺、aniline o-phthalate、50930-79-5.xml,50930-79-5,邻苯二甲酸苯胺,4726
casNumber,邻苯二甲酸酐[含马来酸酐大于0.05%]、phthalic anhydride with more than 0.05% of maleic anhydride、85-44-9.xml,85-44-9,邻苯二甲酸酐[含马来酸酐大于0.05%],4728
casNumber,酒石酸化烟碱、nicotine tartrate、65-31-6.xml,65-31-6,酒石酸化烟碱,4701
casNumber,酒石酸锑钾、antimony potassium tartrate、28300-74-5.xml,28300-74-5,酒石酸锑钾,4702
casNumber,酚醛树脂、phenolic resin、9003-35-4.xml,9003-35-4,酚醛树脂,4414
casNumber,酸式硫酸三乙基锡、triethyltin hydrogen sulfate、57875-67-9.xml,57875-67-9,酸式硫酸三乙基锡,5328
casNumber,醋酸三丁基锡、tributyltin acetate、56-36-0.xml,56-36-0,醋酸三丁基锡,4139
casNumber,重氮乙酸乙酯、Ethyl diazoacetate、623-73-4.xml,623-73-4,重氮乙酸乙酯,5856
casNumber,重氮氨基苯、Diazoaraino benzene、136-35-6.xml,136-35-6,重氮氨基苯,5854
casNumber,重氮甲烷、diazomethane、334-88-3.xml,334-88-3,重氮甲烷,5855
casNumber,重铬酸钠、sodium dichromate、10588-01-9.xml,10588-01-9,重铬酸钠,5861
casNumber,重铬酸钡、Barium dichromate、13477-01-5.xml,13477-01-5,重铬酸钡,5858
casNumber,重铬酸钾、potassium dichromate、7778-50-9.xml,7778-50-9,重铬酸钾,5859
casNumber,重铬酸铜、copper dichromate、13675-47-3.xml,13675-47-3,重铬酸铜,5863
casNumber,重铬酸铯、cesium dichromate、13530-67-1.xml,13530-67-1,重铬酸铯,5862
productName,重铬酸铵、ammonium dichromate、7789-09-5.xml,7789-09-5,重铬酸铵,5857
casNumber,重铬酸银、silver dichromate、7784-02-3.xml,7784-02-3,重铬酸银,5865
casNumber,重铬酸锂、lithium dichromate、13843-81-7.xml,13843-81-7,重铬酸锂,5860
casNumber,重铬酸锌、zinc dichromate、14018-95-2.xml,14018-95-2,重铬酸锌,5864
casNumber,金属钕[浸在煤油中的]、Neodymium、7440-00-8.xml,7440-00-8,金属钕[浸在煤油中的],4693
casNumber,"金属钛粉[含水不低于25%机械方法生产的,粒径小于53微米；化学方法生产的,粒径小于840微米]、titanium metal pellet、7440-32-6.xml",7440-32-6,"金属钛粉[含水不低于25%机械方法生产的,粒径小于53微米；化学方法生产的,粒径小于840微米]",4698
casNumber,"金属铈[浸在煤油中的]、cerium, metal (suspended in kerosene)、7440-45-1.xml",7440-45-1,金属铈[浸在煤油中的],4696
casNumber,金属铪粉、Hafnium、7440-58-6.xml,7440-58-6,金属铪粉,4690
casNumber,金属铯、cesium、7440-46-2.xml,7440-46-2,金属铯,4695
casNumber,金属铷、rubidium、7440-17-7.xml,7440-17-7,金属铷,4694
casNumber,金属锆、zirconium、7440-67-7.xml,7440-67-7,金属锆,4689
casNumber,金属锰粉[含水≥25%]、manganese metal powder(water not less than 25%)、7439-96-5.xml,7439-96-5,金属锰粉[含水≥25%],4692
casNumber,金属锶、strontium、7440-24-6.xml,7440-24-6,金属锶,4697
casNumber,"金属镧[浸在煤油中的]、lanthanum,metal(suspended in kerosene)、7439-91-0.xml",7439-91-0,金属镧[浸在煤油中的],4691
casNumber,钍、Thorium、7440-29-1.xml,7440-29-1,钍,5356
casNumber,钒酸钾、potassium vanadate、14293-78-8.xml,14293-78-8,钒酸钾,4408
casNumber,钒酸铵钠、sodium ammonium vanadate、12055-09-3.xml,12055-09-3,钒酸铵钠,4407
casNumber,钙、calcium、7440-70-2.xml,7440-70-2,钙,4467
casNumber,钛酸四乙酯、tetraethyl titanate、3087-36-3.xml,3087-36-3,钛酸四乙酯,5330
casNumber,钛酸四异丙酯、tetraisopropyl titanate、546-68-9.xml,546-68-9,钛酸四异丙酯,5331
casNumber,钛酸四正丙酯、tetrapropylorthotitanate、3087-37-4.xml,3087-37-4,钛酸四正丙酯,5332
casNumber,钠、sodium、7440-23-5.xml,7440-23-5,钠,4946
casNumber,"钠石灰[含氢氧化钠＞4%]、soda lime,with more than 4％ sodium hydroxide、8006-28-8.xml",8006-28-8,钠石灰[含氢氧化钠＞4%],4947
casNumber,钡、barium、7440-39-3.xml,7440-39-3,钡,4034
casNumber,钾、potassium、7440-09-7.xml,7440-09-7,钾,4673
casNumber,钾汞齐、potassium amalgam、37340-23-1.xml,37340-23-1,钾汞齐,4674
casNumber,钾钠合金、potassium sodium alloy、11135-81-2.xml,11135-81-2,钾钠合金,4675
casNumber,铁铈齐、ferrocerium、69523-06-4.xml,69523-06-4,铁铈齐,5353
casNumber,铊、thallium、7440-28-0.xml,7440-28-0,铊,5329
casNumber,铍粉、beryllium powder、7440-41-7.xml,7440-41-7,铍粉,4964
casNumber,"铜乙二胺溶液、cupriethylenediamine,solution、13426-91-0.xml",13426-91-0,铜乙二胺溶液,5354
casNumber,铝粉、aluminium powder、7429-90-5.xml,7429-90-5,铝粉,4836
casNumber,"铝酸钠[固体]、sodium aluminate,solid、1302-42-7.xml",1302-42-7,铝酸钠[固体],4837
casNumber,铬硫酸、chromosulphuric acid、65272-71-1.xml,65272-71-1,铬硫酸,4485
casNumber,铬酸叔丁酯四氯化碳溶液、tert-butyl chromate solution in carbon tetrachloride、1189-85-1.xml,1189-85-1,铬酸叔丁酯四氯化碳溶液,4491
casNumber,铬酸溶液、Chromic acid、7738-94-5.xml,7738-94-5,铬酸溶液,4490
casNumber,铬酸钠、Disodium chromate、7775-11-3.xml,7775-11-3,铬酸钠,4487
casNumber,铬酸钾、Dipotassium chromate、7789-00-6.xml,7789-00-6,铬酸钾,4486
casNumber,铬酸铅、Lead chromate、7758-97-6.xml,7758-97-6,铬酸铅,4489
casNumber,铬酸铍、beryllium chromate、14216-88-7.xml,14216-88-7,铬酸铍,4488
casNumber,锂、lithium、7439-93-2.xml,7439-93-2,锂,4716
casNumber,锌尘、zinc dust、7440-66-6.xml,7440-66-6,锌尘,5495
casNumber,锑化氢、antimonous hydride、7803-52-3.xml,7803-52-3,锑化氢,5348
casNumber,锑粉、antimony powder、7440-36-0.xml,7440-36-0,锑粉,5347
casNumber,锗烷、Germanium hydride、7782-65-2.xml,7782-65-2,锗烷,5801
casNumber,"镁合金[片状、带状或条状,含镁＞50%]、magnesium alloy(pellet,turning or ribbon),with more than 50% magnesium、7439-95-4.xml",7439-95-4,"镁合金[片状、带状或条状,含镁＞50%]",4941
casNumber,镉[非发火的]、cadmium(non-pyrophoric)、7440-43-9.xml,7440-43-9,镉[非发火的],4484
casNumber,镍、nickel、7440-02-0.xml,7440-02-0,镍,4952
casNumber,镓、Gallium、7440-55-3.xml,7440-55-3,镓,4626
casNumber,镰刀菌酮X、fusarenon-x、23255-69-8.xml,23255-69-8,镰刀菌酮X,4724
casNumber,间异丙基苯酚、m-Isopropylphenol、618-45-1.xml,618-45-1,间异丙基苯酚,4682
casNumber,间氯苯甲酸、m-chlorobenzoic acid、535-80-8.xml,535-80-8,间氯苯甲酸,4680
casNumber,间甲基环己醇、m-Methylcyclohexanol、591-23-1.xml,591-23-1,间甲基环己醇,4678
casNumber,间甲氧基苯甲酰氯、m-Anisoyl chloride、1711-05-3.xml,1711-05-3,间甲氧基苯甲酰氯,4679
casNumber,间硝基苯磺酸、m-Nitrobenzenesulfonic acid、98-47-5.xml,98-47-5,间硝基苯磺酸,4681
casNumber,间苯三酚、m-trihydroxybenzene、108-73-6.xml,108-73-6,间苯三酚,4677
casNumber,间苯二甲酰氯、m-Phthaloyl chloride、99-63-8.xml,99-63-8,间苯二甲酰氯,4676
casNumber,阿片、opium、8008-60-4.xml,8008-60-4,阿片,4012
casNumber,"雷汞[湿的,按质量含水或乙醇和水的混合物不低于20％]、mercuric fulminate,wetted with not less than20%water, or mixture of alcohol andwater, by mass、628-86-4.xml",628-86-4,"雷汞[湿的,按质量含水或乙醇和水的混合物不低于20％]",4715
casNumber,风梨醛、Propylene caproate、123-68-2.xml,123-68-2,风梨醛,4415
casNumber,马来酸二丁酯、Dibutyl maleate、105-76-0.xml,105-76-0,马来酸二丁酯,4932
casNumber,马来酸二正丙酯、Di-n-propyl maleate、2432-63-5.xml,2432-63-5,马来酸二正丙酯,4934
casNumber,马来酸二烯丙酯、Diallyl maleate、999-21-3.xml,999-21-3,马来酸二烯丙酯,4933
casNumber,马来酸酐、maleic anhydride、108-31-6.xml,108-31-6,马来酸酐,4935
casNumber,高氯酸钙、calcium perchlorate、13477-36-6.xml,13477-36-6,高氯酸钙,4473
casNumber,高氯酸钠、sodium perchlorate、7601-89-0.xml,7601-89-0,高氯酸钠,4476
casNumber,高氯酸铅、lead perchlorate、13637-76-8.xml,13637-76-8,高氯酸铅,4477
casNumber,高氯酸银、silver perchlorate、7783-93-9.xml,7783-93-9,高氯酸银,4478
casNumber,高氯酸镁、magnesium perchlorate、10034-81-8.xml,10034-81-8,高氯酸镁,4475
casNumber,高碘酸、periodic acid、10450-60-9.xml,10450-60-9,高碘酸,4470
casNumber,高碘酸钠、sodium periodate、7790-28-5.xml,7790-28-5,高碘酸钠,4472
casNumber,高碘酸钡、barium periodate、13718-58-6.xml,13718-58-6,高碘酸钡,4471
casNumber,高碘酸钾、potassium periodate、7790-21-8.xml,7790-21-8,高碘酸钾,4967
casNumber,高锰酸钙、calcium permanganate、10118-76-0.xml,10118-76-0,高锰酸钙,4480
casNumber,高锰酸钠、sodium permanganate、10101-50-5.xml,10101-50-5,高锰酸钠,4482
casNumber,高锰酸钡、Barium permanganate、7787-36-2.xml,7787-36-2,高锰酸钡,4479
casNumber,高锰酸钾、potassium permanganate、7722-64-7.xml,7722-64-7,高锰酸钾,4481
casNumber,高锰酸银、silver permanganate、7783-98-4.xml,7783-98-4,高锰酸银,4483
